season,number_in_season,episode_id,character,word_count,image
1,1,1,Bart,337.0,https://img.icons8.com/doodle/48/bart-simpson.png
1,1,1,Flanders,103.0,https://img.icons8.com/doodle/48/ned-flanders.png
1,1,1,Grampa,4.0,https://img.icons8.com/doodle/48/abraham-simpson.png
1,1,1,Homer,909.0,https://img.icons8.com/doodle/48/homer-simpson.png
1,1,1,Lisa,223.0,https://img.icons8.com/doodle/48/lisa-simpson.png
1,1,1,Marge,371.0,https://img.icons8.com/doodle/48/marge-simpson.png
1,1,1,Milhouse,19.0,https://img.icons8.com/doodle/48/milhouse-van-houten.png
1,1,1,Moe,26.0,https://img.icons8.com/doodle/48/bartender-mo.png
1,1,1,Mr. Burns,46.0,https://img.icons8.com/doodle/48/charles-montgomery-burns.png
1,2,2,Bart,631.0,https://img.icons8.com/doodle/48/bart-simpson.png
1,2,2,Homer,539.0,https://img.icons8.com/doodle/48/homer-simpson.png
1,2,2,Lisa,71.0,https://img.icons8.com/doodle/48/lisa-simpson.png
1,2,2,Marge,173.0,https://img.icons8.com/doodle/48/marge-simpson.png
1,2,2,Milhouse,9.0,https://img.icons8.com/doodle/48/milhouse-van-houten.png
1,3,3,Bart,209.0,https://img.icons8.com/doodle/48/bart-simpson.png
1,3,3,Chief Wiggum,34.0,https://img.icons8.com/doodle/48/clancy-wiggum.png
1,3,3,Homer,849.0,https://img.icons8.com/doodle/48/homer-simpson.png
1,3,3,Lisa,54.0,https://img.icons8.com/doodle/48/lisa-simpson.png
1,3,3,Marge,138.0,https://img.icons8.com/doodle/48/marge-simpson.png
1,3,3,Moe,80.0,https://img.icons8.com/doodle/48/bartender-mo.png
1,3,3,Mr. Burns,182.0,https://img.icons8.com/doodle/48/charles-montgomery-burns.png
1,4,4,Bart,189.0,https://img.icons8.com/doodle/48/bart-simpson.png
1,4,4,Homer,874.0,https://img.icons8.com/doodle/48/homer-simpson.png
1,4,4,Lisa,151.0,https://img.icons8.com/doodle/48/lisa-simpson.png
1,4,4,Marge,333.0,https://img.icons8.com/doodle/48/marge-simpson.png
1,4,4,Moe,31.0,https://img.icons8.com/doodle/48/bartender-mo.png
1,4,4,Mr. Burns,203.0,https://img.icons8.com/doodle/48/charles-montgomery-burns.png
1,5,5,Bart,796.0,https://img.icons8.com/doodle/48/bart-simpson.png
1,5,5,Grampa,299.0,https://img.icons8.com/doodle/48/abraham-simpson.png
1,5,5,Homer,387.0,https://img.icons8.com/doodle/48/homer-simpson.png
1,5,5,Lisa,225.0,https://img.icons8.com/doodle/48/lisa-simpson.png
1,5,5,Marge,141.0,https://img.icons8.com/doodle/48/marge-simpson.png
1,5,5,Milhouse,29.0,https://img.icons8.com/doodle/48/milhouse-van-houten.png
1,6,6,Bart,400.0,https://img.icons8.com/doodle/48/bart-simpson.png
1,6,6,Homer,588.0,https://img.icons8.com/doodle/48/homer-simpson.png
1,6,6,Lisa,340.0,https://img.icons8.com/doodle/48/lisa-simpson.png
1,6,6,Marge,394.0,https://img.icons8.com/doodle/48/marge-simpson.png
1,6,6,Moe,51.0,https://img.icons8.com/doodle/48/bartender-mo.png
1,7,7,Bart,179.0,https://img.icons8.com/doodle/48/bart-simpson.png
1,7,7,Flanders,34.0,https://img.icons8.com/doodle/48/ned-flanders.png
1,7,7,Homer,771.0,https://img.icons8.com/doodle/48/homer-simpson.png
1,7,7,Lisa,68.0,https://img.icons8.com/doodle/48/lisa-simpson.png
1,7,7,Marge,191.0,https://img.icons8.com/doodle/48/marge-simpson.png
1,8,8,Bart,560.0,https://img.icons8.com/doodle/48/bart-simpson.png
1,8,8,Chief Wiggum,27.0,https://img.icons8.com/doodle/48/clancy-wiggum.png
1,8,8,Grampa,30.0,https://img.icons8.com/doodle/48/abraham-simpson.png
1,8,8,Homer,502.0,https://img.icons8.com/doodle/48/homer-simpson.png
1,8,8,Krusty,70.0,https://img.icons8.com/doodle/48/krusty-the-clown.png
1,8,8,Lisa,54.0,https://img.icons8.com/doodle/48/lisa-simpson.png
1,8,8,Marge,276.0,https://img.icons8.com/doodle/48/marge-simpson.png
1,8,8,Milhouse,6.0,https://img.icons8.com/doodle/48/milhouse-van-houten.png
1,8,8,Moe,27.0,https://img.icons8.com/doodle/48/bartender-mo.png
1,8,8,Mr. Burns,25.0,https://img.icons8.com/doodle/48/charles-montgomery-burns.png
1,9,9,Bart,294.0,https://img.icons8.com/doodle/48/bart-simpson.png
1,9,9,Homer,506.0,https://img.icons8.com/doodle/48/homer-simpson.png
1,9,9,Lenny,19.0,https://static.simpsonswiki.com/images/6/6f/Tapped_Out_Lenny_Icon.png
1,9,9,Lisa,205.0,https://img.icons8.com/doodle/48/lisa-simpson.png
1,9,9,Marge,526.0,https://img.icons8.com/doodle/48/marge-simpson.png
1,10,10,Bart,261.0,https://img.icons8.com/doodle/48/bart-simpson.png
1,10,10,Homer,841.0,https://img.icons8.com/doodle/48/homer-simpson.png
1,10,10,Lenny,11.0,https://static.simpsonswiki.com/images/6/6f/Tapped_Out_Lenny_Icon.png
1,10,10,Lisa,34.0,https://img.icons8.com/doodle/48/lisa-simpson.png
1,10,10,Marge,313.0,https://img.icons8.com/doodle/48/marge-simpson.png
1,10,10,Milhouse,24.0,https://img.icons8.com/doodle/48/milhouse-van-houten.png
1,10,10,Moe,19.0,https://img.icons8.com/doodle/48/bartender-mo.png
1,10,10,Mr. Burns,194.0,https://img.icons8.com/doodle/48/charles-montgomery-burns.png
1,11,11,Bart,391.0,https://img.icons8.com/doodle/48/bart-simpson.png
1,11,11,Homer,565.0,https://img.icons8.com/doodle/48/homer-simpson.png
1,11,11,Lenny,11.0,https://static.simpsonswiki.com/images/6/6f/Tapped_Out_Lenny_Icon.png
1,11,11,Lisa,119.0,https://img.icons8.com/doodle/48/lisa-simpson.png
1,11,11,Marge,335.0,https://img.icons8.com/doodle/48/marge-simpson.png
1,11,11,Milhouse,18.0,https://img.icons8.com/doodle/48/milhouse-van-houten.png
1,12,12,Apu,101.0,https://static.simpsonswiki.com/images/0/08/Tapped_Out_Apu_Icon_-_Happy.png
1,12,12,Bart,395.0,https://img.icons8.com/doodle/48/bart-simpson.png
1,12,12,Chief Wiggum,71.0,https://img.icons8.com/doodle/48/clancy-wiggum.png
1,12,12,Homer,285.0,https://img.icons8.com/doodle/48/homer-simpson.png
1,12,12,Krusty,304.0,https://img.icons8.com/doodle/48/krusty-the-clown.png
1,12,12,Lisa,183.0,https://img.icons8.com/doodle/48/lisa-simpson.png
1,12,12,Marge,110.0,https://img.icons8.com/doodle/48/marge-simpson.png
1,13,13,Bart,260.0,https://img.icons8.com/doodle/48/bart-simpson.png
1,13,13,Homer,588.0,https://img.icons8.com/doodle/48/homer-simpson.png
1,13,13,Lisa,156.0,https://img.icons8.com/doodle/48/lisa-simpson.png
1,13,13,Marge,379.0,https://img.icons8.com/doodle/48/marge-simpson.png
1,13,13,Moe,209.0,https://img.icons8.com/doodle/48/bartender-mo.png
2,1,14,Bart,1067.0,https://img.icons8.com/doodle/48/bart-simpson.png
2,1,14,Homer,174.0,https://img.icons8.com/doodle/48/homer-simpson.png
2,1,14,Lisa,86.0,https://img.icons8.com/doodle/48/lisa-simpson.png
2,1,14,Marge,138.0,https://img.icons8.com/doodle/48/marge-simpson.png
2,1,14,Milhouse,10.0,https://img.icons8.com/doodle/48/milhouse-van-houten.png
2,1,14,Mr. Burns,21.0,https://img.icons8.com/doodle/48/charles-montgomery-burns.png
2,2,15,Bart,29.0,https://img.icons8.com/doodle/48/bart-simpson.png
2,2,15,Homer,804.0,https://img.icons8.com/doodle/48/homer-simpson.png
2,2,15,Lenny,72.0,https://static.simpsonswiki.com/images/6/6f/Tapped_Out_Lenny_Icon.png
2,2,15,Lisa,22.0,https://img.icons8.com/doodle/48/lisa-simpson.png
2,2,15,Marge,158.0,https://img.icons8.com/doodle/48/marge-simpson.png
2,2,15,Milhouse,2.0,https://img.icons8.com/doodle/48/milhouse-van-houten.png
2,2,15,Mr. Burns,456.0,https://img.icons8.com/doodle/48/charles-montgomery-burns.png
2,3,16,Bart,237.0,https://img.icons8.com/doodle/48/bart-simpson.png
2,3,16,Homer,618.0,https://img.icons8.com/doodle/48/homer-simpson.png
2,3,16,Lisa,339.0,https://img.icons8.com/doodle/48/lisa-simpson.png
2,3,16,Marge,382.0,https://img.icons8.com/doodle/48/marge-simpson.png
2,4,17,Bart,65.0,https://img.icons8.com/doodle/48/bart-simpson.png
2,4,17,Grampa,30.0,https://img.icons8.com/doodle/48/abraham-simpson.png
2,4,17,Homer,538.0,https://img.icons8.com/doodle/48/homer-simpson.png
2,4,17,Lisa,143.0,https://img.icons8.com/doodle/48/lisa-simpson.png
2,4,17,Marge,220.0,https://img.icons8.com/doodle/48/marge-simpson.png
2,4,17,Moe,11.0,https://img.icons8.com/doodle/48/bartender-mo.png
2,4,17,Mr. Burns,1000.0,https://img.icons8.com/doodle/48/charles-montgomery-burns.png
2,5,18,Bart,152.0,https://img.icons8.com/doodle/48/bart-simpson.png
2,5,18,Homer,1002.0,https://img.icons8.com/doodle/48/homer-simpson.png
2,5,18,Lisa,172.0,https://img.icons8.com/doodle/48/lisa-simpson.png
2,5,18,Marge,205.0,https://img.icons8.com/doodle/48/marge-simpson.png
2,5,18,Milhouse,22.0,https://img.icons8.com/doodle/48/milhouse-van-houten.png
2,5,18,Moe,22.0,https://img.icons8.com/doodle/48/bartender-mo.png
2,5,18,Mr. Burns,236.0,https://img.icons8.com/doodle/48/charles-montgomery-burns.png
2,6,19,Bart,234.0,https://img.icons8.com/doodle/48/bart-simpson.png
2,6,19,Flanders,740.0,https://img.icons8.com/doodle/48/ned-flanders.png
2,6,19,Homer,947.0,https://img.icons8.com/doodle/48/homer-simpson.png
2,6,19,Lisa,332.0,https://img.icons8.com/doodle/48/lisa-simpson.png
2,6,19,Marge,205.0,https://img.icons8.com/doodle/48/marge-simpson.png
2,7,20,Bart,518.0,https://img.icons8.com/doodle/48/bart-simpson.png
2,7,20,Grampa,85.0,https://img.icons8.com/doodle/48/abraham-simpson.png
2,7,20,Homer,422.0,https://img.icons8.com/doodle/48/homer-simpson.png
2,7,20,Lisa,337.0,https://img.icons8.com/doodle/48/lisa-simpson.png
2,7,20,Marge,302.0,https://img.icons8.com/doodle/48/marge-simpson.png
2,7,20,Mr. Burns,34.0,https://img.icons8.com/doodle/48/charles-montgomery-burns.png
2,8,21,Bart,357.0,https://img.icons8.com/doodle/48/bart-simpson.png
2,8,21,Flanders,30.0,https://img.icons8.com/doodle/48/ned-flanders.png
2,8,21,Homer,520.0,https://img.icons8.com/doodle/48/homer-simpson.png
2,8,21,Lisa,135.0,https://img.icons8.com/doodle/48/lisa-simpson.png
2,8,21,Marge,149.0,https://img.icons8.com/doodle/48/marge-simpson.png
2,8,21,Milhouse,38.0,https://img.icons8.com/doodle/48/milhouse-van-houten.png
2,8,21,Moe,11.0,https://img.icons8.com/doodle/48/bartender-mo.png
2,9,22,Bart,102.0,https://img.icons8.com/doodle/48/bart-simpson.png
2,9,22,Flanders,31.0,https://img.icons8.com/doodle/48/ned-flanders.png
2,9,22,Homer,326.0,https://img.icons8.com/doodle/48/homer-simpson.png
2,9,22,Krusty,94.0,https://img.icons8.com/doodle/48/krusty-the-clown.png
2,9,22,Lisa,90.0,https://img.icons8.com/doodle/48/lisa-simpson.png
2,9,22,Marge,673.0,https://img.icons8.com/doodle/48/marge-simpson.png
2,9,22,Milhouse,12.0,https://img.icons8.com/doodle/48/milhouse-van-houten.png
2,10,23,Bart,193.0,https://img.icons8.com/doodle/48/bart-simpson.png
2,10,23,Homer,535.0,https://img.icons8.com/doodle/48/homer-simpson.png
2,10,23,Lenny,9.0,https://static.simpsonswiki.com/images/6/6f/Tapped_Out_Lenny_Icon.png
2,10,23,Lisa,35.0,https://img.icons8.com/doodle/48/lisa-simpson.png
2,10,23,Marge,467.0,https://img.icons8.com/doodle/48/marge-simpson.png
2,10,23,Moe,55.0,https://img.icons8.com/doodle/48/bartender-mo.png
2,10,23,Mr. Burns,534.0,https://img.icons8.com/doodle/48/charles-montgomery-burns.png
2,11,24,Bart,162.0,https://img.icons8.com/doodle/48/bart-simpson.png
2,11,24,Chief Wiggum,15.0,https://img.icons8.com/doodle/48/clancy-wiggum.png
2,11,24,Flanders,58.0,https://img.icons8.com/doodle/48/ned-flanders.png
2,11,24,Grampa,67.0,https://img.icons8.com/doodle/48/abraham-simpson.png
2,11,24,Homer,1215.0,https://img.icons8.com/doodle/48/homer-simpson.png
2,11,24,Lisa,138.0,https://img.icons8.com/doodle/48/lisa-simpson.png
2,11,24,Marge,225.0,https://img.icons8.com/doodle/48/marge-simpson.png
2,11,24,Moe,56.0,https://img.icons8.com/doodle/48/bartender-mo.png
2,11,24,Mr. Burns,41.0,https://img.icons8.com/doodle/48/charles-montgomery-burns.png
2,12,25,Bart,71.0,https://img.icons8.com/doodle/48/bart-simpson.png
2,12,25,Grampa,101.0,https://img.icons8.com/doodle/48/abraham-simpson.png
2,12,25,Homer,993.0,https://img.icons8.com/doodle/48/homer-simpson.png
2,12,25,Lisa,66.0,https://img.icons8.com/doodle/48/lisa-simpson.png
2,12,25,Marge,585.0,https://img.icons8.com/doodle/48/marge-simpson.png
2,13,26,Apu,79.0,https://static.simpsonswiki.com/images/0/08/Tapped_Out_Apu_Icon_-_Happy.png
2,13,26,Bart,214.0,https://img.icons8.com/doodle/48/bart-simpson.png
2,13,26,Flanders,80.0,https://img.icons8.com/doodle/48/ned-flanders.png
2,13,26,Homer,779.0,https://img.icons8.com/doodle/48/homer-simpson.png
2,13,26,Lenny,24.0,https://static.simpsonswiki.com/images/6/6f/Tapped_Out_Lenny_Icon.png
2,13,26,Lisa,213.0,https://img.icons8.com/doodle/48/lisa-simpson.png
2,13,26,Marge,235.0,https://img.icons8.com/doodle/48/marge-simpson.png
2,13,26,Milhouse,4.0,https://img.icons8.com/doodle/48/milhouse-van-houten.png
2,13,26,Moe,30.0,https://img.icons8.com/doodle/48/bartender-mo.png
2,13,26,Mr. Burns,149.0,https://img.icons8.com/doodle/48/charles-montgomery-burns.png
2,14,27,Apu,35.0,https://static.simpsonswiki.com/images/0/08/Tapped_Out_Apu_Icon_-_Happy.png
2,14,27,Bart,106.0,https://img.icons8.com/doodle/48/bart-simpson.png
2,14,27,Homer,338.0,https://img.icons8.com/doodle/48/homer-simpson.png
2,14,27,Lisa,49.0,https://img.icons8.com/doodle/48/lisa-simpson.png
2,14,27,Marge,227.0,https://img.icons8.com/doodle/48/marge-simpson.png
2,14,27,Milhouse,5.0,https://img.icons8.com/doodle/48/milhouse-van-houten.png
2,14,27,Moe,88.0,https://img.icons8.com/doodle/48/bartender-mo.png
2,15,28,Bart,116.0,https://img.icons8.com/doodle/48/bart-simpson.png
2,15,28,Grampa,239.0,https://img.icons8.com/doodle/48/abraham-simpson.png
2,15,28,Homer,951.0,https://img.icons8.com/doodle/48/homer-simpson.png
2,15,28,Lisa,147.0,https://img.icons8.com/doodle/48/lisa-simpson.png
2,15,28,Marge,112.0,https://img.icons8.com/doodle/48/marge-simpson.png
2,16,29,Apu,11.0,https://static.simpsonswiki.com/images/0/08/Tapped_Out_Apu_Icon_-_Happy.png
2,16,29,Bart,323.0,https://img.icons8.com/doodle/48/bart-simpson.png
2,16,29,Flanders,104.0,https://img.icons8.com/doodle/48/ned-flanders.png
2,16,29,Homer,523.0,https://img.icons8.com/doodle/48/homer-simpson.png
2,16,29,Krusty,22.0,https://img.icons8.com/doodle/48/krusty-the-clown.png
2,16,29,Lenny,5.0,https://static.simpsonswiki.com/images/6/6f/Tapped_Out_Lenny_Icon.png
2,16,29,Lisa,327.0,https://img.icons8.com/doodle/48/lisa-simpson.png
2,16,29,Marge,354.0,https://img.icons8.com/doodle/48/marge-simpson.png
2,17,30,Bart,93.0,https://img.icons8.com/doodle/48/bart-simpson.png
2,17,30,Grampa,970.0,https://img.icons8.com/doodle/48/abraham-simpson.png
2,17,30,Homer,404.0,https://img.icons8.com/doodle/48/homer-simpson.png
2,17,30,Lisa,137.0,https://img.icons8.com/doodle/48/lisa-simpson.png
2,17,30,Marge,98.0,https://img.icons8.com/doodle/48/marge-simpson.png
2,17,30,Moe,48.0,https://img.icons8.com/doodle/48/bartender-mo.png
2,17,30,Mr. Burns,44.0,https://img.icons8.com/doodle/48/charles-montgomery-burns.png
2,18,31,Apu,46.0,https://static.simpsonswiki.com/images/0/08/Tapped_Out_Apu_Icon_-_Happy.png
2,18,31,Bart,111.0,https://img.icons8.com/doodle/48/bart-simpson.png
2,18,31,Homer,507.0,https://img.icons8.com/doodle/48/homer-simpson.png
2,18,31,Krusty,150.0,https://img.icons8.com/doodle/48/krusty-the-clown.png
2,18,31,Lisa,148.0,https://img.icons8.com/doodle/48/lisa-simpson.png
2,18,31,Marge,456.0,https://img.icons8.com/doodle/48/marge-simpson.png
2,18,31,Mr. Burns,398.0,https://img.icons8.com/doodle/48/charles-montgomery-burns.png
2,19,32,Bart,197.0,https://img.icons8.com/doodle/48/bart-simpson.png
2,19,32,Homer,634.0,https://img.icons8.com/doodle/48/homer-simpson.png
2,19,32,Lisa,580.0,https://img.icons8.com/doodle/48/lisa-simpson.png
2,19,32,Marge,148.0,https://img.icons8.com/doodle/48/marge-simpson.png
2,19,32,Milhouse,11.0,https://img.icons8.com/doodle/48/milhouse-van-houten.png
2,20,33,Bart,266.0,https://img.icons8.com/doodle/48/bart-simpson.png
2,20,33,Flanders,86.0,https://img.icons8.com/doodle/48/ned-flanders.png
2,20,33,Grampa,192.0,https://img.icons8.com/doodle/48/abraham-simpson.png
2,20,33,Homer,807.0,https://img.icons8.com/doodle/48/homer-simpson.png
2,20,33,Lisa,135.0,https://img.icons8.com/doodle/48/lisa-simpson.png
2,20,33,Marge,596.0,https://img.icons8.com/doodle/48/marge-simpson.png
2,20,33,Milhouse,9.0,https://img.icons8.com/doodle/48/milhouse-van-houten.png
2,20,33,Moe,2.0,https://img.icons8.com/doodle/48/bartender-mo.png
2,21,34,Apu,28.0,https://static.simpsonswiki.com/images/0/08/Tapped_Out_Apu_Icon_-_Happy.png
2,21,34,Bart,924.0,https://img.icons8.com/doodle/48/bart-simpson.png
2,21,34,Homer,215.0,https://img.icons8.com/doodle/48/homer-simpson.png
2,21,34,Lisa,127.0,https://img.icons8.com/doodle/48/lisa-simpson.png
2,21,34,Marge,208.0,https://img.icons8.com/doodle/48/marge-simpson.png
2,21,34,Milhouse,164.0,https://img.icons8.com/doodle/48/milhouse-van-houten.png
2,22,35,Bart,191.0,https://img.icons8.com/doodle/48/bart-simpson.png
2,22,35,Homer,987.0,https://img.icons8.com/doodle/48/homer-simpson.png
2,22,35,Lenny,2.0,https://static.simpsonswiki.com/images/6/6f/Tapped_Out_Lenny_Icon.png
2,22,35,Lisa,124.0,https://img.icons8.com/doodle/48/lisa-simpson.png
2,22,35,Marge,264.0,https://img.icons8.com/doodle/48/marge-simpson.png
2,22,35,Moe,68.0,https://img.icons8.com/doodle/48/bartender-mo.png
2,22,35,Mr. Burns,679.0,https://img.icons8.com/doodle/48/charles-montgomery-burns.png
3,1,36,Apu,23.0,https://static.simpsonswiki.com/images/0/08/Tapped_Out_Apu_Icon_-_Happy.png
3,1,36,Bart,539.0,https://img.icons8.com/doodle/48/bart-simpson.png
3,1,36,Chief Wiggum,10.0,https://img.icons8.com/doodle/48/clancy-wiggum.png
3,1,36,Grampa,2.0,https://img.icons8.com/doodle/48/abraham-simpson.png
3,1,36,Homer,546.0,https://img.icons8.com/doodle/48/homer-simpson.png
3,1,36,Krusty,56.0,https://img.icons8.com/doodle/48/krusty-the-clown.png
3,1,36,Lenny,7.0,https://static.simpsonswiki.com/images/6/6f/Tapped_Out_Lenny_Icon.png
3,1,36,Lisa,324.0,https://img.icons8.com/doodle/48/lisa-simpson.png
3,1,36,Marge,119.0,https://img.icons8.com/doodle/48/marge-simpson.png
3,1,36,Milhouse,8.0,https://img.icons8.com/doodle/48/milhouse-van-houten.png
3,1,36,Moe,4.0,https://img.icons8.com/doodle/48/bartender-mo.png
3,1,36,Mr. Burns,99.0,https://img.icons8.com/doodle/48/charles-montgomery-burns.png
3,2,37,Bart,143.0,https://img.icons8.com/doodle/48/bart-simpson.png
3,2,37,Homer,509.0,https://img.icons8.com/doodle/48/homer-simpson.png
3,2,37,Lenny,22.0,https://static.simpsonswiki.com/images/6/6f/Tapped_Out_Lenny_Icon.png
3,2,37,Lisa,455.0,https://img.icons8.com/doodle/48/lisa-simpson.png
3,2,37,Marge,197.0,https://img.icons8.com/doodle/48/marge-simpson.png
3,2,37,Moe,11.0,https://img.icons8.com/doodle/48/bartender-mo.png
3,2,37,Mr. Burns,17.0,https://img.icons8.com/doodle/48/charles-montgomery-burns.png
3,3,38,Bart,210.0,https://img.icons8.com/doodle/48/bart-simpson.png
3,3,38,Flanders,772.0,https://img.icons8.com/doodle/48/ned-flanders.png
3,3,38,Homer,772.0,https://img.icons8.com/doodle/48/homer-simpson.png
3,3,38,Lisa,145.0,https://img.icons8.com/doodle/48/lisa-simpson.png
3,3,38,Marge,165.0,https://img.icons8.com/doodle/48/marge-simpson.png
3,3,38,Moe,18.0,https://img.icons8.com/doodle/48/bartender-mo.png
3,3,38,Mr. Burns,186.0,https://img.icons8.com/doodle/48/charles-montgomery-burns.png
3,4,39,Bart,355.0,https://img.icons8.com/doodle/48/bart-simpson.png
3,4,39,Chief Wiggum,176.0,https://img.icons8.com/doodle/48/clancy-wiggum.png
3,4,39,Homer,216.0,https://img.icons8.com/doodle/48/homer-simpson.png
3,4,39,Lisa,44.0,https://img.icons8.com/doodle/48/lisa-simpson.png
3,4,39,Marge,135.0,https://img.icons8.com/doodle/48/marge-simpson.png
3,4,39,Milhouse,18.0,https://img.icons8.com/doodle/48/milhouse-van-houten.png
3,4,39,Mr. Burns,23.0,https://img.icons8.com/doodle/48/charles-montgomery-burns.png
3,5,40,Apu,15.0,https://static.simpsonswiki.com/images/0/08/Tapped_Out_Apu_Icon_-_Happy.png
3,5,40,Bart,272.0,https://img.icons8.com/doodle/48/bart-simpson.png
3,5,40,Chief Wiggum,7.0,https://img.icons8.com/doodle/48/clancy-wiggum.png
3,5,40,Grampa,5.0,https://img.icons8.com/doodle/48/abraham-simpson.png
3,5,40,Homer,445.0,https://img.icons8.com/doodle/48/homer-simpson.png
3,5,40,Lenny,11.0,https://static.simpsonswiki.com/images/6/6f/Tapped_Out_Lenny_Icon.png
3,5,40,Lisa,149.0,https://img.icons8.com/doodle/48/lisa-simpson.png
3,5,40,Marge,264.0,https://img.icons8.com/doodle/48/marge-simpson.png
3,5,40,Milhouse,82.0,https://img.icons8.com/doodle/48/milhouse-van-houten.png
3,5,40,Moe,31.0,https://img.icons8.com/doodle/48/bartender-mo.png
3,5,40,Mr. Burns,468.0,https://img.icons8.com/doodle/48/charles-montgomery-burns.png
3,6,41,Apu,22.0,https://static.simpsonswiki.com/images/0/08/Tapped_Out_Apu_Icon_-_Happy.png
3,6,41,Bart,490.0,https://img.icons8.com/doodle/48/bart-simpson.png
3,6,41,Chief Wiggum,11.0,https://img.icons8.com/doodle/48/clancy-wiggum.png
3,6,41,Homer,66.0,https://img.icons8.com/doodle/48/homer-simpson.png
3,6,41,Krusty,722.0,https://img.icons8.com/doodle/48/krusty-the-clown.png
3,6,41,Lisa,212.0,https://img.icons8.com/doodle/48/lisa-simpson.png
3,6,41,Marge,88.0,https://img.icons8.com/doodle/48/marge-simpson.png
3,6,41,Milhouse,28.0,https://img.icons8.com/doodle/48/milhouse-van-houten.png
3,6,41,Moe,7.0,https://img.icons8.com/doodle/48/bartender-mo.png
3,7,42,Apu,6.0,https://static.simpsonswiki.com/images/0/08/Tapped_Out_Apu_Icon_-_Happy.png
3,7,42,Bart,223.0,https://img.icons8.com/doodle/48/bart-simpson.png
3,7,42,Flanders,64.0,https://img.icons8.com/doodle/48/ned-flanders.png
3,7,42,Homer,517.0,https://img.icons8.com/doodle/48/homer-simpson.png
3,7,42,Krusty,53.0,https://img.icons8.com/doodle/48/krusty-the-clown.png
3,7,42,Lenny,14.0,https://static.simpsonswiki.com/images/6/6f/Tapped_Out_Lenny_Icon.png
3,7,42,Lisa,128.0,https://img.icons8.com/doodle/48/lisa-simpson.png
3,7,42,Marge,123.0,https://img.icons8.com/doodle/48/marge-simpson.png
3,7,42,Moe,41.0,https://img.icons8.com/doodle/48/bartender-mo.png
3,7,42,Mr. Burns,384.0,https://img.icons8.com/doodle/48/charles-montgomery-burns.png
3,8,43,Apu,251.0,https://static.simpsonswiki.com/images/0/08/Tapped_Out_Apu_Icon_-_Happy.png
3,8,43,Bart,147.0,https://img.icons8.com/doodle/48/bart-simpson.png
3,8,43,Flanders,10.0,https://img.icons8.com/doodle/48/ned-flanders.png
3,8,43,Grampa,41.0,https://img.icons8.com/doodle/48/abraham-simpson.png
3,8,43,Homer,889.0,https://img.icons8.com/doodle/48/homer-simpson.png
3,8,43,Lisa,304.0,https://img.icons8.com/doodle/48/lisa-simpson.png
3,8,43,Marge,298.0,https://img.icons8.com/doodle/48/marge-simpson.png
3,8,43,Moe,31.0,https://img.icons8.com/doodle/48/bartender-mo.png
3,8,43,Mr. Burns,113.0,https://img.icons8.com/doodle/48/charles-montgomery-burns.png
3,9,44,Bart,382.0,https://img.icons8.com/doodle/48/bart-simpson.png
3,9,44,Flanders,11.0,https://img.icons8.com/doodle/48/ned-flanders.png
3,9,44,Homer,760.0,https://img.icons8.com/doodle/48/homer-simpson.png
3,9,44,Lisa,58.0,https://img.icons8.com/doodle/48/lisa-simpson.png
3,9,44,Marge,223.0,https://img.icons8.com/doodle/48/marge-simpson.png
3,9,44,Milhouse,17.0,https://img.icons8.com/doodle/48/milhouse-van-houten.png
3,10,45,Bart,146.0,https://img.icons8.com/doodle/48/bart-simpson.png
3,10,45,Homer,546.0,https://img.icons8.com/doodle/48/homer-simpson.png
3,10,45,Krusty,7.0,https://img.icons8.com/doodle/48/krusty-the-clown.png
3,10,45,Lisa,64.0,https://img.icons8.com/doodle/48/lisa-simpson.png
3,10,45,Marge,86.0,https://img.icons8.com/doodle/48/marge-simpson.png
3,10,45,Moe,674.0,https://img.icons8.com/doodle/48/bartender-mo.png
3,11,46,Bart,159.0,https://img.icons8.com/doodle/48/bart-simpson.png
3,11,46,Grampa,4.0,https://img.icons8.com/doodle/48/abraham-simpson.png
3,11,46,Homer,498.0,https://img.icons8.com/doodle/48/homer-simpson.png
3,11,46,Lenny,61.0,https://static.simpsonswiki.com/images/6/6f/Tapped_Out_Lenny_Icon.png
3,11,46,Lisa,51.0,https://img.icons8.com/doodle/48/lisa-simpson.png
3,11,46,Marge,181.0,https://img.icons8.com/doodle/48/marge-simpson.png
3,11,46,Moe,143.0,https://img.icons8.com/doodle/48/bartender-mo.png
3,11,46,Mr. Burns,575.0,https://img.icons8.com/doodle/48/charles-montgomery-burns.png
3,12,47,Bart,89.0,https://img.icons8.com/doodle/48/bart-simpson.png
3,12,47,Grampa,33.0,https://img.icons8.com/doodle/48/abraham-simpson.png
3,12,47,Homer,1104.0,https://img.icons8.com/doodle/48/homer-simpson.png
3,12,47,Lisa,64.0,https://img.icons8.com/doodle/48/lisa-simpson.png
3,12,47,Marge,525.0,https://img.icons8.com/doodle/48/marge-simpson.png
3,12,47,Mr. Burns,70.0,https://img.icons8.com/doodle/48/charles-montgomery-burns.png
3,13,48,Apu,2.0,https://static.simpsonswiki.com/images/0/08/Tapped_Out_Apu_Icon_-_Happy.png
3,13,48,Bart,459.0,https://img.icons8.com/doodle/48/bart-simpson.png
3,13,48,Chief Wiggum,89.0,https://img.icons8.com/doodle/48/clancy-wiggum.png
3,13,48,Flanders,30.0,https://img.icons8.com/doodle/48/ned-flanders.png
3,13,48,Homer,341.0,https://img.icons8.com/doodle/48/homer-simpson.png
3,13,48,Krusty,112.0,https://img.icons8.com/doodle/48/krusty-the-clown.png
3,13,48,Lisa,133.0,https://img.icons8.com/doodle/48/lisa-simpson.png
3,13,48,Marge,211.0,https://img.icons8.com/doodle/48/marge-simpson.png
3,13,48,Milhouse,1.0,https://img.icons8.com/doodle/48/milhouse-van-houten.png
3,14,49,Bart,152.0,https://img.icons8.com/doodle/48/bart-simpson.png
3,14,49,Chief Wiggum,12.0,https://img.icons8.com/doodle/48/clancy-wiggum.png
3,14,49,Homer,843.0,https://img.icons8.com/doodle/48/homer-simpson.png
3,14,49,Krusty,24.0,https://img.icons8.com/doodle/48/krusty-the-clown.png
3,14,49,Lisa,696.0,https://img.icons8.com/doodle/48/lisa-simpson.png
3,14,49,Marge,341.0,https://img.icons8.com/doodle/48/marge-simpson.png
3,14,49,Moe,152.0,https://img.icons8.com/doodle/48/bartender-mo.png
3,15,50,Bart,81.0,https://img.icons8.com/doodle/48/bart-simpson.png
3,15,50,Chief Wiggum,147.0,https://img.icons8.com/doodle/48/clancy-wiggum.png
3,15,50,Homer,527.0,https://img.icons8.com/doodle/48/homer-simpson.png
3,15,50,Krusty,15.0,https://img.icons8.com/doodle/48/krusty-the-clown.png
3,15,50,Lisa,121.0,https://img.icons8.com/doodle/48/lisa-simpson.png
3,15,50,Marge,365.0,https://img.icons8.com/doodle/48/marge-simpson.png
3,16,51,Apu,20.0,https://static.simpsonswiki.com/images/0/08/Tapped_Out_Apu_Icon_-_Happy.png
3,16,51,Bart,400.0,https://img.icons8.com/doodle/48/bart-simpson.png
3,16,51,Flanders,329.0,https://img.icons8.com/doodle/48/ned-flanders.png
3,16,51,Homer,474.0,https://img.icons8.com/doodle/48/homer-simpson.png
3,16,51,Lisa,149.0,https://img.icons8.com/doodle/48/lisa-simpson.png
3,16,51,Marge,252.0,https://img.icons8.com/doodle/48/marge-simpson.png
3,16,51,Milhouse,18.0,https://img.icons8.com/doodle/48/milhouse-van-houten.png
3,17,52,Apu,4.0,https://static.simpsonswiki.com/images/0/08/Tapped_Out_Apu_Icon_-_Happy.png
3,17,52,Bart,85.0,https://img.icons8.com/doodle/48/bart-simpson.png
3,17,52,Chief Wiggum,46.0,https://img.icons8.com/doodle/48/clancy-wiggum.png
3,17,52,Homer,425.0,https://img.icons8.com/doodle/48/homer-simpson.png
3,17,52,Lenny,78.0,https://static.simpsonswiki.com/images/6/6f/Tapped_Out_Lenny_Icon.png
3,17,52,Lisa,54.0,https://img.icons8.com/doodle/48/lisa-simpson.png
3,17,52,Marge,103.0,https://img.icons8.com/doodle/48/marge-simpson.png
3,17,52,Moe,30.0,https://img.icons8.com/doodle/48/bartender-mo.png
3,17,52,Mr. Burns,922.0,https://img.icons8.com/doodle/48/charles-montgomery-burns.png
3,18,53,Apu,16.0,https://static.simpsonswiki.com/images/0/08/Tapped_Out_Apu_Icon_-_Happy.png
3,18,53,Bart,394.0,https://img.icons8.com/doodle/48/bart-simpson.png
3,18,53,Chief Wiggum,52.0,https://img.icons8.com/doodle/48/clancy-wiggum.png
3,18,53,Homer,87.0,https://img.icons8.com/doodle/48/homer-simpson.png
3,18,53,Lisa,275.0,https://img.icons8.com/doodle/48/lisa-simpson.png
3,18,53,Marge,251.0,https://img.icons8.com/doodle/48/marge-simpson.png
3,18,53,Milhouse,21.0,https://img.icons8.com/doodle/48/milhouse-van-houten.png
3,19,54,Apu,32.0,https://static.simpsonswiki.com/images/0/08/Tapped_Out_Apu_Icon_-_Happy.png
3,19,54,Bart,171.0,https://img.icons8.com/doodle/48/bart-simpson.png
3,19,54,Chief Wiggum,11.0,https://img.icons8.com/doodle/48/clancy-wiggum.png
3,19,54,Flanders,13.0,https://img.icons8.com/doodle/48/ned-flanders.png
3,19,54,Grampa,60.0,https://img.icons8.com/doodle/48/abraham-simpson.png
3,19,54,Homer,620.0,https://img.icons8.com/doodle/48/homer-simpson.png
3,19,54,Krusty,25.0,https://img.icons8.com/doodle/48/krusty-the-clown.png
3,19,54,Lenny,29.0,https://static.simpsonswiki.com/images/6/6f/Tapped_Out_Lenny_Icon.png
3,19,54,Lisa,84.0,https://img.icons8.com/doodle/48/lisa-simpson.png
3,19,54,Marge,354.0,https://img.icons8.com/doodle/48/marge-simpson.png
3,19,54,Moe,23.0,https://img.icons8.com/doodle/48/bartender-mo.png
3,19,54,Mr. Burns,213.0,https://img.icons8.com/doodle/48/charles-montgomery-burns.png
3,20,55,Bart,96.0,https://img.icons8.com/doodle/48/bart-simpson.png
3,20,55,Homer,863.0,https://img.icons8.com/doodle/48/homer-simpson.png
3,20,55,Krusty,20.0,https://img.icons8.com/doodle/48/krusty-the-clown.png
3,20,55,Lenny,19.0,https://static.simpsonswiki.com/images/6/6f/Tapped_Out_Lenny_Icon.png
3,20,55,Lisa,58.0,https://img.icons8.com/doodle/48/lisa-simpson.png
3,20,55,Marge,372.0,https://img.icons8.com/doodle/48/marge-simpson.png
3,20,55,Moe,36.0,https://img.icons8.com/doodle/48/bartender-mo.png
3,21,56,Bart,303.0,https://img.icons8.com/doodle/48/bart-simpson.png
3,21,56,Chief Wiggum,96.0,https://img.icons8.com/doodle/48/clancy-wiggum.png
3,21,56,Homer,164.0,https://img.icons8.com/doodle/48/homer-simpson.png
3,21,56,Krusty,190.0,https://img.icons8.com/doodle/48/krusty-the-clown.png
3,21,56,Lisa,75.0,https://img.icons8.com/doodle/48/lisa-simpson.png
3,21,56,Marge,137.0,https://img.icons8.com/doodle/48/marge-simpson.png
3,22,57,Apu,22.0,https://static.simpsonswiki.com/images/0/08/Tapped_Out_Apu_Icon_-_Happy.png
3,22,57,Bart,266.0,https://img.icons8.com/doodle/48/bart-simpson.png
3,22,57,Chief Wiggum,8.0,https://img.icons8.com/doodle/48/clancy-wiggum.png
3,22,57,Homer,338.0,https://img.icons8.com/doodle/48/homer-simpson.png
3,22,57,Lisa,29.0,https://img.icons8.com/doodle/48/lisa-simpson.png
3,22,57,Marge,201.0,https://img.icons8.com/doodle/48/marge-simpson.png
3,22,57,Milhouse,26.0,https://img.icons8.com/doodle/48/milhouse-van-houten.png
3,23,58,Bart,600.0,https://img.icons8.com/doodle/48/bart-simpson.png
3,23,58,Homer,150.0,https://img.icons8.com/doodle/48/homer-simpson.png
3,23,58,Lisa,180.0,https://img.icons8.com/doodle/48/lisa-simpson.png
3,23,58,Marge,108.0,https://img.icons8.com/doodle/48/marge-simpson.png
3,23,58,Milhouse,269.0,https://img.icons8.com/doodle/48/milhouse-van-houten.png
3,24,59,Bart,171.0,https://img.icons8.com/doodle/48/bart-simpson.png
3,24,59,Flanders,75.0,https://img.icons8.com/doodle/48/ned-flanders.png
3,24,59,Homer,578.0,https://img.icons8.com/doodle/48/homer-simpson.png
3,24,59,Lenny,15.0,https://static.simpsonswiki.com/images/6/6f/Tapped_Out_Lenny_Icon.png
3,24,59,Lisa,161.0,https://img.icons8.com/doodle/48/lisa-simpson.png
3,24,59,Marge,145.0,https://img.icons8.com/doodle/48/marge-simpson.png
3,24,59,Moe,17.0,https://img.icons8.com/doodle/48/bartender-mo.png
3,24,59,Mr. Burns,217.0,https://img.icons8.com/doodle/48/charles-montgomery-burns.png
4,1,60,Bart,539.0,https://img.icons8.com/doodle/48/bart-simpson.png
4,1,60,Homer,244.0,https://img.icons8.com/doodle/48/homer-simpson.png
4,1,60,Krusty,272.0,https://img.icons8.com/doodle/48/krusty-the-clown.png
4,1,60,Lisa,328.0,https://img.icons8.com/doodle/48/lisa-simpson.png
4,1,60,Marge,138.0,https://img.icons8.com/doodle/48/marge-simpson.png
4,1,60,Milhouse,14.0,https://img.icons8.com/doodle/48/milhouse-van-houten.png
4,2,61,Apu,51.0,https://static.simpsonswiki.com/images/0/08/Tapped_Out_Apu_Icon_-_Happy.png
4,2,61,Bart,65.0,https://img.icons8.com/doodle/48/bart-simpson.png
4,2,61,Chief Wiggum,35.0,https://img.icons8.com/doodle/48/clancy-wiggum.png
4,2,61,Flanders,142.0,https://img.icons8.com/doodle/48/ned-flanders.png
4,2,61,Homer,404.0,https://img.icons8.com/doodle/48/homer-simpson.png
4,2,61,Lisa,62.0,https://img.icons8.com/doodle/48/lisa-simpson.png
4,2,61,Marge,534.0,https://img.icons8.com/doodle/48/marge-simpson.png
4,3,62,Apu,82.0,https://static.simpsonswiki.com/images/0/08/Tapped_Out_Apu_Icon_-_Happy.png
4,3,62,Bart,78.0,https://img.icons8.com/doodle/48/bart-simpson.png
4,3,62,Chief Wiggum,8.0,https://img.icons8.com/doodle/48/clancy-wiggum.png
4,3,62,Flanders,113.0,https://img.icons8.com/doodle/48/ned-flanders.png
4,3,62,Homer,864.0,https://img.icons8.com/doodle/48/homer-simpson.png
4,3,62,Krusty,55.0,https://img.icons8.com/doodle/48/krusty-the-clown.png
4,3,62,Lisa,49.0,https://img.icons8.com/doodle/48/lisa-simpson.png
4,3,62,Marge,235.0,https://img.icons8.com/doodle/48/marge-simpson.png
4,3,62,Moe,16.0,https://img.icons8.com/doodle/48/bartender-mo.png
4,4,63,Bart,195.0,https://img.icons8.com/doodle/48/bart-simpson.png
4,4,63,Chief Wiggum,20.0,https://img.icons8.com/doodle/48/clancy-wiggum.png
4,4,63,Grampa,7.0,https://img.icons8.com/doodle/48/abraham-simpson.png
4,4,63,Homer,356.0,https://img.icons8.com/doodle/48/homer-simpson.png
4,4,63,Krusty,191.0,https://img.icons8.com/doodle/48/krusty-the-clown.png
4,4,63,Lisa,340.0,https://img.icons8.com/doodle/48/lisa-simpson.png
4,4,63,Marge,182.0,https://img.icons8.com/doodle/48/marge-simpson.png
4,4,63,Milhouse,6.0,https://img.icons8.com/doodle/48/milhouse-van-houten.png
4,4,63,Moe,2.0,https://img.icons8.com/doodle/48/bartender-mo.png
4,5,64,Bart,251.0,https://img.icons8.com/doodle/48/bart-simpson.png
4,5,64,Chief Wiggum,4.0,https://img.icons8.com/doodle/48/clancy-wiggum.png
4,5,64,Flanders,41.0,https://img.icons8.com/doodle/48/ned-flanders.png
4,5,64,Grampa,64.0,https://img.icons8.com/doodle/48/abraham-simpson.png
4,5,64,Homer,240.0,https://img.icons8.com/doodle/48/homer-simpson.png
4,5,64,Krusty,32.0,https://img.icons8.com/doodle/48/krusty-the-clown.png
4,5,64,Lenny,29.0,https://static.simpsonswiki.com/images/6/6f/Tapped_Out_Lenny_Icon.png
4,5,64,Lisa,64.0,https://img.icons8.com/doodle/48/lisa-simpson.png
4,5,64,Marge,151.0,https://img.icons8.com/doodle/48/marge-simpson.png
4,5,64,Mr. Burns,262.0,https://img.icons8.com/doodle/48/charles-montgomery-burns.png
4,6,65,Bart,335.0,https://img.icons8.com/doodle/48/bart-simpson.png
4,6,65,Chief Wiggum,17.0,https://img.icons8.com/doodle/48/clancy-wiggum.png
4,6,65,Grampa,49.0,https://img.icons8.com/doodle/48/abraham-simpson.png
4,6,65,Homer,765.0,https://img.icons8.com/doodle/48/homer-simpson.png
4,6,65,Lisa,143.0,https://img.icons8.com/doodle/48/lisa-simpson.png
4,6,65,Marge,248.0,https://img.icons8.com/doodle/48/marge-simpson.png
4,6,65,Milhouse,17.0,https://img.icons8.com/doodle/48/milhouse-van-houten.png
4,7,66,Bart,127.0,https://img.icons8.com/doodle/48/bart-simpson.png
4,7,66,Chief Wiggum,2.0,https://img.icons8.com/doodle/48/clancy-wiggum.png
4,7,66,Flanders,15.0,https://img.icons8.com/doodle/48/ned-flanders.png
4,7,66,Grampa,118.0,https://img.icons8.com/doodle/48/abraham-simpson.png
4,7,66,Homer,415.0,https://img.icons8.com/doodle/48/homer-simpson.png
4,7,66,Krusty,26.0,https://img.icons8.com/doodle/48/krusty-the-clown.png
4,7,66,Lenny,10.0,https://static.simpsonswiki.com/images/6/6f/Tapped_Out_Lenny_Icon.png
4,7,66,Lisa,60.0,https://img.icons8.com/doodle/48/lisa-simpson.png
4,7,66,Marge,340.0,https://img.icons8.com/doodle/48/marge-simpson.png
4,7,66,Mr. Burns,374.0,https://img.icons8.com/doodle/48/charles-montgomery-burns.png
4,8,67,Apu,24.0,https://static.simpsonswiki.com/images/0/08/Tapped_Out_Apu_Icon_-_Happy.png
4,8,67,Bart,330.0,https://img.icons8.com/doodle/48/bart-simpson.png
4,8,67,Grampa,70.0,https://img.icons8.com/doodle/48/abraham-simpson.png
4,8,67,Homer,447.0,https://img.icons8.com/doodle/48/homer-simpson.png
4,8,67,Lisa,75.0,https://img.icons8.com/doodle/48/lisa-simpson.png
4,8,67,Marge,191.0,https://img.icons8.com/doodle/48/marge-simpson.png
4,8,67,Moe,155.0,https://img.icons8.com/doodle/48/bartender-mo.png
4,9,68,Apu,10.0,https://static.simpsonswiki.com/images/0/08/Tapped_Out_Apu_Icon_-_Happy.png
4,9,68,Bart,40.0,https://img.icons8.com/doodle/48/bart-simpson.png
4,9,68,Flanders,15.0,https://img.icons8.com/doodle/48/ned-flanders.png
4,9,68,Grampa,67.0,https://img.icons8.com/doodle/48/abraham-simpson.png
4,9,68,Homer,763.0,https://img.icons8.com/doodle/48/homer-simpson.png
4,9,68,Krusty,13.0,https://img.icons8.com/doodle/48/krusty-the-clown.png
4,9,68,Lisa,79.0,https://img.icons8.com/doodle/48/lisa-simpson.png
4,9,68,Marge,99.0,https://img.icons8.com/doodle/48/marge-simpson.png
4,9,68,Moe,42.0,https://img.icons8.com/doodle/48/bartender-mo.png
4,10,69,Bart,308.0,https://img.icons8.com/doodle/48/bart-simpson.png
4,10,69,Chief Wiggum,6.0,https://img.icons8.com/doodle/48/clancy-wiggum.png
4,10,69,Flanders,210.0,https://img.icons8.com/doodle/48/ned-flanders.png
4,10,69,Grampa,80.0,https://img.icons8.com/doodle/48/abraham-simpson.png
4,10,69,Homer,544.0,https://img.icons8.com/doodle/48/homer-simpson.png
4,10,69,Krusty,123.0,https://img.icons8.com/doodle/48/krusty-the-clown.png
4,10,69,Lisa,90.0,https://img.icons8.com/doodle/48/lisa-simpson.png
4,10,69,Marge,364.0,https://img.icons8.com/doodle/48/marge-simpson.png
4,11,70,Apu,23.0,https://static.simpsonswiki.com/images/0/08/Tapped_Out_Apu_Icon_-_Happy.png
4,11,70,Bart,69.0,https://img.icons8.com/doodle/48/bart-simpson.png
4,11,70,Chief Wiggum,51.0,https://img.icons8.com/doodle/48/clancy-wiggum.png
4,11,70,Flanders,60.0,https://img.icons8.com/doodle/48/ned-flanders.png
4,11,70,Grampa,48.0,https://img.icons8.com/doodle/48/abraham-simpson.png
4,11,70,Homer,825.0,https://img.icons8.com/doodle/48/homer-simpson.png
4,11,70,Krusty,57.0,https://img.icons8.com/doodle/48/krusty-the-clown.png
4,11,70,Lenny,7.0,https://static.simpsonswiki.com/images/6/6f/Tapped_Out_Lenny_Icon.png
4,11,70,Lisa,100.0,https://img.icons8.com/doodle/48/lisa-simpson.png
4,11,70,Marge,143.0,https://img.icons8.com/doodle/48/marge-simpson.png
4,11,70,Moe,37.0,https://img.icons8.com/doodle/48/bartender-mo.png
4,11,70,Mr. Burns,111.0,https://img.icons8.com/doodle/48/charles-montgomery-burns.png
4,12,71,Apu,59.0,https://static.simpsonswiki.com/images/0/08/Tapped_Out_Apu_Icon_-_Happy.png
4,12,71,Bart,113.0,https://img.icons8.com/doodle/48/bart-simpson.png
4,12,71,Chief Wiggum,105.0,https://img.icons8.com/doodle/48/clancy-wiggum.png
4,12,71,Flanders,23.0,https://img.icons8.com/doodle/48/ned-flanders.png
4,12,71,Grampa,57.0,https://img.icons8.com/doodle/48/abraham-simpson.png
4,12,71,Homer,296.0,https://img.icons8.com/doodle/48/homer-simpson.png
4,12,71,Krusty,5.0,https://img.icons8.com/doodle/48/krusty-the-clown.png
4,12,71,Lenny,27.0,https://static.simpsonswiki.com/images/6/6f/Tapped_Out_Lenny_Icon.png
4,12,71,Lisa,57.0,https://img.icons8.com/doodle/48/lisa-simpson.png
4,12,71,Marge,271.0,https://img.icons8.com/doodle/48/marge-simpson.png
4,12,71,Mr. Burns,68.0,https://img.icons8.com/doodle/48/charles-montgomery-burns.png
4,13,72,Bart,155.0,https://img.icons8.com/doodle/48/bart-simpson.png
4,13,72,Homer,286.0,https://img.icons8.com/doodle/48/homer-simpson.png
4,13,72,Lisa,137.0,https://img.icons8.com/doodle/48/lisa-simpson.png
4,13,72,Marge,277.0,https://img.icons8.com/doodle/48/marge-simpson.png
4,14,73,Bart,305.0,https://img.icons8.com/doodle/48/bart-simpson.png
4,14,73,Chief Wiggum,8.0,https://img.icons8.com/doodle/48/clancy-wiggum.png
4,14,73,Flanders,7.0,https://img.icons8.com/doodle/48/ned-flanders.png
4,14,73,Grampa,43.0,https://img.icons8.com/doodle/48/abraham-simpson.png
4,14,73,Homer,528.0,https://img.icons8.com/doodle/48/homer-simpson.png
4,14,73,Krusty,79.0,https://img.icons8.com/doodle/48/krusty-the-clown.png
4,14,73,Lisa,50.0,https://img.icons8.com/doodle/48/lisa-simpson.png
4,14,73,Marge,136.0,https://img.icons8.com/doodle/48/marge-simpson.png
4,14,73,Milhouse,15.0,https://img.icons8.com/doodle/48/milhouse-van-houten.png
4,15,74,Apu,43.0,https://static.simpsonswiki.com/images/0/08/Tapped_Out_Apu_Icon_-_Happy.png
4,15,74,Bart,162.0,https://img.icons8.com/doodle/48/bart-simpson.png
4,15,74,Chief Wiggum,188.0,https://img.icons8.com/doodle/48/clancy-wiggum.png
4,15,74,Flanders,20.0,https://img.icons8.com/doodle/48/ned-flanders.png
4,15,74,Grampa,17.0,https://img.icons8.com/doodle/48/abraham-simpson.png
4,15,74,Homer,269.0,https://img.icons8.com/doodle/48/homer-simpson.png
4,15,74,Krusty,237.0,https://img.icons8.com/doodle/48/krusty-the-clown.png
4,15,74,Lisa,341.0,https://img.icons8.com/doodle/48/lisa-simpson.png
4,15,74,Marge,40.0,https://img.icons8.com/doodle/48/marge-simpson.png
4,15,74,Milhouse,35.0,https://img.icons8.com/doodle/48/milhouse-van-houten.png
4,15,74,Moe,9.0,https://img.icons8.com/doodle/48/bartender-mo.png
4,16,75,Bart,127.0,https://img.icons8.com/doodle/48/bart-simpson.png
4,16,75,Chief Wiggum,108.0,https://img.icons8.com/doodle/48/clancy-wiggum.png
4,16,75,Flanders,42.0,https://img.icons8.com/doodle/48/ned-flanders.png
4,16,75,Homer,473.0,https://img.icons8.com/doodle/48/homer-simpson.png
4,16,75,Lisa,173.0,https://img.icons8.com/doodle/48/lisa-simpson.png
4,16,75,Marge,213.0,https://img.icons8.com/doodle/48/marge-simpson.png
4,16,75,Milhouse,6.0,https://img.icons8.com/doodle/48/milhouse-van-houten.png
4,16,75,Moe,48.0,https://img.icons8.com/doodle/48/bartender-mo.png
4,17,76,Bart,67.0,https://img.icons8.com/doodle/48/bart-simpson.png
4,17,76,Chief Wiggum,5.0,https://img.icons8.com/doodle/48/clancy-wiggum.png
4,17,76,Grampa,135.0,https://img.icons8.com/doodle/48/abraham-simpson.png
4,17,76,Homer,397.0,https://img.icons8.com/doodle/48/homer-simpson.png
4,17,76,Lenny,31.0,https://static.simpsonswiki.com/images/6/6f/Tapped_Out_Lenny_Icon.png
4,17,76,Lisa,107.0,https://img.icons8.com/doodle/48/lisa-simpson.png
4,17,76,Marge,95.0,https://img.icons8.com/doodle/48/marge-simpson.png
4,17,76,Mr. Burns,544.0,https://img.icons8.com/doodle/48/charles-montgomery-burns.png
4,18,77,Bart,199.0,https://img.icons8.com/doodle/48/bart-simpson.png
4,18,77,Chief Wiggum,15.0,https://img.icons8.com/doodle/48/clancy-wiggum.png
4,18,77,Flanders,23.0,https://img.icons8.com/doodle/48/ned-flanders.png
4,18,77,Grampa,61.0,https://img.icons8.com/doodle/48/abraham-simpson.png
4,18,77,Homer,539.0,https://img.icons8.com/doodle/48/homer-simpson.png
4,18,77,Lenny,8.0,https://static.simpsonswiki.com/images/6/6f/Tapped_Out_Lenny_Icon.png
4,18,77,Lisa,123.0,https://img.icons8.com/doodle/48/lisa-simpson.png
4,18,77,Marge,108.0,https://img.icons8.com/doodle/48/marge-simpson.png
4,18,77,Moe,11.0,https://img.icons8.com/doodle/48/bartender-mo.png
4,18,77,Mr. Burns,47.0,https://img.icons8.com/doodle/48/charles-montgomery-burns.png
4,19,78,Bart,242.0,https://img.icons8.com/doodle/48/bart-simpson.png
4,19,78,Flanders,27.0,https://img.icons8.com/doodle/48/ned-flanders.png
4,19,78,Grampa,324.0,https://img.icons8.com/doodle/48/abraham-simpson.png
4,19,78,Homer,336.0,https://img.icons8.com/doodle/48/homer-simpson.png
4,19,78,Krusty,131.0,https://img.icons8.com/doodle/48/krusty-the-clown.png
4,19,78,Lisa,211.0,https://img.icons8.com/doodle/48/lisa-simpson.png
4,19,78,Marge,82.0,https://img.icons8.com/doodle/48/marge-simpson.png
4,20,79,Apu,12.0,https://static.simpsonswiki.com/images/0/08/Tapped_Out_Apu_Icon_-_Happy.png
4,20,79,Bart,252.0,https://img.icons8.com/doodle/48/bart-simpson.png
4,20,79,Chief Wiggum,5.0,https://img.icons8.com/doodle/48/clancy-wiggum.png
4,20,79,Grampa,68.0,https://img.icons8.com/doodle/48/abraham-simpson.png
4,20,79,Homer,204.0,https://img.icons8.com/doodle/48/homer-simpson.png
4,20,79,Lenny,12.0,https://static.simpsonswiki.com/images/6/6f/Tapped_Out_Lenny_Icon.png
4,20,79,Lisa,144.0,https://img.icons8.com/doodle/48/lisa-simpson.png
4,20,79,Marge,155.0,https://img.icons8.com/doodle/48/marge-simpson.png
4,20,79,Milhouse,2.0,https://img.icons8.com/doodle/48/milhouse-van-houten.png
4,21,80,Apu,163.0,https://static.simpsonswiki.com/images/0/08/Tapped_Out_Apu_Icon_-_Happy.png
4,21,80,Bart,126.0,https://img.icons8.com/doodle/48/bart-simpson.png
4,21,80,Chief Wiggum,59.0,https://img.icons8.com/doodle/48/clancy-wiggum.png
4,21,80,Flanders,103.0,https://img.icons8.com/doodle/48/ned-flanders.png
4,21,80,Grampa,40.0,https://img.icons8.com/doodle/48/abraham-simpson.png
4,21,80,Homer,248.0,https://img.icons8.com/doodle/48/homer-simpson.png
4,21,80,Lisa,76.0,https://img.icons8.com/doodle/48/lisa-simpson.png
4,21,80,Marge,170.0,https://img.icons8.com/doodle/48/marge-simpson.png
4,21,80,Milhouse,9.0,https://img.icons8.com/doodle/48/milhouse-van-houten.png
4,21,80,Mr. Burns,28.0,https://img.icons8.com/doodle/48/charles-montgomery-burns.png
4,22,81,Bart,166.0,https://img.icons8.com/doodle/48/bart-simpson.png
4,22,81,Chief Wiggum,13.0,https://img.icons8.com/doodle/48/clancy-wiggum.png
4,22,81,Grampa,26.0,https://img.icons8.com/doodle/48/abraham-simpson.png
4,22,81,Homer,92.0,https://img.icons8.com/doodle/48/homer-simpson.png
4,22,81,Krusty,674.0,https://img.icons8.com/doodle/48/krusty-the-clown.png
4,22,81,Lisa,119.0,https://img.icons8.com/doodle/48/lisa-simpson.png
4,22,81,Milhouse,21.0,https://img.icons8.com/doodle/48/milhouse-van-houten.png
4,22,81,Moe,60.0,https://img.icons8.com/doodle/48/bartender-mo.png
4,22,81,Mr. Burns,5.0,https://img.icons8.com/doodle/48/charles-montgomery-burns.png
5,1,82,Apu,90.0,https://static.simpsonswiki.com/images/0/08/Tapped_Out_Apu_Icon_-_Happy.png
5,1,82,Bart,109.0,https://img.icons8.com/doodle/48/bart-simpson.png
5,1,82,Chief Wiggum,70.0,https://img.icons8.com/doodle/48/clancy-wiggum.png
5,1,82,Flanders,23.0,https://img.icons8.com/doodle/48/ned-flanders.png
5,1,82,Grampa,57.0,https://img.icons8.com/doodle/48/abraham-simpson.png
5,1,82,Homer,587.0,https://img.icons8.com/doodle/48/homer-simpson.png
5,1,82,Lisa,89.0,https://img.icons8.com/doodle/48/lisa-simpson.png
5,1,82,Marge,57.0,https://img.icons8.com/doodle/48/marge-simpson.png
5,1,82,Milhouse,11.0,https://img.icons8.com/doodle/48/milhouse-van-houten.png
5,1,82,Moe,43.0,https://img.icons8.com/doodle/48/bartender-mo.png
5,2,83,Bart,173.0,https://img.icons8.com/doodle/48/bart-simpson.png
5,2,83,Chief Wiggum,130.0,https://img.icons8.com/doodle/48/clancy-wiggum.png
5,2,83,Flanders,34.0,https://img.icons8.com/doodle/48/ned-flanders.png
5,2,83,Grampa,81.0,https://img.icons8.com/doodle/48/abraham-simpson.png
5,2,83,Homer,227.0,https://img.icons8.com/doodle/48/homer-simpson.png
5,2,83,Lisa,111.0,https://img.icons8.com/doodle/48/lisa-simpson.png
5,2,83,Marge,120.0,https://img.icons8.com/doodle/48/marge-simpson.png
5,2,83,Milhouse,26.0,https://img.icons8.com/doodle/48/milhouse-van-houten.png
5,2,83,Moe,19.0,https://img.icons8.com/doodle/48/bartender-mo.png
5,3,84,Bart,128.0,https://img.icons8.com/doodle/48/bart-simpson.png
5,3,84,Grampa,3.0,https://img.icons8.com/doodle/48/abraham-simpson.png
5,3,84,Homer,906.0,https://img.icons8.com/doodle/48/homer-simpson.png
5,3,84,Krusty,13.0,https://img.icons8.com/doodle/48/krusty-the-clown.png
5,3,84,Lisa,135.0,https://img.icons8.com/doodle/48/lisa-simpson.png
5,3,84,Marge,139.0,https://img.icons8.com/doodle/48/marge-simpson.png
5,3,84,Mr. Burns,252.0,https://img.icons8.com/doodle/48/charles-montgomery-burns.png
5,4,85,Apu,27.0,https://static.simpsonswiki.com/images/0/08/Tapped_Out_Apu_Icon_-_Happy.png
5,4,85,Bart,75.0,https://img.icons8.com/doodle/48/bart-simpson.png
5,4,85,Flanders,23.0,https://img.icons8.com/doodle/48/ned-flanders.png
5,4,85,Grampa,24.0,https://img.icons8.com/doodle/48/abraham-simpson.png
5,4,85,Homer,587.0,https://img.icons8.com/doodle/48/homer-simpson.png
5,4,85,Lisa,77.0,https://img.icons8.com/doodle/48/lisa-simpson.png
5,4,85,Marge,132.0,https://img.icons8.com/doodle/48/marge-simpson.png
5,4,85,Moe,24.0,https://img.icons8.com/doodle/48/bartender-mo.png
5,4,85,Mr. Burns,632.0,https://img.icons8.com/doodle/48/charles-montgomery-burns.png
5,5,86,Bart,382.0,https://img.icons8.com/doodle/48/bart-simpson.png
5,5,86,Chief Wiggum,39.0,https://img.icons8.com/doodle/48/clancy-wiggum.png
5,5,86,Flanders,28.0,https://img.icons8.com/doodle/48/ned-flanders.png
5,5,86,Grampa,34.0,https://img.icons8.com/doodle/48/abraham-simpson.png
5,5,86,Homer,288.0,https://img.icons8.com/doodle/48/homer-simpson.png
5,5,86,Lenny,11.0,https://static.simpsonswiki.com/images/6/6f/Tapped_Out_Lenny_Icon.png
5,5,86,Lisa,202.0,https://img.icons8.com/doodle/48/lisa-simpson.png
5,5,86,Marge,191.0,https://img.icons8.com/doodle/48/marge-simpson.png
5,5,86,Milhouse,89.0,https://img.icons8.com/doodle/48/milhouse-van-houten.png
5,5,86,Mr. Burns,70.0,https://img.icons8.com/doodle/48/charles-montgomery-burns.png
5,6,87,Apu,5.0,https://static.simpsonswiki.com/images/0/08/Tapped_Out_Apu_Icon_-_Happy.png
5,6,87,Bart,61.0,https://img.icons8.com/doodle/48/bart-simpson.png
5,6,87,Chief Wiggum,196.0,https://img.icons8.com/doodle/48/clancy-wiggum.png
5,6,87,Flanders,8.0,https://img.icons8.com/doodle/48/ned-flanders.png
5,6,87,Homer,611.0,https://img.icons8.com/doodle/48/homer-simpson.png
5,6,87,Lenny,23.0,https://static.simpsonswiki.com/images/6/6f/Tapped_Out_Lenny_Icon.png
5,6,87,Lisa,62.0,https://img.icons8.com/doodle/48/lisa-simpson.png
5,6,87,Marge,438.0,https://img.icons8.com/doodle/48/marge-simpson.png
5,6,87,Moe,13.0,https://img.icons8.com/doodle/48/bartender-mo.png
5,6,87,Mr. Burns,25.0,https://img.icons8.com/doodle/48/charles-montgomery-burns.png
5,7,88,Apu,22.0,https://static.simpsonswiki.com/images/0/08/Tapped_Out_Apu_Icon_-_Happy.png
5,7,88,Bart,155.0,https://img.icons8.com/doodle/48/bart-simpson.png
5,7,88,Chief Wiggum,28.0,https://img.icons8.com/doodle/48/clancy-wiggum.png
5,7,88,Flanders,48.0,https://img.icons8.com/doodle/48/ned-flanders.png
5,7,88,Homer,416.0,https://img.icons8.com/doodle/48/homer-simpson.png
5,7,88,Krusty,50.0,https://img.icons8.com/doodle/48/krusty-the-clown.png
5,7,88,Lenny,4.0,https://static.simpsonswiki.com/images/6/6f/Tapped_Out_Lenny_Icon.png
5,7,88,Lisa,162.0,https://img.icons8.com/doodle/48/lisa-simpson.png
5,7,88,Marge,254.0,https://img.icons8.com/doodle/48/marge-simpson.png
5,7,88,Milhouse,20.0,https://img.icons8.com/doodle/48/milhouse-van-houten.png
5,7,88,Moe,54.0,https://img.icons8.com/doodle/48/bartender-mo.png
5,7,88,Mr. Burns,19.0,https://img.icons8.com/doodle/48/charles-montgomery-burns.png
5,8,89,Apu,41.0,https://static.simpsonswiki.com/images/0/08/Tapped_Out_Apu_Icon_-_Happy.png
5,8,89,Bart,421.0,https://img.icons8.com/doodle/48/bart-simpson.png
5,8,89,Chief Wiggum,54.0,https://img.icons8.com/doodle/48/clancy-wiggum.png
5,8,89,Flanders,376.0,https://img.icons8.com/doodle/48/ned-flanders.png
5,8,89,Homer,585.0,https://img.icons8.com/doodle/48/homer-simpson.png
5,8,89,Krusty,16.0,https://img.icons8.com/doodle/48/krusty-the-clown.png
5,8,89,Lisa,29.0,https://img.icons8.com/doodle/48/lisa-simpson.png
5,8,89,Marge,56.0,https://img.icons8.com/doodle/48/marge-simpson.png
5,8,89,Milhouse,103.0,https://img.icons8.com/doodle/48/milhouse-van-houten.png
5,8,89,Moe,12.0,https://img.icons8.com/doodle/48/bartender-mo.png
5,9,90,Bart,114.0,https://img.icons8.com/doodle/48/bart-simpson.png
5,9,90,Flanders,26.0,https://img.icons8.com/doodle/48/ned-flanders.png
5,9,90,Grampa,6.0,https://img.icons8.com/doodle/48/abraham-simpson.png
5,9,90,Homer,712.0,https://img.icons8.com/doodle/48/homer-simpson.png
5,9,90,Lenny,59.0,https://static.simpsonswiki.com/images/6/6f/Tapped_Out_Lenny_Icon.png
5,9,90,Lisa,56.0,https://img.icons8.com/doodle/48/lisa-simpson.png
5,9,90,Marge,74.0,https://img.icons8.com/doodle/48/marge-simpson.png
5,9,90,Milhouse,12.0,https://img.icons8.com/doodle/48/milhouse-van-houten.png
5,9,90,Moe,8.0,https://img.icons8.com/doodle/48/bartender-mo.png
5,9,90,Mr. Burns,137.0,https://img.icons8.com/doodle/48/charles-montgomery-burns.png
5,10,91,Apu,7.0,https://static.simpsonswiki.com/images/0/08/Tapped_Out_Apu_Icon_-_Happy.png
5,10,91,Bart,67.0,https://img.icons8.com/doodle/48/bart-simpson.png
5,10,91,Flanders,5.0,https://img.icons8.com/doodle/48/ned-flanders.png
5,10,91,Grampa,114.0,https://img.icons8.com/doodle/48/abraham-simpson.png
5,10,91,Homer,608.0,https://img.icons8.com/doodle/48/homer-simpson.png
5,10,91,Krusty,60.0,https://img.icons8.com/doodle/48/krusty-the-clown.png
5,10,91,Lisa,210.0,https://img.icons8.com/doodle/48/lisa-simpson.png
5,10,91,Marge,235.0,https://img.icons8.com/doodle/48/marge-simpson.png
5,10,91,Milhouse,10.0,https://img.icons8.com/doodle/48/milhouse-van-houten.png
5,10,91,Mr. Burns,256.0,https://img.icons8.com/doodle/48/charles-montgomery-burns.png
5,11,92,Apu,12.0,https://static.simpsonswiki.com/images/0/08/Tapped_Out_Apu_Icon_-_Happy.png
5,11,92,Bart,47.0,https://img.icons8.com/doodle/48/bart-simpson.png
5,11,92,Chief Wiggum,208.0,https://img.icons8.com/doodle/48/clancy-wiggum.png
5,11,92,Flanders,62.0,https://img.icons8.com/doodle/48/ned-flanders.png
5,11,92,Grampa,290.0,https://img.icons8.com/doodle/48/abraham-simpson.png
5,11,92,Homer,768.0,https://img.icons8.com/doodle/48/homer-simpson.png
5,11,92,Lenny,2.0,https://static.simpsonswiki.com/images/6/6f/Tapped_Out_Lenny_Icon.png
5,11,92,Lisa,142.0,https://img.icons8.com/doodle/48/lisa-simpson.png
5,11,92,Marge,93.0,https://img.icons8.com/doodle/48/marge-simpson.png
5,11,92,Moe,24.0,https://img.icons8.com/doodle/48/bartender-mo.png
5,12,93,Apu,4.0,https://static.simpsonswiki.com/images/0/08/Tapped_Out_Apu_Icon_-_Happy.png
5,12,93,Bart,507.0,https://img.icons8.com/doodle/48/bart-simpson.png
5,12,93,Flanders,2.0,https://img.icons8.com/doodle/48/ned-flanders.png
5,12,93,Grampa,14.0,https://img.icons8.com/doodle/48/abraham-simpson.png
5,12,93,Homer,330.0,https://img.icons8.com/doodle/48/homer-simpson.png
5,12,93,Krusty,417.0,https://img.icons8.com/doodle/48/krusty-the-clown.png
5,12,93,Lisa,152.0,https://img.icons8.com/doodle/48/lisa-simpson.png
5,12,93,Marge,121.0,https://img.icons8.com/doodle/48/marge-simpson.png
5,12,93,Milhouse,32.0,https://img.icons8.com/doodle/48/milhouse-van-houten.png
5,12,93,Mr. Burns,1.0,https://img.icons8.com/doodle/48/charles-montgomery-burns.png
5,13,94,Apu,754.0,https://static.simpsonswiki.com/images/0/08/Tapped_Out_Apu_Icon_-_Happy.png
5,13,94,Bart,32.0,https://img.icons8.com/doodle/48/bart-simpson.png
5,13,94,Grampa,36.0,https://img.icons8.com/doodle/48/abraham-simpson.png
5,13,94,Homer,451.0,https://img.icons8.com/doodle/48/homer-simpson.png
5,13,94,Lisa,103.0,https://img.icons8.com/doodle/48/lisa-simpson.png
5,13,94,Marge,137.0,https://img.icons8.com/doodle/48/marge-simpson.png
5,14,95,Bart,80.0,https://img.icons8.com/doodle/48/bart-simpson.png
5,14,95,Grampa,572.0,https://img.icons8.com/doodle/48/abraham-simpson.png
5,14,95,Homer,169.0,https://img.icons8.com/doodle/48/homer-simpson.png
5,14,95,Krusty,22.0,https://img.icons8.com/doodle/48/krusty-the-clown.png
5,14,95,Lisa,615.0,https://img.icons8.com/doodle/48/lisa-simpson.png
5,14,95,Marge,105.0,https://img.icons8.com/doodle/48/marge-simpson.png
5,14,95,Mr. Burns,9.0,https://img.icons8.com/doodle/48/charles-montgomery-burns.png
5,15,96,Bart,66.0,https://img.icons8.com/doodle/48/bart-simpson.png
5,15,96,Grampa,7.0,https://img.icons8.com/doodle/48/abraham-simpson.png
5,15,96,Homer,580.0,https://img.icons8.com/doodle/48/homer-simpson.png
5,15,96,Lenny,15.0,https://static.simpsonswiki.com/images/6/6f/Tapped_Out_Lenny_Icon.png
5,15,96,Lisa,59.0,https://img.icons8.com/doodle/48/lisa-simpson.png
5,15,96,Marge,181.0,https://img.icons8.com/doodle/48/marge-simpson.png
5,15,96,Mr. Burns,82.0,https://img.icons8.com/doodle/48/charles-montgomery-burns.png
5,16,97,Bart,68.0,https://img.icons8.com/doodle/48/bart-simpson.png
5,16,97,Chief Wiggum,13.0,https://img.icons8.com/doodle/48/clancy-wiggum.png
5,16,97,Flanders,551.0,https://img.icons8.com/doodle/48/ned-flanders.png
5,16,97,Grampa,16.0,https://img.icons8.com/doodle/48/abraham-simpson.png
5,16,97,Homer,908.0,https://img.icons8.com/doodle/48/homer-simpson.png
5,16,97,Lenny,16.0,https://static.simpsonswiki.com/images/6/6f/Tapped_Out_Lenny_Icon.png
5,16,97,Lisa,123.0,https://img.icons8.com/doodle/48/lisa-simpson.png
5,16,97,Marge,106.0,https://img.icons8.com/doodle/48/marge-simpson.png
5,16,97,Milhouse,12.0,https://img.icons8.com/doodle/48/milhouse-van-houten.png
5,16,97,Moe,59.0,https://img.icons8.com/doodle/48/bartender-mo.png
5,16,97,Mr. Burns,27.0,https://img.icons8.com/doodle/48/charles-montgomery-burns.png
5,17,98,Bart,415.0,https://img.icons8.com/doodle/48/bart-simpson.png
5,17,98,Chief Wiggum,63.0,https://img.icons8.com/doodle/48/clancy-wiggum.png
5,17,98,Flanders,13.0,https://img.icons8.com/doodle/48/ned-flanders.png
5,17,98,Grampa,10.0,https://img.icons8.com/doodle/48/abraham-simpson.png
5,17,98,Homer,744.0,https://img.icons8.com/doodle/48/homer-simpson.png
5,17,98,Lisa,213.0,https://img.icons8.com/doodle/48/lisa-simpson.png
5,17,98,Marge,203.0,https://img.icons8.com/doodle/48/marge-simpson.png
5,17,98,Moe,16.0,https://img.icons8.com/doodle/48/bartender-mo.png
5,17,98,Mr. Burns,14.0,https://img.icons8.com/doodle/48/charles-montgomery-burns.png
5,18,99,Bart,293.0,https://img.icons8.com/doodle/48/bart-simpson.png
5,18,99,Chief Wiggum,29.0,https://img.icons8.com/doodle/48/clancy-wiggum.png
5,18,99,Grampa,8.0,https://img.icons8.com/doodle/48/abraham-simpson.png
5,18,99,Homer,420.0,https://img.icons8.com/doodle/48/homer-simpson.png
5,18,99,Krusty,55.0,https://img.icons8.com/doodle/48/krusty-the-clown.png
5,18,99,Lenny,13.0,https://static.simpsonswiki.com/images/6/6f/Tapped_Out_Lenny_Icon.png
5,18,99,Lisa,84.0,https://img.icons8.com/doodle/48/lisa-simpson.png
5,18,99,Marge,209.0,https://img.icons8.com/doodle/48/marge-simpson.png
5,18,99,Milhouse,66.0,https://img.icons8.com/doodle/48/milhouse-van-houten.png
5,18,99,Moe,22.0,https://img.icons8.com/doodle/48/bartender-mo.png
5,18,99,Mr. Burns,800.0,https://img.icons8.com/doodle/48/charles-montgomery-burns.png
5,19,100,Apu,97.0,https://static.simpsonswiki.com/images/0/08/Tapped_Out_Apu_Icon_-_Happy.png
5,19,100,Bart,388.0,https://img.icons8.com/doodle/48/bart-simpson.png
5,19,100,Chief Wiggum,4.0,https://img.icons8.com/doodle/48/clancy-wiggum.png
5,19,100,Flanders,229.0,https://img.icons8.com/doodle/48/ned-flanders.png
5,19,100,Homer,59.0,https://img.icons8.com/doodle/48/homer-simpson.png
5,19,100,Lisa,86.0,https://img.icons8.com/doodle/48/lisa-simpson.png
5,19,100,Marge,75.0,https://img.icons8.com/doodle/48/marge-simpson.png
5,19,100,Milhouse,58.0,https://img.icons8.com/doodle/48/milhouse-van-houten.png
5,20,101,Apu,25.0,https://static.simpsonswiki.com/images/0/08/Tapped_Out_Apu_Icon_-_Happy.png
5,20,101,Bart,391.0,https://img.icons8.com/doodle/48/bart-simpson.png
5,20,101,Chief Wiggum,42.0,https://img.icons8.com/doodle/48/clancy-wiggum.png
5,20,101,Flanders,7.0,https://img.icons8.com/doodle/48/ned-flanders.png
5,20,101,Homer,251.0,https://img.icons8.com/doodle/48/homer-simpson.png
5,20,101,Lisa,148.0,https://img.icons8.com/doodle/48/lisa-simpson.png
5,20,101,Marge,120.0,https://img.icons8.com/doodle/48/marge-simpson.png
5,20,101,Milhouse,11.0,https://img.icons8.com/doodle/48/milhouse-van-houten.png
5,20,101,Moe,35.0,https://img.icons8.com/doodle/48/bartender-mo.png
5,21,102,Apu,18.0,https://static.simpsonswiki.com/images/0/08/Tapped_Out_Apu_Icon_-_Happy.png
5,21,102,Bart,256.0,https://img.icons8.com/doodle/48/bart-simpson.png
5,21,102,Grampa,428.0,https://img.icons8.com/doodle/48/abraham-simpson.png
5,21,102,Homer,211.0,https://img.icons8.com/doodle/48/homer-simpson.png
5,21,102,Krusty,3.0,https://img.icons8.com/doodle/48/krusty-the-clown.png
5,21,102,Lisa,80.0,https://img.icons8.com/doodle/48/lisa-simpson.png
5,21,102,Marge,318.0,https://img.icons8.com/doodle/48/marge-simpson.png
5,21,102,Milhouse,20.0,https://img.icons8.com/doodle/48/milhouse-van-houten.png
5,21,102,Mr. Burns,308.0,https://img.icons8.com/doodle/48/charles-montgomery-burns.png
5,22,103,Apu,35.0,https://static.simpsonswiki.com/images/0/08/Tapped_Out_Apu_Icon_-_Happy.png
5,22,103,Bart,90.0,https://img.icons8.com/doodle/48/bart-simpson.png
5,22,103,Chief Wiggum,10.0,https://img.icons8.com/doodle/48/clancy-wiggum.png
5,22,103,Flanders,16.0,https://img.icons8.com/doodle/48/ned-flanders.png
5,22,103,Grampa,5.0,https://img.icons8.com/doodle/48/abraham-simpson.png
5,22,103,Homer,1386.0,https://img.icons8.com/doodle/48/homer-simpson.png
5,22,103,Lenny,38.0,https://static.simpsonswiki.com/images/6/6f/Tapped_Out_Lenny_Icon.png
5,22,103,Lisa,156.0,https://img.icons8.com/doodle/48/lisa-simpson.png
5,22,103,Marge,340.0,https://img.icons8.com/doodle/48/marge-simpson.png
5,22,103,Milhouse,18.0,https://img.icons8.com/doodle/48/milhouse-van-houten.png
5,22,103,Moe,250.0,https://img.icons8.com/doodle/48/bartender-mo.png
5,22,103,Mr. Burns,2.0,https://img.icons8.com/doodle/48/charles-montgomery-burns.png
6,1,104,Bart,540.0,https://img.icons8.com/doodle/48/bart-simpson.png
6,1,104,Chief Wiggum,19.0,https://img.icons8.com/doodle/48/clancy-wiggum.png
6,1,104,Flanders,154.0,https://img.icons8.com/doodle/48/ned-flanders.png
6,1,104,Grampa,7.0,https://img.icons8.com/doodle/48/abraham-simpson.png
6,1,104,Homer,179.0,https://img.icons8.com/doodle/48/homer-simpson.png
6,1,104,Krusty,67.0,https://img.icons8.com/doodle/48/krusty-the-clown.png
6,1,104,Lisa,287.0,https://img.icons8.com/doodle/48/lisa-simpson.png
6,1,104,Marge,99.0,https://img.icons8.com/doodle/48/marge-simpson.png
6,1,104,Milhouse,33.0,https://img.icons8.com/doodle/48/milhouse-van-houten.png
6,2,105,Bart,346.0,https://img.icons8.com/doodle/48/bart-simpson.png
6,2,105,Flanders,16.0,https://img.icons8.com/doodle/48/ned-flanders.png
6,2,105,Homer,379.0,https://img.icons8.com/doodle/48/homer-simpson.png
6,2,105,Lisa,538.0,https://img.icons8.com/doodle/48/lisa-simpson.png
6,2,105,Marge,230.0,https://img.icons8.com/doodle/48/marge-simpson.png
6,2,105,Milhouse,17.0,https://img.icons8.com/doodle/48/milhouse-van-houten.png
6,3,106,Bart,93.0,https://img.icons8.com/doodle/48/bart-simpson.png
6,3,106,Chief Wiggum,11.0,https://img.icons8.com/doodle/48/clancy-wiggum.png
6,3,106,Grampa,60.0,https://img.icons8.com/doodle/48/abraham-simpson.png
6,3,106,Homer,344.0,https://img.icons8.com/doodle/48/homer-simpson.png
6,3,106,Krusty,37.0,https://img.icons8.com/doodle/48/krusty-the-clown.png
6,3,106,Lenny,8.0,https://static.simpsonswiki.com/images/6/6f/Tapped_Out_Lenny_Icon.png
6,3,106,Lisa,237.0,https://img.icons8.com/doodle/48/lisa-simpson.png
6,3,106,Marge,668.0,https://img.icons8.com/doodle/48/marge-simpson.png
6,3,106,Moe,62.0,https://img.icons8.com/doodle/48/bartender-mo.png
6,3,106,Mr. Burns,43.0,https://img.icons8.com/doodle/48/charles-montgomery-burns.png
6,4,107,Bart,263.0,https://img.icons8.com/doodle/48/bart-simpson.png
6,4,107,Grampa,29.0,https://img.icons8.com/doodle/48/abraham-simpson.png
6,4,107,Homer,392.0,https://img.icons8.com/doodle/48/homer-simpson.png
6,4,107,Krusty,38.0,https://img.icons8.com/doodle/48/krusty-the-clown.png
6,4,107,Lisa,189.0,https://img.icons8.com/doodle/48/lisa-simpson.png
6,4,107,Marge,522.0,https://img.icons8.com/doodle/48/marge-simpson.png
6,5,108,Bart,178.0,https://img.icons8.com/doodle/48/bart-simpson.png
6,5,108,Grampa,68.0,https://img.icons8.com/doodle/48/abraham-simpson.png
6,5,108,Homer,156.0,https://img.icons8.com/doodle/48/homer-simpson.png
6,5,108,Krusty,17.0,https://img.icons8.com/doodle/48/krusty-the-clown.png
6,5,108,Lenny,15.0,https://static.simpsonswiki.com/images/6/6f/Tapped_Out_Lenny_Icon.png
6,5,108,Lisa,389.0,https://img.icons8.com/doodle/48/lisa-simpson.png
6,5,108,Marge,28.0,https://img.icons8.com/doodle/48/marge-simpson.png
6,5,108,Milhouse,2.0,https://img.icons8.com/doodle/48/milhouse-van-houten.png
6,5,108,Moe,35.0,https://img.icons8.com/doodle/48/bartender-mo.png
6,5,108,Mr. Burns,44.0,https://img.icons8.com/doodle/48/charles-montgomery-burns.png
6,6,109,Bart,129.0,https://img.icons8.com/doodle/48/bart-simpson.png
6,6,109,Chief Wiggum,13.0,https://img.icons8.com/doodle/48/clancy-wiggum.png
6,6,109,Flanders,84.0,https://img.icons8.com/doodle/48/ned-flanders.png
6,6,109,Grampa,29.0,https://img.icons8.com/doodle/48/abraham-simpson.png
6,6,109,Homer,535.0,https://img.icons8.com/doodle/48/homer-simpson.png
6,6,109,Lisa,94.0,https://img.icons8.com/doodle/48/lisa-simpson.png
6,6,109,Marge,213.0,https://img.icons8.com/doodle/48/marge-simpson.png
6,6,109,Milhouse,27.0,https://img.icons8.com/doodle/48/milhouse-van-houten.png
6,6,109,Moe,104.0,https://img.icons8.com/doodle/48/bartender-mo.png
6,6,109,Mr. Burns,106.0,https://img.icons8.com/doodle/48/charles-montgomery-burns.png
6,7,110,Bart,864.0,https://img.icons8.com/doodle/48/bart-simpson.png
6,7,110,Grampa,13.0,https://img.icons8.com/doodle/48/abraham-simpson.png
6,7,110,Homer,154.0,https://img.icons8.com/doodle/48/homer-simpson.png
6,7,110,Lisa,256.0,https://img.icons8.com/doodle/48/lisa-simpson.png
6,7,110,Marge,163.0,https://img.icons8.com/doodle/48/marge-simpson.png
6,7,110,Milhouse,50.0,https://img.icons8.com/doodle/48/milhouse-van-houten.png
6,7,110,Moe,8.0,https://img.icons8.com/doodle/48/bartender-mo.png
6,8,111,Apu,120.0,https://static.simpsonswiki.com/images/0/08/Tapped_Out_Apu_Icon_-_Happy.png
6,8,111,Bart,240.0,https://img.icons8.com/doodle/48/bart-simpson.png
6,8,111,Chief Wiggum,111.0,https://img.icons8.com/doodle/48/clancy-wiggum.png
6,8,111,Grampa,9.0,https://img.icons8.com/doodle/48/abraham-simpson.png
6,8,111,Homer,444.0,https://img.icons8.com/doodle/48/homer-simpson.png
6,8,111,Krusty,19.0,https://img.icons8.com/doodle/48/krusty-the-clown.png
6,8,111,Lisa,329.0,https://img.icons8.com/doodle/48/lisa-simpson.png
6,8,111,Marge,309.0,https://img.icons8.com/doodle/48/marge-simpson.png
6,8,111,Milhouse,55.0,https://img.icons8.com/doodle/48/milhouse-van-houten.png
6,8,111,Moe,85.0,https://img.icons8.com/doodle/48/bartender-mo.png
6,9,112,Apu,24.0,https://static.simpsonswiki.com/images/0/08/Tapped_Out_Apu_Icon_-_Happy.png
6,9,112,Bart,141.0,https://img.icons8.com/doodle/48/bart-simpson.png
6,9,112,Grampa,12.0,https://img.icons8.com/doodle/48/abraham-simpson.png
6,9,112,Homer,901.0,https://img.icons8.com/doodle/48/homer-simpson.png
6,9,112,Lisa,159.0,https://img.icons8.com/doodle/48/lisa-simpson.png
6,9,112,Marge,299.0,https://img.icons8.com/doodle/48/marge-simpson.png
6,9,112,Moe,40.0,https://img.icons8.com/doodle/48/bartender-mo.png
6,10,113,Bart,195.0,https://img.icons8.com/doodle/48/bart-simpson.png
6,10,113,Flanders,13.0,https://img.icons8.com/doodle/48/ned-flanders.png
6,10,113,Grampa,633.0,https://img.icons8.com/doodle/48/abraham-simpson.png
6,10,113,Homer,701.0,https://img.icons8.com/doodle/48/homer-simpson.png
6,10,113,Lisa,138.0,https://img.icons8.com/doodle/48/lisa-simpson.png
6,10,113,Marge,251.0,https://img.icons8.com/doodle/48/marge-simpson.png
6,10,113,Milhouse,92.0,https://img.icons8.com/doodle/48/milhouse-van-houten.png
6,11,114,Bart,74.0,https://img.icons8.com/doodle/48/bart-simpson.png
6,11,114,Grampa,23.0,https://img.icons8.com/doodle/48/abraham-simpson.png
6,11,114,Homer,786.0,https://img.icons8.com/doodle/48/homer-simpson.png
6,11,114,Lenny,12.0,https://static.simpsonswiki.com/images/6/6f/Tapped_Out_Lenny_Icon.png
6,11,114,Lisa,148.0,https://img.icons8.com/doodle/48/lisa-simpson.png
6,11,114,Marge,546.0,https://img.icons8.com/doodle/48/marge-simpson.png
6,11,114,Moe,128.0,https://img.icons8.com/doodle/48/bartender-mo.png
6,12,115,Bart,48.0,https://img.icons8.com/doodle/48/bart-simpson.png
6,12,115,Grampa,40.0,https://img.icons8.com/doodle/48/abraham-simpson.png
6,12,115,Homer,920.0,https://img.icons8.com/doodle/48/homer-simpson.png
6,12,115,Lenny,176.0,https://static.simpsonswiki.com/images/6/6f/Tapped_Out_Lenny_Icon.png
6,12,115,Lisa,129.0,https://img.icons8.com/doodle/48/lisa-simpson.png
6,12,115,Marge,170.0,https://img.icons8.com/doodle/48/marge-simpson.png
6,12,115,Moe,96.0,https://img.icons8.com/doodle/48/bartender-mo.png
6,12,115,Mr. Burns,26.0,https://img.icons8.com/doodle/48/charles-montgomery-burns.png
6,13,116,Apu,15.0,https://static.simpsonswiki.com/images/0/08/Tapped_Out_Apu_Icon_-_Happy.png
6,13,116,Bart,87.0,https://img.icons8.com/doodle/48/bart-simpson.png
6,13,116,Chief Wiggum,13.0,https://img.icons8.com/doodle/48/clancy-wiggum.png
6,13,116,Flanders,9.0,https://img.icons8.com/doodle/48/ned-flanders.png
6,13,116,Homer,1146.0,https://img.icons8.com/doodle/48/homer-simpson.png
6,13,116,Lenny,17.0,https://static.simpsonswiki.com/images/6/6f/Tapped_Out_Lenny_Icon.png
6,13,116,Lisa,100.0,https://img.icons8.com/doodle/48/lisa-simpson.png
6,13,116,Marge,315.0,https://img.icons8.com/doodle/48/marge-simpson.png
6,13,116,Moe,10.0,https://img.icons8.com/doodle/48/bartender-mo.png
6,13,116,Mr. Burns,64.0,https://img.icons8.com/doodle/48/charles-montgomery-burns.png
6,14,117,Apu,6.0,https://static.simpsonswiki.com/images/0/08/Tapped_Out_Apu_Icon_-_Happy.png
6,14,117,Bart,219.0,https://img.icons8.com/doodle/48/bart-simpson.png
6,14,117,Chief Wiggum,3.0,https://img.icons8.com/doodle/48/clancy-wiggum.png
6,14,117,Flanders,174.0,https://img.icons8.com/doodle/48/ned-flanders.png
6,14,117,Grampa,14.0,https://img.icons8.com/doodle/48/abraham-simpson.png
6,14,117,Homer,395.0,https://img.icons8.com/doodle/48/homer-simpson.png
6,14,117,Krusty,34.0,https://img.icons8.com/doodle/48/krusty-the-clown.png
6,14,117,Lisa,101.0,https://img.icons8.com/doodle/48/lisa-simpson.png
6,14,117,Marge,88.0,https://img.icons8.com/doodle/48/marge-simpson.png
6,14,117,Milhouse,18.0,https://img.icons8.com/doodle/48/milhouse-van-houten.png
6,14,117,Moe,112.0,https://img.icons8.com/doodle/48/bartender-mo.png
6,15,118,Apu,34.0,https://static.simpsonswiki.com/images/0/08/Tapped_Out_Apu_Icon_-_Happy.png
6,15,118,Bart,92.0,https://img.icons8.com/doodle/48/bart-simpson.png
6,15,118,Chief Wiggum,57.0,https://img.icons8.com/doodle/48/clancy-wiggum.png
6,15,118,Flanders,44.0,https://img.icons8.com/doodle/48/ned-flanders.png
6,15,118,Homer,608.0,https://img.icons8.com/doodle/48/homer-simpson.png
6,15,118,Krusty,573.0,https://img.icons8.com/doodle/48/krusty-the-clown.png
6,15,118,Lenny,18.0,https://static.simpsonswiki.com/images/6/6f/Tapped_Out_Lenny_Icon.png
6,15,118,Lisa,46.0,https://img.icons8.com/doodle/48/lisa-simpson.png
6,15,118,Marge,24.0,https://img.icons8.com/doodle/48/marge-simpson.png
6,15,118,Milhouse,35.0,https://img.icons8.com/doodle/48/milhouse-van-houten.png
6,16,119,Bart,431.0,https://img.icons8.com/doodle/48/bart-simpson.png
6,16,119,Homer,358.0,https://img.icons8.com/doodle/48/homer-simpson.png
6,16,119,Lisa,273.0,https://img.icons8.com/doodle/48/lisa-simpson.png
6,16,119,Marge,260.0,https://img.icons8.com/doodle/48/marge-simpson.png
6,16,119,Milhouse,16.0,https://img.icons8.com/doodle/48/milhouse-van-houten.png
6,17,120,Bart,302.0,https://img.icons8.com/doodle/48/bart-simpson.png
6,17,120,Chief Wiggum,87.0,https://img.icons8.com/doodle/48/clancy-wiggum.png
6,17,120,Homer,871.0,https://img.icons8.com/doodle/48/homer-simpson.png
6,17,120,Lenny,14.0,https://static.simpsonswiki.com/images/6/6f/Tapped_Out_Lenny_Icon.png
6,17,120,Lisa,91.0,https://img.icons8.com/doodle/48/lisa-simpson.png
6,17,120,Marge,255.0,https://img.icons8.com/doodle/48/marge-simpson.png
6,17,120,Milhouse,54.0,https://img.icons8.com/doodle/48/milhouse-van-houten.png
6,17,120,Moe,64.0,https://img.icons8.com/doodle/48/bartender-mo.png
6,18,121,Apu,3.0,https://static.simpsonswiki.com/images/0/08/Tapped_Out_Apu_Icon_-_Happy.png
6,18,121,Bart,153.0,https://img.icons8.com/doodle/48/bart-simpson.png
6,18,121,Chief Wiggum,37.0,https://img.icons8.com/doodle/48/clancy-wiggum.png
6,18,121,Flanders,47.0,https://img.icons8.com/doodle/48/ned-flanders.png
6,18,121,Grampa,33.0,https://img.icons8.com/doodle/48/abraham-simpson.png
6,18,121,Homer,362.0,https://img.icons8.com/doodle/48/homer-simpson.png
6,18,121,Krusty,57.0,https://img.icons8.com/doodle/48/krusty-the-clown.png
6,18,121,Lisa,93.0,https://img.icons8.com/doodle/48/lisa-simpson.png
6,18,121,Marge,346.0,https://img.icons8.com/doodle/48/marge-simpson.png
6,18,121,Milhouse,2.0,https://img.icons8.com/doodle/48/milhouse-van-houten.png
6,18,121,Moe,36.0,https://img.icons8.com/doodle/48/bartender-mo.png
6,18,121,Mr. Burns,219.0,https://img.icons8.com/doodle/48/charles-montgomery-burns.png
6,19,122,Bart,142.0,https://img.icons8.com/doodle/48/bart-simpson.png
6,19,122,Chief Wiggum,57.0,https://img.icons8.com/doodle/48/clancy-wiggum.png
6,19,122,Flanders,24.0,https://img.icons8.com/doodle/48/ned-flanders.png
6,19,122,Homer,528.0,https://img.icons8.com/doodle/48/homer-simpson.png
6,19,122,Lisa,589.0,https://img.icons8.com/doodle/48/lisa-simpson.png
6,19,122,Marge,153.0,https://img.icons8.com/doodle/48/marge-simpson.png
6,19,122,Milhouse,22.0,https://img.icons8.com/doodle/48/milhouse-van-houten.png
6,19,122,Moe,24.0,https://img.icons8.com/doodle/48/bartender-mo.png
6,19,122,Mr. Burns,15.0,https://img.icons8.com/doodle/48/charles-montgomery-burns.png
6,20,123,Bart,308.0,https://img.icons8.com/doodle/48/bart-simpson.png
6,20,123,Chief Wiggum,49.0,https://img.icons8.com/doodle/48/clancy-wiggum.png
6,20,123,Flanders,14.0,https://img.icons8.com/doodle/48/ned-flanders.png
6,20,123,Grampa,23.0,https://img.icons8.com/doodle/48/abraham-simpson.png
6,20,123,Homer,281.0,https://img.icons8.com/doodle/48/homer-simpson.png
6,20,123,Lisa,208.0,https://img.icons8.com/doodle/48/lisa-simpson.png
6,20,123,Marge,382.0,https://img.icons8.com/doodle/48/marge-simpson.png
6,20,123,Mr. Burns,445.0,https://img.icons8.com/doodle/48/charles-montgomery-burns.png
6,21,124,Bart,358.0,https://img.icons8.com/doodle/48/bart-simpson.png
6,21,124,Flanders,97.0,https://img.icons8.com/doodle/48/ned-flanders.png
6,21,124,Grampa,22.0,https://img.icons8.com/doodle/48/abraham-simpson.png
6,21,124,Homer,111.0,https://img.icons8.com/doodle/48/homer-simpson.png
6,21,124,Lisa,204.0,https://img.icons8.com/doodle/48/lisa-simpson.png
6,21,124,Marge,189.0,https://img.icons8.com/doodle/48/marge-simpson.png
6,21,124,Milhouse,89.0,https://img.icons8.com/doodle/48/milhouse-van-houten.png
6,21,124,Moe,76.0,https://img.icons8.com/doodle/48/bartender-mo.png
6,22,125,Bart,258.0,https://img.icons8.com/doodle/48/bart-simpson.png
6,22,125,Chief Wiggum,20.0,https://img.icons8.com/doodle/48/clancy-wiggum.png
6,22,125,Grampa,38.0,https://img.icons8.com/doodle/48/abraham-simpson.png
6,22,125,Homer,209.0,https://img.icons8.com/doodle/48/homer-simpson.png
6,22,125,Krusty,130.0,https://img.icons8.com/doodle/48/krusty-the-clown.png
6,22,125,Lisa,441.0,https://img.icons8.com/doodle/48/lisa-simpson.png
6,22,125,Marge,114.0,https://img.icons8.com/doodle/48/marge-simpson.png
6,22,125,Milhouse,15.0,https://img.icons8.com/doodle/48/milhouse-van-houten.png
6,22,125,Moe,13.0,https://img.icons8.com/doodle/48/bartender-mo.png
6,22,125,Mr. Burns,4.0,https://img.icons8.com/doodle/48/charles-montgomery-burns.png
6,23,126,Apu,46.0,https://static.simpsonswiki.com/images/0/08/Tapped_Out_Apu_Icon_-_Happy.png
6,23,126,Bart,64.0,https://img.icons8.com/doodle/48/bart-simpson.png
6,23,126,Chief Wiggum,230.0,https://img.icons8.com/doodle/48/clancy-wiggum.png
6,23,126,Flanders,43.0,https://img.icons8.com/doodle/48/ned-flanders.png
6,23,126,Grampa,16.0,https://img.icons8.com/doodle/48/abraham-simpson.png
6,23,126,Homer,724.0,https://img.icons8.com/doodle/48/homer-simpson.png
6,23,126,Lenny,29.0,https://static.simpsonswiki.com/images/6/6f/Tapped_Out_Lenny_Icon.png
6,23,126,Lisa,128.0,https://img.icons8.com/doodle/48/lisa-simpson.png
6,23,126,Marge,639.0,https://img.icons8.com/doodle/48/marge-simpson.png
6,23,126,Milhouse,3.0,https://img.icons8.com/doodle/48/milhouse-van-houten.png
6,23,126,Moe,100.0,https://img.icons8.com/doodle/48/bartender-mo.png
6,24,127,Bart,639.0,https://img.icons8.com/doodle/48/bart-simpson.png
6,24,127,Flanders,82.0,https://img.icons8.com/doodle/48/ned-flanders.png
6,24,127,Grampa,140.0,https://img.icons8.com/doodle/48/abraham-simpson.png
6,24,127,Homer,211.0,https://img.icons8.com/doodle/48/homer-simpson.png
6,24,127,Lisa,45.0,https://img.icons8.com/doodle/48/lisa-simpson.png
6,24,127,Marge,236.0,https://img.icons8.com/doodle/48/marge-simpson.png
6,24,127,Milhouse,207.0,https://img.icons8.com/doodle/48/milhouse-van-houten.png
6,25,128,Apu,19.0,https://static.simpsonswiki.com/images/0/08/Tapped_Out_Apu_Icon_-_Happy.png
6,25,128,Bart,76.0,https://img.icons8.com/doodle/48/bart-simpson.png
6,25,128,Chief Wiggum,39.0,https://img.icons8.com/doodle/48/clancy-wiggum.png
6,25,128,Flanders,17.0,https://img.icons8.com/doodle/48/ned-flanders.png
6,25,128,Grampa,110.0,https://img.icons8.com/doodle/48/abraham-simpson.png
6,25,128,Homer,134.0,https://img.icons8.com/doodle/48/homer-simpson.png
6,25,128,Krusty,15.0,https://img.icons8.com/doodle/48/krusty-the-clown.png
6,25,128,Lenny,12.0,https://static.simpsonswiki.com/images/6/6f/Tapped_Out_Lenny_Icon.png
6,25,128,Lisa,134.0,https://img.icons8.com/doodle/48/lisa-simpson.png
6,25,128,Marge,136.0,https://img.icons8.com/doodle/48/marge-simpson.png
6,25,128,Milhouse,4.0,https://img.icons8.com/doodle/48/milhouse-van-houten.png
6,25,128,Moe,27.0,https://img.icons8.com/doodle/48/bartender-mo.png
6,25,128,Mr. Burns,639.0,https://img.icons8.com/doodle/48/charles-montgomery-burns.png
7,1,129,Apu,21.0,https://static.simpsonswiki.com/images/0/08/Tapped_Out_Apu_Icon_-_Happy.png
7,1,129,Bart,31.0,https://img.icons8.com/doodle/48/bart-simpson.png
7,1,129,Chief Wiggum,404.0,https://img.icons8.com/doodle/48/clancy-wiggum.png
7,1,129,Grampa,112.0,https://img.icons8.com/doodle/48/abraham-simpson.png
7,1,129,Homer,136.0,https://img.icons8.com/doodle/48/homer-simpson.png
7,1,129,Krusty,40.0,https://img.icons8.com/doodle/48/krusty-the-clown.png
7,1,129,Lisa,464.0,https://img.icons8.com/doodle/48/lisa-simpson.png
7,1,129,Marge,179.0,https://img.icons8.com/doodle/48/marge-simpson.png
7,1,129,Moe,79.0,https://img.icons8.com/doodle/48/bartender-mo.png
7,1,129,Mr. Burns,277.0,https://img.icons8.com/doodle/48/charles-montgomery-burns.png
7,2,130,Bart,429.0,https://img.icons8.com/doodle/48/bart-simpson.png
7,2,130,Chief Wiggum,37.0,https://img.icons8.com/doodle/48/clancy-wiggum.png
7,2,130,Grampa,8.0,https://img.icons8.com/doodle/48/abraham-simpson.png
7,2,130,Homer,97.0,https://img.icons8.com/doodle/48/homer-simpson.png
7,2,130,Krusty,40.0,https://img.icons8.com/doodle/48/krusty-the-clown.png
7,2,130,Lisa,40.0,https://img.icons8.com/doodle/48/lisa-simpson.png
7,2,130,Marge,19.0,https://img.icons8.com/doodle/48/marge-simpson.png
7,2,130,Milhouse,264.0,https://img.icons8.com/doodle/48/milhouse-van-houten.png
7,2,130,Moe,102.0,https://img.icons8.com/doodle/48/bartender-mo.png
7,3,131,Bart,126.0,https://img.icons8.com/doodle/48/bart-simpson.png
7,3,131,Flanders,495.0,https://img.icons8.com/doodle/48/ned-flanders.png
7,3,131,Grampa,17.0,https://img.icons8.com/doodle/48/abraham-simpson.png
7,3,131,Homer,416.0,https://img.icons8.com/doodle/48/homer-simpson.png
7,3,131,Lisa,205.0,https://img.icons8.com/doodle/48/lisa-simpson.png
7,3,131,Marge,437.0,https://img.icons8.com/doodle/48/marge-simpson.png
7,3,131,Milhouse,21.0,https://img.icons8.com/doodle/48/milhouse-van-houten.png
7,4,132,Apu,14.0,https://static.simpsonswiki.com/images/0/08/Tapped_Out_Apu_Icon_-_Happy.png
7,4,132,Bart,508.0,https://img.icons8.com/doodle/48/bart-simpson.png
7,4,132,Chief Wiggum,31.0,https://img.icons8.com/doodle/48/clancy-wiggum.png
7,4,132,Flanders,55.0,https://img.icons8.com/doodle/48/ned-flanders.png
7,4,132,Homer,165.0,https://img.icons8.com/doodle/48/homer-simpson.png
7,4,132,Krusty,11.0,https://img.icons8.com/doodle/48/krusty-the-clown.png
7,4,132,Lisa,190.0,https://img.icons8.com/doodle/48/lisa-simpson.png
7,4,132,Marge,75.0,https://img.icons8.com/doodle/48/marge-simpson.png
7,4,132,Milhouse,204.0,https://img.icons8.com/doodle/48/milhouse-van-houten.png
7,4,132,Moe,495.0,https://img.icons8.com/doodle/48/bartender-mo.png
7,5,133,Apu,198.0,https://static.simpsonswiki.com/images/0/08/Tapped_Out_Apu_Icon_-_Happy.png
7,5,133,Bart,148.0,https://img.icons8.com/doodle/48/bart-simpson.png
7,5,133,Chief Wiggum,27.0,https://img.icons8.com/doodle/48/clancy-wiggum.png
7,5,133,Flanders,64.0,https://img.icons8.com/doodle/48/ned-flanders.png
7,5,133,Grampa,39.0,https://img.icons8.com/doodle/48/abraham-simpson.png
7,5,133,Homer,498.0,https://img.icons8.com/doodle/48/homer-simpson.png
7,5,133,Lisa,511.0,https://img.icons8.com/doodle/48/lisa-simpson.png
7,5,133,Marge,199.0,https://img.icons8.com/doodle/48/marge-simpson.png
7,5,133,Mr. Burns,22.0,https://img.icons8.com/doodle/48/charles-montgomery-burns.png
7,6,134,Bart,227.0,https://img.icons8.com/doodle/48/bart-simpson.png
7,6,134,Chief Wiggum,56.0,https://img.icons8.com/doodle/48/clancy-wiggum.png
7,6,134,Flanders,16.0,https://img.icons8.com/doodle/48/ned-flanders.png
7,6,134,Grampa,18.0,https://img.icons8.com/doodle/48/abraham-simpson.png
7,6,134,Homer,460.0,https://img.icons8.com/doodle/48/homer-simpson.png
7,6,134,Krusty,55.0,https://img.icons8.com/doodle/48/krusty-the-clown.png
7,6,134,Lisa,215.0,https://img.icons8.com/doodle/48/lisa-simpson.png
7,6,134,Marge,162.0,https://img.icons8.com/doodle/48/marge-simpson.png
7,7,135,Bart,167.0,https://img.icons8.com/doodle/48/bart-simpson.png
7,7,135,Flanders,16.0,https://img.icons8.com/doodle/48/ned-flanders.png
7,7,135,Homer,1048.0,https://img.icons8.com/doodle/48/homer-simpson.png
7,7,135,Lenny,59.0,https://static.simpsonswiki.com/images/6/6f/Tapped_Out_Lenny_Icon.png
7,7,135,Lisa,169.0,https://img.icons8.com/doodle/48/lisa-simpson.png
7,7,135,Marge,232.0,https://img.icons8.com/doodle/48/marge-simpson.png
7,7,135,Milhouse,17.0,https://img.icons8.com/doodle/48/milhouse-van-houten.png
7,7,135,Mr. Burns,170.0,https://img.icons8.com/doodle/48/charles-montgomery-burns.png
7,8,136,Bart,119.0,https://img.icons8.com/doodle/48/bart-simpson.png
7,8,136,Chief Wiggum,75.0,https://img.icons8.com/doodle/48/clancy-wiggum.png
7,8,136,Flanders,41.0,https://img.icons8.com/doodle/48/ned-flanders.png
7,8,136,Grampa,149.0,https://img.icons8.com/doodle/48/abraham-simpson.png
7,8,136,Homer,555.0,https://img.icons8.com/doodle/48/homer-simpson.png
7,8,136,Lenny,45.0,https://static.simpsonswiki.com/images/6/6f/Tapped_Out_Lenny_Icon.png
7,8,136,Lisa,196.0,https://img.icons8.com/doodle/48/lisa-simpson.png
7,8,136,Marge,179.0,https://img.icons8.com/doodle/48/marge-simpson.png
7,8,136,Mr. Burns,195.0,https://img.icons8.com/doodle/48/charles-montgomery-burns.png
7,9,137,Bart,189.0,https://img.icons8.com/doodle/48/bart-simpson.png
7,9,137,Chief Wiggum,94.0,https://img.icons8.com/doodle/48/clancy-wiggum.png
7,9,137,Grampa,65.0,https://img.icons8.com/doodle/48/abraham-simpson.png
7,9,137,Homer,115.0,https://img.icons8.com/doodle/48/homer-simpson.png
7,9,137,Krusty,332.0,https://img.icons8.com/doodle/48/krusty-the-clown.png
7,9,137,Lisa,190.0,https://img.icons8.com/doodle/48/lisa-simpson.png
7,9,137,Marge,99.0,https://img.icons8.com/doodle/48/marge-simpson.png
7,9,137,Milhouse,18.0,https://img.icons8.com/doodle/48/milhouse-van-houten.png
7,9,137,Moe,1.0,https://img.icons8.com/doodle/48/bartender-mo.png
7,10,138,Apu,14.0,https://static.simpsonswiki.com/images/0/08/Tapped_Out_Apu_Icon_-_Happy.png
7,10,138,Bart,126.0,https://img.icons8.com/doodle/48/bart-simpson.png
7,10,138,Homer,352.0,https://img.icons8.com/doodle/48/homer-simpson.png
7,10,138,Krusty,82.0,https://img.icons8.com/doodle/48/krusty-the-clown.png
7,10,138,Lisa,105.0,https://img.icons8.com/doodle/48/lisa-simpson.png
7,10,138,Marge,141.0,https://img.icons8.com/doodle/48/marge-simpson.png
7,10,138,Mr. Burns,230.0,https://img.icons8.com/doodle/48/charles-montgomery-burns.png
7,11,139,Bart,526.0,https://img.icons8.com/doodle/48/bart-simpson.png
7,11,139,Grampa,5.0,https://img.icons8.com/doodle/48/abraham-simpson.png
7,11,139,Homer,313.0,https://img.icons8.com/doodle/48/homer-simpson.png
7,11,139,Krusty,38.0,https://img.icons8.com/doodle/48/krusty-the-clown.png
7,11,139,Lisa,122.0,https://img.icons8.com/doodle/48/lisa-simpson.png
7,11,139,Marge,517.0,https://img.icons8.com/doodle/48/marge-simpson.png
7,11,139,Milhouse,111.0,https://img.icons8.com/doodle/48/milhouse-van-houten.png
7,12,140,Apu,130.0,https://static.simpsonswiki.com/images/0/08/Tapped_Out_Apu_Icon_-_Happy.png
7,12,140,Bart,116.0,https://img.icons8.com/doodle/48/bart-simpson.png
7,12,140,Chief Wiggum,9.0,https://img.icons8.com/doodle/48/clancy-wiggum.png
7,12,140,Flanders,5.0,https://img.icons8.com/doodle/48/ned-flanders.png
7,12,140,Homer,591.0,https://img.icons8.com/doodle/48/homer-simpson.png
7,12,140,Krusty,6.0,https://img.icons8.com/doodle/48/krusty-the-clown.png
7,12,140,Lisa,21.0,https://img.icons8.com/doodle/48/lisa-simpson.png
7,12,140,Marge,108.0,https://img.icons8.com/doodle/48/marge-simpson.png
7,12,140,Milhouse,42.0,https://img.icons8.com/doodle/48/milhouse-van-houten.png
7,12,140,Moe,313.0,https://img.icons8.com/doodle/48/bartender-mo.png
7,12,140,Mr. Burns,388.0,https://img.icons8.com/doodle/48/charles-montgomery-burns.png
7,13,141,Apu,59.0,https://static.simpsonswiki.com/images/0/08/Tapped_Out_Apu_Icon_-_Happy.png
7,13,141,Bart,181.0,https://img.icons8.com/doodle/48/bart-simpson.png
7,13,141,Chief Wiggum,4.0,https://img.icons8.com/doodle/48/clancy-wiggum.png
7,13,141,Flanders,165.0,https://img.icons8.com/doodle/48/ned-flanders.png
7,13,141,Grampa,35.0,https://img.icons8.com/doodle/48/abraham-simpson.png
7,13,141,Homer,717.0,https://img.icons8.com/doodle/48/homer-simpson.png
7,13,141,Lisa,30.0,https://img.icons8.com/doodle/48/lisa-simpson.png
7,13,141,Marge,138.0,https://img.icons8.com/doodle/48/marge-simpson.png
7,13,141,Moe,2.0,https://img.icons8.com/doodle/48/bartender-mo.png
7,14,142,Apu,54.0,https://static.simpsonswiki.com/images/0/08/Tapped_Out_Apu_Icon_-_Happy.png
7,14,142,Bart,82.0,https://img.icons8.com/doodle/48/bart-simpson.png
7,14,142,Grampa,24.0,https://img.icons8.com/doodle/48/abraham-simpson.png
7,14,142,Homer,376.0,https://img.icons8.com/doodle/48/homer-simpson.png
7,14,142,Krusty,8.0,https://img.icons8.com/doodle/48/krusty-the-clown.png
7,14,142,Lenny,9.0,https://static.simpsonswiki.com/images/6/6f/Tapped_Out_Lenny_Icon.png
7,14,142,Lisa,273.0,https://img.icons8.com/doodle/48/lisa-simpson.png
7,14,142,Marge,808.0,https://img.icons8.com/doodle/48/marge-simpson.png
7,14,142,Mr. Burns,194.0,https://img.icons8.com/doodle/48/charles-montgomery-burns.png
7,15,143,Apu,9.0,https://static.simpsonswiki.com/images/0/08/Tapped_Out_Apu_Icon_-_Happy.png
7,15,143,Bart,533.0,https://img.icons8.com/doodle/48/bart-simpson.png
7,15,143,Chief Wiggum,44.0,https://img.icons8.com/doodle/48/clancy-wiggum.png
7,15,143,Homer,132.0,https://img.icons8.com/doodle/48/homer-simpson.png
7,15,143,Krusty,574.0,https://img.icons8.com/doodle/48/krusty-the-clown.png
7,15,143,Lisa,203.0,https://img.icons8.com/doodle/48/lisa-simpson.png
7,15,143,Marge,114.0,https://img.icons8.com/doodle/48/marge-simpson.png
7,15,143,Milhouse,37.0,https://img.icons8.com/doodle/48/milhouse-van-houten.png
7,15,143,Moe,5.0,https://img.icons8.com/doodle/48/bartender-mo.png
7,16,144,Apu,54.0,https://static.simpsonswiki.com/images/0/08/Tapped_Out_Apu_Icon_-_Happy.png
7,16,144,Bart,52.0,https://img.icons8.com/doodle/48/bart-simpson.png
7,16,144,Chief Wiggum,90.0,https://img.icons8.com/doodle/48/clancy-wiggum.png
7,16,144,Flanders,52.0,https://img.icons8.com/doodle/48/ned-flanders.png
7,16,144,Homer,415.0,https://img.icons8.com/doodle/48/homer-simpson.png
7,16,144,Lisa,609.0,https://img.icons8.com/doodle/48/lisa-simpson.png
7,16,144,Marge,47.0,https://img.icons8.com/doodle/48/marge-simpson.png
7,16,144,Milhouse,6.0,https://img.icons8.com/doodle/48/milhouse-van-houten.png
7,16,144,Moe,74.0,https://img.icons8.com/doodle/48/bartender-mo.png
7,17,145,Bart,49.0,https://img.icons8.com/doodle/48/bart-simpson.png
7,17,145,Chief Wiggum,8.0,https://img.icons8.com/doodle/48/clancy-wiggum.png
7,17,145,Homer,559.0,https://img.icons8.com/doodle/48/homer-simpson.png
7,17,145,Lenny,29.0,https://static.simpsonswiki.com/images/6/6f/Tapped_Out_Lenny_Icon.png
7,17,145,Lisa,74.0,https://img.icons8.com/doodle/48/lisa-simpson.png
7,17,145,Marge,124.0,https://img.icons8.com/doodle/48/marge-simpson.png
7,17,145,Moe,88.0,https://img.icons8.com/doodle/48/bartender-mo.png
7,17,145,Mr. Burns,927.0,https://img.icons8.com/doodle/48/charles-montgomery-burns.png
7,18,146,Apu,41.0,https://static.simpsonswiki.com/images/0/08/Tapped_Out_Apu_Icon_-_Happy.png
7,18,146,Bart,551.0,https://img.icons8.com/doodle/48/bart-simpson.png
7,18,146,Grampa,30.0,https://img.icons8.com/doodle/48/abraham-simpson.png
7,18,146,Homer,70.0,https://img.icons8.com/doodle/48/homer-simpson.png
7,18,146,Krusty,76.0,https://img.icons8.com/doodle/48/krusty-the-clown.png
7,18,146,Lisa,151.0,https://img.icons8.com/doodle/48/lisa-simpson.png
7,18,146,Marge,144.0,https://img.icons8.com/doodle/48/marge-simpson.png
7,18,146,Milhouse,21.0,https://img.icons8.com/doodle/48/milhouse-van-houten.png
7,19,147,Bart,14.0,https://img.icons8.com/doodle/48/bart-simpson.png
7,19,147,Chief Wiggum,74.0,https://img.icons8.com/doodle/48/clancy-wiggum.png
7,19,147,Grampa,12.0,https://img.icons8.com/doodle/48/abraham-simpson.png
7,19,147,Homer,168.0,https://img.icons8.com/doodle/48/homer-simpson.png
7,19,147,Lenny,28.0,https://static.simpsonswiki.com/images/6/6f/Tapped_Out_Lenny_Icon.png
7,19,147,Lisa,24.0,https://img.icons8.com/doodle/48/lisa-simpson.png
7,19,147,Marge,120.0,https://img.icons8.com/doodle/48/marge-simpson.png
7,20,148,Bart,475.0,https://img.icons8.com/doodle/48/bart-simpson.png
7,20,148,Homer,451.0,https://img.icons8.com/doodle/48/homer-simpson.png
7,20,148,Lisa,449.0,https://img.icons8.com/doodle/48/lisa-simpson.png
7,20,148,Marge,231.0,https://img.icons8.com/doodle/48/marge-simpson.png
7,20,148,Milhouse,253.0,https://img.icons8.com/doodle/48/milhouse-van-houten.png
7,20,148,Moe,17.0,https://img.icons8.com/doodle/48/bartender-mo.png
7,21,149,Apu,129.0,https://static.simpsonswiki.com/images/0/08/Tapped_Out_Apu_Icon_-_Happy.png
7,21,149,Bart,77.0,https://img.icons8.com/doodle/48/bart-simpson.png
7,21,149,Chief Wiggum,67.0,https://img.icons8.com/doodle/48/clancy-wiggum.png
7,21,149,Flanders,73.0,https://img.icons8.com/doodle/48/ned-flanders.png
7,21,149,Grampa,17.0,https://img.icons8.com/doodle/48/abraham-simpson.png
7,21,149,Homer,76.0,https://img.icons8.com/doodle/48/homer-simpson.png
7,21,149,Lisa,106.0,https://img.icons8.com/doodle/48/lisa-simpson.png
7,21,149,Marge,77.0,https://img.icons8.com/doodle/48/marge-simpson.png
7,21,149,Milhouse,65.0,https://img.icons8.com/doodle/48/milhouse-van-houten.png
7,21,149,Moe,87.0,https://img.icons8.com/doodle/48/bartender-mo.png
7,21,149,Mr. Burns,105.0,https://img.icons8.com/doodle/48/charles-montgomery-burns.png
7,22,150,Bart,358.0,https://img.icons8.com/doodle/48/bart-simpson.png
7,22,150,Chief Wiggum,34.0,https://img.icons8.com/doodle/48/clancy-wiggum.png
7,22,150,Flanders,56.0,https://img.icons8.com/doodle/48/ned-flanders.png
7,22,150,Grampa,961.0,https://img.icons8.com/doodle/48/abraham-simpson.png
7,22,150,Homer,68.0,https://img.icons8.com/doodle/48/homer-simpson.png
7,22,150,Lisa,53.0,https://img.icons8.com/doodle/48/lisa-simpson.png
7,22,150,Marge,31.0,https://img.icons8.com/doodle/48/marge-simpson.png
7,22,150,Mr. Burns,360.0,https://img.icons8.com/doodle/48/charles-montgomery-burns.png
7,23,151,Apu,759.0,https://static.simpsonswiki.com/images/0/08/Tapped_Out_Apu_Icon_-_Happy.png
7,23,151,Bart,44.0,https://img.icons8.com/doodle/48/bart-simpson.png
7,23,151,Chief Wiggum,48.0,https://img.icons8.com/doodle/48/clancy-wiggum.png
7,23,151,Flanders,66.0,https://img.icons8.com/doodle/48/ned-flanders.png
7,23,151,Grampa,86.0,https://img.icons8.com/doodle/48/abraham-simpson.png
7,23,151,Homer,678.0,https://img.icons8.com/doodle/48/homer-simpson.png
7,23,151,Lenny,11.0,https://static.simpsonswiki.com/images/6/6f/Tapped_Out_Lenny_Icon.png
7,23,151,Lisa,175.0,https://img.icons8.com/doodle/48/lisa-simpson.png
7,23,151,Marge,97.0,https://img.icons8.com/doodle/48/marge-simpson.png
7,23,151,Moe,66.0,https://img.icons8.com/doodle/48/bartender-mo.png
7,24,152,Bart,166.0,https://img.icons8.com/doodle/48/bart-simpson.png
7,24,152,Grampa,39.0,https://img.icons8.com/doodle/48/abraham-simpson.png
7,24,152,Homer,1015.0,https://img.icons8.com/doodle/48/homer-simpson.png
7,24,152,Lisa,109.0,https://img.icons8.com/doodle/48/lisa-simpson.png
7,24,152,Marge,182.0,https://img.icons8.com/doodle/48/marge-simpson.png
7,24,152,Milhouse,31.0,https://img.icons8.com/doodle/48/milhouse-van-houten.png
7,24,152,Mr. Burns,18.0,https://img.icons8.com/doodle/48/charles-montgomery-burns.png
7,25,153,Apu,44.0,https://static.simpsonswiki.com/images/0/08/Tapped_Out_Apu_Icon_-_Happy.png
7,25,153,Bart,261.0,https://img.icons8.com/doodle/48/bart-simpson.png
7,25,153,Flanders,104.0,https://img.icons8.com/doodle/48/ned-flanders.png
7,25,153,Homer,225.0,https://img.icons8.com/doodle/48/homer-simpson.png
7,25,153,Lisa,587.0,https://img.icons8.com/doodle/48/lisa-simpson.png
7,25,153,Marge,327.0,https://img.icons8.com/doodle/48/marge-simpson.png
7,25,153,Milhouse,102.0,https://img.icons8.com/doodle/48/milhouse-van-houten.png
8,1,154,Bart,169.0,https://img.icons8.com/doodle/48/bart-simpson.png
8,1,154,Homer,425.0,https://img.icons8.com/doodle/48/homer-simpson.png
8,1,154,Lisa,295.0,https://img.icons8.com/doodle/48/lisa-simpson.png
8,1,154,Marge,121.0,https://img.icons8.com/doodle/48/marge-simpson.png
8,2,155,Apu,45.0,https://static.simpsonswiki.com/images/0/08/Tapped_Out_Apu_Icon_-_Happy.png
8,2,155,Bart,132.0,https://img.icons8.com/doodle/48/bart-simpson.png
8,2,155,Chief Wiggum,2.0,https://img.icons8.com/doodle/48/clancy-wiggum.png
8,2,155,Flanders,41.0,https://img.icons8.com/doodle/48/ned-flanders.png
8,2,155,Homer,548.0,https://img.icons8.com/doodle/48/homer-simpson.png
8,2,155,Krusty,2.0,https://img.icons8.com/doodle/48/krusty-the-clown.png
8,2,155,Lisa,130.0,https://img.icons8.com/doodle/48/lisa-simpson.png
8,2,155,Marge,248.0,https://img.icons8.com/doodle/48/marge-simpson.png
8,2,155,Milhouse,20.0,https://img.icons8.com/doodle/48/milhouse-van-houten.png
8,2,155,Moe,2.0,https://img.icons8.com/doodle/48/bartender-mo.png
8,2,155,Mr. Burns,2.0,https://img.icons8.com/doodle/48/charles-montgomery-burns.png
8,3,156,Bart,161.0,https://img.icons8.com/doodle/48/bart-simpson.png
8,3,156,Grampa,14.0,https://img.icons8.com/doodle/48/abraham-simpson.png
8,3,156,Homer,408.0,https://img.icons8.com/doodle/48/homer-simpson.png
8,3,156,Krusty,9.0,https://img.icons8.com/doodle/48/krusty-the-clown.png
8,3,156,Lenny,9.0,https://static.simpsonswiki.com/images/6/6f/Tapped_Out_Lenny_Icon.png
8,3,156,Lisa,32.0,https://img.icons8.com/doodle/48/lisa-simpson.png
8,3,156,Marge,255.0,https://img.icons8.com/doodle/48/marge-simpson.png
8,3,156,Milhouse,13.0,https://img.icons8.com/doodle/48/milhouse-van-houten.png
8,3,156,Moe,738.0,https://img.icons8.com/doodle/48/bartender-mo.png
8,4,157,Bart,54.0,https://img.icons8.com/doodle/48/bart-simpson.png
8,4,157,Chief Wiggum,68.0,https://img.icons8.com/doodle/48/clancy-wiggum.png
8,4,157,Flanders,121.0,https://img.icons8.com/doodle/48/ned-flanders.png
8,4,157,Grampa,10.0,https://img.icons8.com/doodle/48/abraham-simpson.png
8,4,157,Homer,391.0,https://img.icons8.com/doodle/48/homer-simpson.png
8,4,157,Lisa,68.0,https://img.icons8.com/doodle/48/lisa-simpson.png
8,4,157,Marge,220.0,https://img.icons8.com/doodle/48/marge-simpson.png
8,4,157,Moe,16.0,https://img.icons8.com/doodle/48/bartender-mo.png
8,4,157,Mr. Burns,643.0,https://img.icons8.com/doodle/48/charles-montgomery-burns.png
8,5,158,Apu,5.0,https://static.simpsonswiki.com/images/0/08/Tapped_Out_Apu_Icon_-_Happy.png
8,5,158,Bart,263.0,https://img.icons8.com/doodle/48/bart-simpson.png
8,5,158,Chief Wiggum,19.0,https://img.icons8.com/doodle/48/clancy-wiggum.png
8,5,158,Flanders,90.0,https://img.icons8.com/doodle/48/ned-flanders.png
8,5,158,Grampa,31.0,https://img.icons8.com/doodle/48/abraham-simpson.png
8,5,158,Homer,448.0,https://img.icons8.com/doodle/48/homer-simpson.png
8,5,158,Lenny,7.0,https://static.simpsonswiki.com/images/6/6f/Tapped_Out_Lenny_Icon.png
8,5,158,Lisa,85.0,https://img.icons8.com/doodle/48/lisa-simpson.png
8,5,158,Marge,411.0,https://img.icons8.com/doodle/48/marge-simpson.png
8,5,158,Milhouse,62.0,https://img.icons8.com/doodle/48/milhouse-van-houten.png
8,5,158,Moe,22.0,https://img.icons8.com/doodle/48/bartender-mo.png
8,5,158,Mr. Burns,16.0,https://img.icons8.com/doodle/48/charles-montgomery-burns.png
8,6,159,Bart,95.0,https://img.icons8.com/doodle/48/bart-simpson.png
8,6,159,Flanders,35.0,https://img.icons8.com/doodle/48/ned-flanders.png
8,6,159,Homer,664.0,https://img.icons8.com/doodle/48/homer-simpson.png
8,6,159,Lisa,84.0,https://img.icons8.com/doodle/48/lisa-simpson.png
8,6,159,Marge,541.0,https://img.icons8.com/doodle/48/marge-simpson.png
8,6,159,Milhouse,51.0,https://img.icons8.com/doodle/48/milhouse-van-houten.png
8,7,160,Apu,75.0,https://static.simpsonswiki.com/images/0/08/Tapped_Out_Apu_Icon_-_Happy.png
8,7,160,Bart,49.0,https://img.icons8.com/doodle/48/bart-simpson.png
8,7,160,Chief Wiggum,151.0,https://img.icons8.com/doodle/48/clancy-wiggum.png
8,7,160,Flanders,67.0,https://img.icons8.com/doodle/48/ned-flanders.png
8,7,160,Grampa,8.0,https://img.icons8.com/doodle/48/abraham-simpson.png
8,7,160,Homer,235.0,https://img.icons8.com/doodle/48/homer-simpson.png
8,7,160,Lisa,671.0,https://img.icons8.com/doodle/48/lisa-simpson.png
8,7,160,Marge,89.0,https://img.icons8.com/doodle/48/marge-simpson.png
8,7,160,Milhouse,97.0,https://img.icons8.com/doodle/48/milhouse-van-houten.png
8,7,160,Mr. Burns,15.0,https://img.icons8.com/doodle/48/charles-montgomery-burns.png
8,8,161,Apu,72.0,https://static.simpsonswiki.com/images/0/08/Tapped_Out_Apu_Icon_-_Happy.png
8,8,161,Bart,36.0,https://img.icons8.com/doodle/48/bart-simpson.png
8,8,161,Chief Wiggum,13.0,https://img.icons8.com/doodle/48/clancy-wiggum.png
8,8,161,Flanders,933.0,https://img.icons8.com/doodle/48/ned-flanders.png
8,8,161,Grampa,20.0,https://img.icons8.com/doodle/48/abraham-simpson.png
8,8,161,Homer,328.0,https://img.icons8.com/doodle/48/homer-simpson.png
8,8,161,Krusty,7.0,https://img.icons8.com/doodle/48/krusty-the-clown.png
8,8,161,Lenny,11.0,https://static.simpsonswiki.com/images/6/6f/Tapped_Out_Lenny_Icon.png
8,8,161,Lisa,124.0,https://img.icons8.com/doodle/48/lisa-simpson.png
8,8,161,Marge,191.0,https://img.icons8.com/doodle/48/marge-simpson.png
8,8,161,Moe,33.0,https://img.icons8.com/doodle/48/bartender-mo.png
8,9,162,Bart,74.0,https://img.icons8.com/doodle/48/bart-simpson.png
8,9,162,Chief Wiggum,93.0,https://img.icons8.com/doodle/48/clancy-wiggum.png
8,9,162,Flanders,65.0,https://img.icons8.com/doodle/48/ned-flanders.png
8,9,162,Homer,1067.0,https://img.icons8.com/doodle/48/homer-simpson.png
8,9,162,Krusty,5.0,https://img.icons8.com/doodle/48/krusty-the-clown.png
8,9,162,Lenny,18.0,https://static.simpsonswiki.com/images/6/6f/Tapped_Out_Lenny_Icon.png
8,9,162,Lisa,33.0,https://img.icons8.com/doodle/48/lisa-simpson.png
8,9,162,Marge,326.0,https://img.icons8.com/doodle/48/marge-simpson.png
8,9,162,Moe,13.0,https://img.icons8.com/doodle/48/bartender-mo.png
8,10,163,Bart,144.0,https://img.icons8.com/doodle/48/bart-simpson.png
8,10,163,Chief Wiggum,34.0,https://img.icons8.com/doodle/48/clancy-wiggum.png
8,10,163,Flanders,11.0,https://img.icons8.com/doodle/48/ned-flanders.png
8,10,163,Grampa,60.0,https://img.icons8.com/doodle/48/abraham-simpson.png
8,10,163,Homer,685.0,https://img.icons8.com/doodle/48/homer-simpson.png
8,10,163,Lenny,15.0,https://static.simpsonswiki.com/images/6/6f/Tapped_Out_Lenny_Icon.png
8,10,163,Lisa,119.0,https://img.icons8.com/doodle/48/lisa-simpson.png
8,10,163,Marge,168.0,https://img.icons8.com/doodle/48/marge-simpson.png
8,10,163,Milhouse,13.0,https://img.icons8.com/doodle/48/milhouse-van-houten.png
8,10,163,Moe,81.0,https://img.icons8.com/doodle/48/bartender-mo.png
8,10,163,Mr. Burns,101.0,https://img.icons8.com/doodle/48/charles-montgomery-burns.png
8,11,164,Bart,42.0,https://img.icons8.com/doodle/48/bart-simpson.png
8,11,164,Chief Wiggum,42.0,https://img.icons8.com/doodle/48/clancy-wiggum.png
8,11,164,Flanders,60.0,https://img.icons8.com/doodle/48/ned-flanders.png
8,11,164,Grampa,5.0,https://img.icons8.com/doodle/48/abraham-simpson.png
8,11,164,Homer,364.0,https://img.icons8.com/doodle/48/homer-simpson.png
8,11,164,Lenny,26.0,https://static.simpsonswiki.com/images/6/6f/Tapped_Out_Lenny_Icon.png
8,11,164,Lisa,47.0,https://img.icons8.com/doodle/48/lisa-simpson.png
8,11,164,Marge,559.0,https://img.icons8.com/doodle/48/marge-simpson.png
8,11,164,Moe,21.0,https://img.icons8.com/doodle/48/bartender-mo.png
8,11,164,Mr. Burns,7.0,https://img.icons8.com/doodle/48/charles-montgomery-burns.png
8,12,165,Bart,113.0,https://img.icons8.com/doodle/48/bart-simpson.png
8,12,165,Homer,333.0,https://img.icons8.com/doodle/48/homer-simpson.png
8,12,165,Lenny,81.0,https://static.simpsonswiki.com/images/6/6f/Tapped_Out_Lenny_Icon.png
8,12,165,Lisa,56.0,https://img.icons8.com/doodle/48/lisa-simpson.png
8,12,165,Marge,62.0,https://img.icons8.com/doodle/48/marge-simpson.png
8,12,165,Mr. Burns,936.0,https://img.icons8.com/doodle/48/charles-montgomery-burns.png
8,13,166,Apu,11.0,https://static.simpsonswiki.com/images/0/08/Tapped_Out_Apu_Icon_-_Happy.png
8,13,166,Bart,171.0,https://img.icons8.com/doodle/48/bart-simpson.png
8,13,166,Chief Wiggum,8.0,https://img.icons8.com/doodle/48/clancy-wiggum.png
8,13,166,Flanders,18.0,https://img.icons8.com/doodle/48/ned-flanders.png
8,13,166,Grampa,41.0,https://img.icons8.com/doodle/48/abraham-simpson.png
8,13,166,Homer,413.0,https://img.icons8.com/doodle/48/homer-simpson.png
8,13,166,Krusty,114.0,https://img.icons8.com/doodle/48/krusty-the-clown.png
8,13,166,Lisa,202.0,https://img.icons8.com/doodle/48/lisa-simpson.png
8,13,166,Marge,270.0,https://img.icons8.com/doodle/48/marge-simpson.png
8,13,166,Moe,26.0,https://img.icons8.com/doodle/48/bartender-mo.png
8,13,166,Mr. Burns,42.0,https://img.icons8.com/doodle/48/charles-montgomery-burns.png
8,14,167,Bart,176.0,https://img.icons8.com/doodle/48/bart-simpson.png
8,14,167,Flanders,17.0,https://img.icons8.com/doodle/48/ned-flanders.png
8,14,167,Homer,479.0,https://img.icons8.com/doodle/48/homer-simpson.png
8,14,167,Krusty,319.0,https://img.icons8.com/doodle/48/krusty-the-clown.png
8,14,167,Lisa,157.0,https://img.icons8.com/doodle/48/lisa-simpson.png
8,14,167,Marge,120.0,https://img.icons8.com/doodle/48/marge-simpson.png
8,14,167,Milhouse,21.0,https://img.icons8.com/doodle/48/milhouse-van-houten.png
8,14,167,Moe,15.0,https://img.icons8.com/doodle/48/bartender-mo.png
8,15,168,Bart,231.0,https://img.icons8.com/doodle/48/bart-simpson.png
8,15,168,Homer,981.0,https://img.icons8.com/doodle/48/homer-simpson.png
8,15,168,Lisa,148.0,https://img.icons8.com/doodle/48/lisa-simpson.png
8,15,168,Marge,338.0,https://img.icons8.com/doodle/48/marge-simpson.png
8,15,168,Milhouse,3.0,https://img.icons8.com/doodle/48/milhouse-van-houten.png
8,15,168,Moe,253.0,https://img.icons8.com/doodle/48/bartender-mo.png
8,16,169,Bart,316.0,https://img.icons8.com/doodle/48/bart-simpson.png
8,16,169,Chief Wiggum,110.0,https://img.icons8.com/doodle/48/clancy-wiggum.png
8,16,169,Homer,89.0,https://img.icons8.com/doodle/48/homer-simpson.png
8,16,169,Krusty,153.0,https://img.icons8.com/doodle/48/krusty-the-clown.png
8,16,169,Lisa,115.0,https://img.icons8.com/doodle/48/lisa-simpson.png
8,16,169,Marge,65.0,https://img.icons8.com/doodle/48/marge-simpson.png
8,16,169,Milhouse,7.0,https://img.icons8.com/doodle/48/milhouse-van-houten.png
8,17,170,Bart,399.0,https://img.icons8.com/doodle/48/bart-simpson.png
8,17,170,Chief Wiggum,138.0,https://img.icons8.com/doodle/48/clancy-wiggum.png
8,17,170,Flanders,232.0,https://img.icons8.com/doodle/48/ned-flanders.png
8,17,170,Homer,227.0,https://img.icons8.com/doodle/48/homer-simpson.png
8,17,170,Krusty,51.0,https://img.icons8.com/doodle/48/krusty-the-clown.png
8,17,170,Lenny,10.0,https://static.simpsonswiki.com/images/6/6f/Tapped_Out_Lenny_Icon.png
8,17,170,Lisa,745.0,https://img.icons8.com/doodle/48/lisa-simpson.png
8,17,170,Marge,227.0,https://img.icons8.com/doodle/48/marge-simpson.png
8,17,170,Moe,12.0,https://img.icons8.com/doodle/48/bartender-mo.png
8,18,171,Apu,15.0,https://static.simpsonswiki.com/images/0/08/Tapped_Out_Apu_Icon_-_Happy.png
8,18,171,Bart,161.0,https://img.icons8.com/doodle/48/bart-simpson.png
8,18,171,Chief Wiggum,195.0,https://img.icons8.com/doodle/48/clancy-wiggum.png
8,18,171,Flanders,32.0,https://img.icons8.com/doodle/48/ned-flanders.png
8,18,171,Homer,555.0,https://img.icons8.com/doodle/48/homer-simpson.png
8,18,171,Krusty,7.0,https://img.icons8.com/doodle/48/krusty-the-clown.png
8,18,171,Lenny,18.0,https://static.simpsonswiki.com/images/6/6f/Tapped_Out_Lenny_Icon.png
8,18,171,Lisa,44.0,https://img.icons8.com/doodle/48/lisa-simpson.png
8,18,171,Marge,251.0,https://img.icons8.com/doodle/48/marge-simpson.png
8,18,171,Milhouse,10.0,https://img.icons8.com/doodle/48/milhouse-van-houten.png
8,18,171,Moe,125.0,https://img.icons8.com/doodle/48/bartender-mo.png
8,19,172,Apu,1.0,https://static.simpsonswiki.com/images/0/08/Tapped_Out_Apu_Icon_-_Happy.png
8,19,172,Bart,341.0,https://img.icons8.com/doodle/48/bart-simpson.png
8,19,172,Chief Wiggum,72.0,https://img.icons8.com/doodle/48/clancy-wiggum.png
8,19,172,Flanders,30.0,https://img.icons8.com/doodle/48/ned-flanders.png
8,19,172,Homer,101.0,https://img.icons8.com/doodle/48/homer-simpson.png
8,19,172,Krusty,13.0,https://img.icons8.com/doodle/48/krusty-the-clown.png
8,19,172,Lenny,8.0,https://static.simpsonswiki.com/images/6/6f/Tapped_Out_Lenny_Icon.png
8,19,172,Lisa,51.0,https://img.icons8.com/doodle/48/lisa-simpson.png
8,19,172,Marge,8.0,https://img.icons8.com/doodle/48/marge-simpson.png
8,19,172,Milhouse,58.0,https://img.icons8.com/doodle/48/milhouse-van-houten.png
8,20,173,Bart,903.0,https://img.icons8.com/doodle/48/bart-simpson.png
8,20,173,Chief Wiggum,109.0,https://img.icons8.com/doodle/48/clancy-wiggum.png
8,20,173,Homer,256.0,https://img.icons8.com/doodle/48/homer-simpson.png
8,20,173,Lisa,173.0,https://img.icons8.com/doodle/48/lisa-simpson.png
8,20,173,Marge,209.0,https://img.icons8.com/doodle/48/marge-simpson.png
8,20,173,Milhouse,51.0,https://img.icons8.com/doodle/48/milhouse-van-houten.png
8,20,173,Moe,20.0,https://img.icons8.com/doodle/48/bartender-mo.png
8,20,173,Mr. Burns,28.0,https://img.icons8.com/doodle/48/charles-montgomery-burns.png
8,21,174,Bart,50.0,https://img.icons8.com/doodle/48/bart-simpson.png
8,21,174,Chief Wiggum,23.0,https://img.icons8.com/doodle/48/clancy-wiggum.png
8,21,174,Grampa,66.0,https://img.icons8.com/doodle/48/abraham-simpson.png
8,21,174,Homer,182.0,https://img.icons8.com/doodle/48/homer-simpson.png
8,21,174,Krusty,9.0,https://img.icons8.com/doodle/48/krusty-the-clown.png
8,21,174,Lenny,6.0,https://static.simpsonswiki.com/images/6/6f/Tapped_Out_Lenny_Icon.png
8,21,174,Lisa,482.0,https://img.icons8.com/doodle/48/lisa-simpson.png
8,21,174,Marge,88.0,https://img.icons8.com/doodle/48/marge-simpson.png
8,21,174,Moe,13.0,https://img.icons8.com/doodle/48/bartender-mo.png
8,21,174,Mr. Burns,1154.0,https://img.icons8.com/doodle/48/charles-montgomery-burns.png
8,22,175,Bart,85.0,https://img.icons8.com/doodle/48/bart-simpson.png
8,22,175,Flanders,260.0,https://img.icons8.com/doodle/48/ned-flanders.png
8,22,175,Homer,284.0,https://img.icons8.com/doodle/48/homer-simpson.png
8,22,175,Lenny,66.0,https://static.simpsonswiki.com/images/6/6f/Tapped_Out_Lenny_Icon.png
8,22,175,Lisa,88.0,https://img.icons8.com/doodle/48/lisa-simpson.png
8,22,175,Marge,526.0,https://img.icons8.com/doodle/48/marge-simpson.png
8,22,175,Moe,83.0,https://img.icons8.com/doodle/48/bartender-mo.png
8,23,176,Bart,130.0,https://img.icons8.com/doodle/48/bart-simpson.png
8,23,176,Chief Wiggum,7.0,https://img.icons8.com/doodle/48/clancy-wiggum.png
8,23,176,Homer,599.0,https://img.icons8.com/doodle/48/homer-simpson.png
8,23,176,Lenny,108.0,https://static.simpsonswiki.com/images/6/6f/Tapped_Out_Lenny_Icon.png
8,23,176,Lisa,11.0,https://img.icons8.com/doodle/48/lisa-simpson.png
8,23,176,Marge,160.0,https://img.icons8.com/doodle/48/marge-simpson.png
8,23,176,Milhouse,66.0,https://img.icons8.com/doodle/48/milhouse-van-houten.png
8,23,176,Moe,90.0,https://img.icons8.com/doodle/48/bartender-mo.png
8,23,176,Mr. Burns,217.0,https://img.icons8.com/doodle/48/charles-montgomery-burns.png
8,24,177,Bart,58.0,https://img.icons8.com/doodle/48/bart-simpson.png
8,24,177,Chief Wiggum,331.0,https://img.icons8.com/doodle/48/clancy-wiggum.png
8,24,177,Grampa,228.0,https://img.icons8.com/doodle/48/abraham-simpson.png
8,24,177,Homer,160.0,https://img.icons8.com/doodle/48/homer-simpson.png
8,24,177,Lisa,70.0,https://img.icons8.com/doodle/48/lisa-simpson.png
8,24,177,Marge,160.0,https://img.icons8.com/doodle/48/marge-simpson.png
8,24,177,Moe,313.0,https://img.icons8.com/doodle/48/bartender-mo.png
8,25,178,Bart,347.0,https://img.icons8.com/doodle/48/bart-simpson.png
8,25,178,Chief Wiggum,238.0,https://img.icons8.com/doodle/48/clancy-wiggum.png
8,25,178,Grampa,107.0,https://img.icons8.com/doodle/48/abraham-simpson.png
8,25,178,Homer,154.0,https://img.icons8.com/doodle/48/homer-simpson.png
8,25,178,Lisa,434.0,https://img.icons8.com/doodle/48/lisa-simpson.png
8,25,178,Marge,166.0,https://img.icons8.com/doodle/48/marge-simpson.png
9,1,179,Bart,147.0,https://img.icons8.com/doodle/48/bart-simpson.png
9,1,179,Homer,690.0,https://img.icons8.com/doodle/48/homer-simpson.png
9,1,179,Lenny,20.0,https://static.simpsonswiki.com/images/6/6f/Tapped_Out_Lenny_Icon.png
9,1,179,Lisa,182.0,https://img.icons8.com/doodle/48/lisa-simpson.png
9,1,179,Marge,215.0,https://img.icons8.com/doodle/48/marge-simpson.png
9,1,179,Moe,90.0,https://img.icons8.com/doodle/48/bartender-mo.png
9,2,180,Apu,12.0,https://static.simpsonswiki.com/images/0/08/Tapped_Out_Apu_Icon_-_Happy.png
9,2,180,Bart,116.0,https://img.icons8.com/doodle/48/bart-simpson.png
9,2,180,Grampa,16.0,https://img.icons8.com/doodle/48/abraham-simpson.png
9,2,180,Homer,155.0,https://img.icons8.com/doodle/48/homer-simpson.png
9,2,180,Lisa,98.0,https://img.icons8.com/doodle/48/lisa-simpson.png
9,2,180,Marge,167.0,https://img.icons8.com/doodle/48/marge-simpson.png
9,3,181,Apu,23.0,https://static.simpsonswiki.com/images/0/08/Tapped_Out_Apu_Icon_-_Happy.png
9,3,181,Bart,178.0,https://img.icons8.com/doodle/48/bart-simpson.png
9,3,181,Flanders,23.0,https://img.icons8.com/doodle/48/ned-flanders.png
9,3,181,Grampa,109.0,https://img.icons8.com/doodle/48/abraham-simpson.png
9,3,181,Homer,639.0,https://img.icons8.com/doodle/48/homer-simpson.png
9,3,181,Krusty,45.0,https://img.icons8.com/doodle/48/krusty-the-clown.png
9,3,181,Lisa,183.0,https://img.icons8.com/doodle/48/lisa-simpson.png
9,3,181,Marge,459.0,https://img.icons8.com/doodle/48/marge-simpson.png
9,3,181,Milhouse,24.0,https://img.icons8.com/doodle/48/milhouse-van-houten.png
9,3,181,Moe,21.0,https://img.icons8.com/doodle/48/bartender-mo.png
9,4,182,Bart,193.0,https://img.icons8.com/doodle/48/bart-simpson.png
9,4,182,Chief Wiggum,101.0,https://img.icons8.com/doodle/48/clancy-wiggum.png
9,4,182,Flanders,96.0,https://img.icons8.com/doodle/48/ned-flanders.png
9,4,182,Homer,475.0,https://img.icons8.com/doodle/48/homer-simpson.png
9,4,182,Lenny,14.0,https://static.simpsonswiki.com/images/6/6f/Tapped_Out_Lenny_Icon.png
9,4,182,Lisa,188.0,https://img.icons8.com/doodle/48/lisa-simpson.png
9,4,182,Marge,228.0,https://img.icons8.com/doodle/48/marge-simpson.png
9,4,182,Moe,37.0,https://img.icons8.com/doodle/48/bartender-mo.png
9,4,182,Mr. Burns,17.0,https://img.icons8.com/doodle/48/charles-montgomery-burns.png
9,5,183,Apu,10.0,https://static.simpsonswiki.com/images/0/08/Tapped_Out_Apu_Icon_-_Happy.png
9,5,183,Bart,145.0,https://img.icons8.com/doodle/48/bart-simpson.png
9,5,183,Flanders,20.0,https://img.icons8.com/doodle/48/ned-flanders.png
9,5,183,Homer,910.0,https://img.icons8.com/doodle/48/homer-simpson.png
9,5,183,Krusty,30.0,https://img.icons8.com/doodle/48/krusty-the-clown.png
9,5,183,Lenny,51.0,https://static.simpsonswiki.com/images/6/6f/Tapped_Out_Lenny_Icon.png
9,5,183,Lisa,116.0,https://img.icons8.com/doodle/48/lisa-simpson.png
9,5,183,Marge,308.0,https://img.icons8.com/doodle/48/marge-simpson.png
9,5,183,Milhouse,14.0,https://img.icons8.com/doodle/48/milhouse-van-houten.png
9,5,183,Moe,124.0,https://img.icons8.com/doodle/48/bartender-mo.png
9,6,184,Apu,14.0,https://static.simpsonswiki.com/images/0/08/Tapped_Out_Apu_Icon_-_Happy.png
9,6,184,Bart,224.0,https://img.icons8.com/doodle/48/bart-simpson.png
9,6,184,Chief Wiggum,37.0,https://img.icons8.com/doodle/48/clancy-wiggum.png
9,6,184,Flanders,198.0,https://img.icons8.com/doodle/48/ned-flanders.png
9,6,184,Grampa,28.0,https://img.icons8.com/doodle/48/abraham-simpson.png
9,6,184,Homer,987.0,https://img.icons8.com/doodle/48/homer-simpson.png
9,6,184,Krusty,5.0,https://img.icons8.com/doodle/48/krusty-the-clown.png
9,6,184,Lenny,5.0,https://static.simpsonswiki.com/images/6/6f/Tapped_Out_Lenny_Icon.png
9,6,184,Lisa,97.0,https://img.icons8.com/doodle/48/lisa-simpson.png
9,6,184,Marge,200.0,https://img.icons8.com/doodle/48/marge-simpson.png
9,6,184,Milhouse,21.0,https://img.icons8.com/doodle/48/milhouse-van-houten.png
9,6,184,Mr. Burns,3.0,https://img.icons8.com/doodle/48/charles-montgomery-burns.png
9,7,185,Apu,758.0,https://static.simpsonswiki.com/images/0/08/Tapped_Out_Apu_Icon_-_Happy.png
9,7,185,Bart,52.0,https://img.icons8.com/doodle/48/bart-simpson.png
9,7,185,Grampa,22.0,https://img.icons8.com/doodle/48/abraham-simpson.png
9,7,185,Homer,569.0,https://img.icons8.com/doodle/48/homer-simpson.png
9,7,185,Krusty,170.0,https://img.icons8.com/doodle/48/krusty-the-clown.png
9,7,185,Lenny,26.0,https://static.simpsonswiki.com/images/6/6f/Tapped_Out_Lenny_Icon.png
9,7,185,Lisa,81.0,https://img.icons8.com/doodle/48/lisa-simpson.png
9,7,185,Marge,162.0,https://img.icons8.com/doodle/48/marge-simpson.png
9,7,185,Moe,81.0,https://img.icons8.com/doodle/48/bartender-mo.png
9,8,186,Bart,69.0,https://img.icons8.com/doodle/48/bart-simpson.png
9,8,186,Chief Wiggum,130.0,https://img.icons8.com/doodle/48/clancy-wiggum.png
9,8,186,Flanders,142.0,https://img.icons8.com/doodle/48/ned-flanders.png
9,8,186,Homer,394.0,https://img.icons8.com/doodle/48/homer-simpson.png
9,8,186,Lenny,34.0,https://static.simpsonswiki.com/images/6/6f/Tapped_Out_Lenny_Icon.png
9,8,186,Lisa,643.0,https://img.icons8.com/doodle/48/lisa-simpson.png
9,8,186,Marge,169.0,https://img.icons8.com/doodle/48/marge-simpson.png
9,8,186,Milhouse,12.0,https://img.icons8.com/doodle/48/milhouse-van-houten.png
9,8,186,Moe,80.0,https://img.icons8.com/doodle/48/bartender-mo.png
9,8,186,Mr. Burns,36.0,https://img.icons8.com/doodle/48/charles-montgomery-burns.png
9,9,187,Bart,48.0,https://img.icons8.com/doodle/48/bart-simpson.png
9,9,187,Chief Wiggum,55.0,https://img.icons8.com/doodle/48/clancy-wiggum.png
9,9,187,Flanders,349.0,https://img.icons8.com/doodle/48/ned-flanders.png
9,9,187,Homer,355.0,https://img.icons8.com/doodle/48/homer-simpson.png
9,9,187,Lenny,7.0,https://static.simpsonswiki.com/images/6/6f/Tapped_Out_Lenny_Icon.png
9,9,187,Lisa,136.0,https://img.icons8.com/doodle/48/lisa-simpson.png
9,9,187,Marge,636.0,https://img.icons8.com/doodle/48/marge-simpson.png
9,9,187,Moe,65.0,https://img.icons8.com/doodle/48/bartender-mo.png
9,10,188,Apu,21.0,https://static.simpsonswiki.com/images/0/08/Tapped_Out_Apu_Icon_-_Happy.png
9,10,188,Bart,384.0,https://img.icons8.com/doodle/48/bart-simpson.png
9,10,188,Chief Wiggum,25.0,https://img.icons8.com/doodle/48/clancy-wiggum.png
9,10,188,Flanders,26.0,https://img.icons8.com/doodle/48/ned-flanders.png
9,10,188,Grampa,17.0,https://img.icons8.com/doodle/48/abraham-simpson.png
9,10,188,Homer,466.0,https://img.icons8.com/doodle/48/homer-simpson.png
9,10,188,Krusty,25.0,https://img.icons8.com/doodle/48/krusty-the-clown.png
9,10,188,Lenny,22.0,https://static.simpsonswiki.com/images/6/6f/Tapped_Out_Lenny_Icon.png
9,10,188,Lisa,181.0,https://img.icons8.com/doodle/48/lisa-simpson.png
9,10,188,Marge,358.0,https://img.icons8.com/doodle/48/marge-simpson.png
9,10,188,Milhouse,11.0,https://img.icons8.com/doodle/48/milhouse-van-houten.png
9,10,188,Moe,85.0,https://img.icons8.com/doodle/48/bartender-mo.png
9,10,188,Mr. Burns,7.0,https://img.icons8.com/doodle/48/charles-montgomery-burns.png
9,11,189,Bart,81.0,https://img.icons8.com/doodle/48/bart-simpson.png
9,11,189,Homer,189.0,https://img.icons8.com/doodle/48/homer-simpson.png
9,11,189,Lisa,97.0,https://img.icons8.com/doodle/48/lisa-simpson.png
9,11,189,Marge,131.0,https://img.icons8.com/doodle/48/marge-simpson.png
9,12,190,Bart,365.0,https://img.icons8.com/doodle/48/bart-simpson.png
9,12,190,Chief Wiggum,110.0,https://img.icons8.com/doodle/48/clancy-wiggum.png
9,12,190,Flanders,7.0,https://img.icons8.com/doodle/48/ned-flanders.png
9,12,190,Homer,642.0,https://img.icons8.com/doodle/48/homer-simpson.png
9,12,190,Krusty,19.0,https://img.icons8.com/doodle/48/krusty-the-clown.png
9,12,190,Lisa,159.0,https://img.icons8.com/doodle/48/lisa-simpson.png
9,12,190,Marge,339.0,https://img.icons8.com/doodle/48/marge-simpson.png
9,13,191,Apu,12.0,https://static.simpsonswiki.com/images/0/08/Tapped_Out_Apu_Icon_-_Happy.png
9,13,191,Bart,121.0,https://img.icons8.com/doodle/48/bart-simpson.png
9,13,191,Flanders,93.0,https://img.icons8.com/doodle/48/ned-flanders.png
9,13,191,Homer,634.0,https://img.icons8.com/doodle/48/homer-simpson.png
9,13,191,Lenny,11.0,https://static.simpsonswiki.com/images/6/6f/Tapped_Out_Lenny_Icon.png
9,13,191,Lisa,112.0,https://img.icons8.com/doodle/48/lisa-simpson.png
9,13,191,Marge,298.0,https://img.icons8.com/doodle/48/marge-simpson.png
9,13,191,Moe,88.0,https://img.icons8.com/doodle/48/bartender-mo.png
9,13,191,Mr. Burns,111.0,https://img.icons8.com/doodle/48/charles-montgomery-burns.png
9,14,192,Bart,410.0,https://img.icons8.com/doodle/48/bart-simpson.png
9,14,192,Chief Wiggum,18.0,https://img.icons8.com/doodle/48/clancy-wiggum.png
9,14,192,Flanders,33.0,https://img.icons8.com/doodle/48/ned-flanders.png
9,14,192,Homer,328.0,https://img.icons8.com/doodle/48/homer-simpson.png
9,14,192,Lisa,322.0,https://img.icons8.com/doodle/48/lisa-simpson.png
9,14,192,Marge,94.0,https://img.icons8.com/doodle/48/marge-simpson.png
9,14,192,Milhouse,206.0,https://img.icons8.com/doodle/48/milhouse-van-houten.png
9,15,193,Apu,9.0,https://static.simpsonswiki.com/images/0/08/Tapped_Out_Apu_Icon_-_Happy.png
9,15,193,Bart,304.0,https://img.icons8.com/doodle/48/bart-simpson.png
9,15,193,Chief Wiggum,4.0,https://img.icons8.com/doodle/48/clancy-wiggum.png
9,15,193,Flanders,23.0,https://img.icons8.com/doodle/48/ned-flanders.png
9,15,193,Homer,192.0,https://img.icons8.com/doodle/48/homer-simpson.png
9,15,193,Krusty,994.0,https://img.icons8.com/doodle/48/krusty-the-clown.png
9,15,193,Lenny,24.0,https://static.simpsonswiki.com/images/6/6f/Tapped_Out_Lenny_Icon.png
9,15,193,Lisa,83.0,https://img.icons8.com/doodle/48/lisa-simpson.png
9,15,193,Marge,147.0,https://img.icons8.com/doodle/48/marge-simpson.png
9,15,193,Moe,46.0,https://img.icons8.com/doodle/48/bartender-mo.png
9,16,194,Bart,46.0,https://img.icons8.com/doodle/48/bart-simpson.png
9,16,194,Chief Wiggum,111.0,https://img.icons8.com/doodle/48/clancy-wiggum.png
9,16,194,Homer,636.0,https://img.icons8.com/doodle/48/homer-simpson.png
9,16,194,Lenny,5.0,https://static.simpsonswiki.com/images/6/6f/Tapped_Out_Lenny_Icon.png
9,16,194,Lisa,29.0,https://img.icons8.com/doodle/48/lisa-simpson.png
9,16,194,Marge,70.0,https://img.icons8.com/doodle/48/marge-simpson.png
9,16,194,Moe,1232.0,https://img.icons8.com/doodle/48/bartender-mo.png
9,17,195,Apu,194.0,https://static.simpsonswiki.com/images/0/08/Tapped_Out_Apu_Icon_-_Happy.png
9,17,195,Bart,148.0,https://img.icons8.com/doodle/48/bart-simpson.png
9,17,195,Chief Wiggum,26.0,https://img.icons8.com/doodle/48/clancy-wiggum.png
9,17,195,Flanders,16.0,https://img.icons8.com/doodle/48/ned-flanders.png
9,17,195,Grampa,189.0,https://img.icons8.com/doodle/48/abraham-simpson.png
9,17,195,Homer,324.0,https://img.icons8.com/doodle/48/homer-simpson.png
9,17,195,Lisa,710.0,https://img.icons8.com/doodle/48/lisa-simpson.png
9,17,195,Marge,141.0,https://img.icons8.com/doodle/48/marge-simpson.png
9,17,195,Milhouse,40.0,https://img.icons8.com/doodle/48/milhouse-van-houten.png
9,18,196,Bart,715.0,https://img.icons8.com/doodle/48/bart-simpson.png
9,18,196,Chief Wiggum,195.0,https://img.icons8.com/doodle/48/clancy-wiggum.png
9,18,196,Homer,142.0,https://img.icons8.com/doodle/48/homer-simpson.png
9,18,196,Krusty,4.0,https://img.icons8.com/doodle/48/krusty-the-clown.png
9,18,196,Lisa,42.0,https://img.icons8.com/doodle/48/lisa-simpson.png
9,18,196,Marge,240.0,https://img.icons8.com/doodle/48/marge-simpson.png
9,18,196,Milhouse,6.0,https://img.icons8.com/doodle/48/milhouse-van-houten.png
9,18,196,Mr. Burns,31.0,https://img.icons8.com/doodle/48/charles-montgomery-burns.png
9,19,197,Apu,21.0,https://static.simpsonswiki.com/images/0/08/Tapped_Out_Apu_Icon_-_Happy.png
9,19,197,Bart,156.0,https://img.icons8.com/doodle/48/bart-simpson.png
9,19,197,Grampa,60.0,https://img.icons8.com/doodle/48/abraham-simpson.png
9,19,197,Homer,660.0,https://img.icons8.com/doodle/48/homer-simpson.png
9,19,197,Lenny,14.0,https://static.simpsonswiki.com/images/6/6f/Tapped_Out_Lenny_Icon.png
9,19,197,Lisa,63.0,https://img.icons8.com/doodle/48/lisa-simpson.png
9,19,197,Marge,67.0,https://img.icons8.com/doodle/48/marge-simpson.png
9,19,197,Milhouse,31.0,https://img.icons8.com/doodle/48/milhouse-van-houten.png
9,19,197,Moe,107.0,https://img.icons8.com/doodle/48/bartender-mo.png
9,19,197,Mr. Burns,44.0,https://img.icons8.com/doodle/48/charles-montgomery-burns.png
9,20,198,Apu,1.0,https://static.simpsonswiki.com/images/0/08/Tapped_Out_Apu_Icon_-_Happy.png
9,20,198,Bart,33.0,https://img.icons8.com/doodle/48/bart-simpson.png
9,20,198,Chief Wiggum,42.0,https://img.icons8.com/doodle/48/clancy-wiggum.png
9,20,198,Flanders,97.0,https://img.icons8.com/doodle/48/ned-flanders.png
9,20,198,Homer,605.0,https://img.icons8.com/doodle/48/homer-simpson.png
9,20,198,Krusty,5.0,https://img.icons8.com/doodle/48/krusty-the-clown.png
9,20,198,Lenny,32.0,https://static.simpsonswiki.com/images/6/6f/Tapped_Out_Lenny_Icon.png
9,20,198,Lisa,44.0,https://img.icons8.com/doodle/48/lisa-simpson.png
9,20,198,Marge,53.0,https://img.icons8.com/doodle/48/marge-simpson.png
9,20,198,Milhouse,4.0,https://img.icons8.com/doodle/48/milhouse-van-houten.png
9,20,198,Moe,70.0,https://img.icons8.com/doodle/48/bartender-mo.png
9,20,198,Mr. Burns,628.0,https://img.icons8.com/doodle/48/charles-montgomery-burns.png
9,21,199,Apu,26.0,https://static.simpsonswiki.com/images/0/08/Tapped_Out_Apu_Icon_-_Happy.png
9,21,199,Bart,664.0,https://img.icons8.com/doodle/48/bart-simpson.png
9,21,199,Grampa,21.0,https://img.icons8.com/doodle/48/abraham-simpson.png
9,21,199,Homer,186.0,https://img.icons8.com/doodle/48/homer-simpson.png
9,21,199,Krusty,98.0,https://img.icons8.com/doodle/48/krusty-the-clown.png
9,21,199,Lisa,605.0,https://img.icons8.com/doodle/48/lisa-simpson.png
9,21,199,Marge,188.0,https://img.icons8.com/doodle/48/marge-simpson.png
9,21,199,Milhouse,26.0,https://img.icons8.com/doodle/48/milhouse-van-houten.png
9,21,199,Mr. Burns,12.0,https://img.icons8.com/doodle/48/charles-montgomery-burns.png
9,22,200,Apu,2.0,https://static.simpsonswiki.com/images/0/08/Tapped_Out_Apu_Icon_-_Happy.png
9,22,200,Bart,57.0,https://img.icons8.com/doodle/48/bart-simpson.png
9,22,200,Chief Wiggum,19.0,https://img.icons8.com/doodle/48/clancy-wiggum.png
9,22,200,Flanders,54.0,https://img.icons8.com/doodle/48/ned-flanders.png
9,22,200,Homer,1090.0,https://img.icons8.com/doodle/48/homer-simpson.png
9,22,200,Lenny,35.0,https://static.simpsonswiki.com/images/6/6f/Tapped_Out_Lenny_Icon.png
9,22,200,Lisa,138.0,https://img.icons8.com/doodle/48/lisa-simpson.png
9,22,200,Marge,223.0,https://img.icons8.com/doodle/48/marge-simpson.png
9,22,200,Moe,84.0,https://img.icons8.com/doodle/48/bartender-mo.png
9,22,200,Mr. Burns,1.0,https://img.icons8.com/doodle/48/charles-montgomery-burns.png
9,23,201,Apu,52.0,https://static.simpsonswiki.com/images/0/08/Tapped_Out_Apu_Icon_-_Happy.png
9,23,201,Bart,252.0,https://img.icons8.com/doodle/48/bart-simpson.png
9,23,201,Chief Wiggum,19.0,https://img.icons8.com/doodle/48/clancy-wiggum.png
9,23,201,Flanders,28.0,https://img.icons8.com/doodle/48/ned-flanders.png
9,23,201,Grampa,116.0,https://img.icons8.com/doodle/48/abraham-simpson.png
9,23,201,Homer,888.0,https://img.icons8.com/doodle/48/homer-simpson.png
9,23,201,Lisa,35.0,https://img.icons8.com/doodle/48/lisa-simpson.png
9,23,201,Marge,127.0,https://img.icons8.com/doodle/48/marge-simpson.png
9,23,201,Milhouse,33.0,https://img.icons8.com/doodle/48/milhouse-van-houten.png
9,23,201,Mr. Burns,21.0,https://img.icons8.com/doodle/48/charles-montgomery-burns.png
9,24,202,Bart,232.0,https://img.icons8.com/doodle/48/bart-simpson.png
9,24,202,Chief Wiggum,24.0,https://img.icons8.com/doodle/48/clancy-wiggum.png
9,24,202,Homer,601.0,https://img.icons8.com/doodle/48/homer-simpson.png
9,24,202,Lenny,15.0,https://static.simpsonswiki.com/images/6/6f/Tapped_Out_Lenny_Icon.png
9,24,202,Lisa,650.0,https://img.icons8.com/doodle/48/lisa-simpson.png
9,24,202,Marge,182.0,https://img.icons8.com/doodle/48/marge-simpson.png
9,24,202,Milhouse,73.0,https://img.icons8.com/doodle/48/milhouse-van-houten.png
9,24,202,Moe,11.0,https://img.icons8.com/doodle/48/bartender-mo.png
9,24,202,Mr. Burns,24.0,https://img.icons8.com/doodle/48/charles-montgomery-burns.png
9,25,203,Bart,175.0,https://img.icons8.com/doodle/48/bart-simpson.png
9,25,203,Chief Wiggum,48.0,https://img.icons8.com/doodle/48/clancy-wiggum.png
9,25,203,Flanders,92.0,https://img.icons8.com/doodle/48/ned-flanders.png
9,25,203,Grampa,110.0,https://img.icons8.com/doodle/48/abraham-simpson.png
9,25,203,Homer,620.0,https://img.icons8.com/doodle/48/homer-simpson.png
9,25,203,Lenny,27.0,https://static.simpsonswiki.com/images/6/6f/Tapped_Out_Lenny_Icon.png
9,25,203,Lisa,101.0,https://img.icons8.com/doodle/48/lisa-simpson.png
9,25,203,Marge,456.0,https://img.icons8.com/doodle/48/marge-simpson.png
9,25,203,Moe,19.0,https://img.icons8.com/doodle/48/bartender-mo.png
10,1,204,Apu,64.0,https://static.simpsonswiki.com/images/0/08/Tapped_Out_Apu_Icon_-_Happy.png
10,1,204,Bart,152.0,https://img.icons8.com/doodle/48/bart-simpson.png
10,1,204,Homer,538.0,https://img.icons8.com/doodle/48/homer-simpson.png
10,1,204,Krusty,19.0,https://img.icons8.com/doodle/48/krusty-the-clown.png
10,1,204,Lisa,660.0,https://img.icons8.com/doodle/48/lisa-simpson.png
10,1,204,Marge,182.0,https://img.icons8.com/doodle/48/marge-simpson.png
10,1,204,Milhouse,115.0,https://img.icons8.com/doodle/48/milhouse-van-houten.png
10,2,205,Bart,175.0,https://img.icons8.com/doodle/48/bart-simpson.png
10,2,205,Flanders,35.0,https://img.icons8.com/doodle/48/ned-flanders.png
10,2,205,Grampa,19.0,https://img.icons8.com/doodle/48/abraham-simpson.png
10,2,205,Homer,1379.0,https://img.icons8.com/doodle/48/homer-simpson.png
10,2,205,Lenny,55.0,https://static.simpsonswiki.com/images/6/6f/Tapped_Out_Lenny_Icon.png
10,2,205,Lisa,124.0,https://img.icons8.com/doodle/48/lisa-simpson.png
10,2,205,Marge,254.0,https://img.icons8.com/doodle/48/marge-simpson.png
10,2,205,Moe,34.0,https://img.icons8.com/doodle/48/bartender-mo.png
10,3,206,Apu,7.0,https://static.simpsonswiki.com/images/0/08/Tapped_Out_Apu_Icon_-_Happy.png
10,3,206,Bart,526.0,https://img.icons8.com/doodle/48/bart-simpson.png
10,3,206,Homer,286.0,https://img.icons8.com/doodle/48/homer-simpson.png
10,3,206,Lisa,189.0,https://img.icons8.com/doodle/48/lisa-simpson.png
10,3,206,Marge,425.0,https://img.icons8.com/doodle/48/marge-simpson.png
10,3,206,Milhouse,10.0,https://img.icons8.com/doodle/48/milhouse-van-houten.png
10,3,206,Moe,18.0,https://img.icons8.com/doodle/48/bartender-mo.png
10,3,206,Mr. Burns,34.0,https://img.icons8.com/doodle/48/charles-montgomery-burns.png
10,4,207,Apu,36.0,https://static.simpsonswiki.com/images/0/08/Tapped_Out_Apu_Icon_-_Happy.png
10,4,207,Bart,181.0,https://img.icons8.com/doodle/48/bart-simpson.png
10,4,207,Chief Wiggum,174.0,https://img.icons8.com/doodle/48/clancy-wiggum.png
10,4,207,Homer,329.0,https://img.icons8.com/doodle/48/homer-simpson.png
10,4,207,Krusty,28.0,https://img.icons8.com/doodle/48/krusty-the-clown.png
10,4,207,Lisa,94.0,https://img.icons8.com/doodle/48/lisa-simpson.png
10,4,207,Marge,291.0,https://img.icons8.com/doodle/48/marge-simpson.png
10,4,207,Moe,39.0,https://img.icons8.com/doodle/48/bartender-mo.png
10,5,208,Apu,41.0,https://static.simpsonswiki.com/images/0/08/Tapped_Out_Apu_Icon_-_Happy.png
10,5,208,Bart,98.0,https://img.icons8.com/doodle/48/bart-simpson.png
10,5,208,Chief Wiggum,11.0,https://img.icons8.com/doodle/48/clancy-wiggum.png
10,5,208,Flanders,26.0,https://img.icons8.com/doodle/48/ned-flanders.png
10,5,208,Homer,1237.0,https://img.icons8.com/doodle/48/homer-simpson.png
10,5,208,Krusty,6.0,https://img.icons8.com/doodle/48/krusty-the-clown.png
10,5,208,Lenny,19.0,https://static.simpsonswiki.com/images/6/6f/Tapped_Out_Lenny_Icon.png
10,5,208,Lisa,73.0,https://img.icons8.com/doodle/48/lisa-simpson.png
10,5,208,Marge,102.0,https://img.icons8.com/doodle/48/marge-simpson.png
10,5,208,Moe,89.0,https://img.icons8.com/doodle/48/bartender-mo.png
10,6,209,Bart,72.0,https://img.icons8.com/doodle/48/bart-simpson.png
10,6,209,Chief Wiggum,68.0,https://img.icons8.com/doodle/48/clancy-wiggum.png
10,6,209,Flanders,18.0,https://img.icons8.com/doodle/48/ned-flanders.png
10,6,209,Grampa,231.0,https://img.icons8.com/doodle/48/abraham-simpson.png
10,6,209,Homer,975.0,https://img.icons8.com/doodle/48/homer-simpson.png
10,6,209,Krusty,1.0,https://img.icons8.com/doodle/48/krusty-the-clown.png
10,6,209,Lenny,19.0,https://static.simpsonswiki.com/images/6/6f/Tapped_Out_Lenny_Icon.png
10,6,209,Lisa,77.0,https://img.icons8.com/doodle/48/lisa-simpson.png
10,6,209,Marge,124.0,https://img.icons8.com/doodle/48/marge-simpson.png
10,6,209,Mr. Burns,112.0,https://img.icons8.com/doodle/48/charles-montgomery-burns.png
10,7,210,Bart,181.0,https://img.icons8.com/doodle/48/bart-simpson.png
10,7,210,Homer,440.0,https://img.icons8.com/doodle/48/homer-simpson.png
10,7,210,Lisa,540.0,https://img.icons8.com/doodle/48/lisa-simpson.png
10,7,210,Marge,296.0,https://img.icons8.com/doodle/48/marge-simpson.png
10,7,210,Milhouse,1.0,https://img.icons8.com/doodle/48/milhouse-van-houten.png
10,8,211,Bart,91.0,https://img.icons8.com/doodle/48/bart-simpson.png
10,8,211,Grampa,230.0,https://img.icons8.com/doodle/48/abraham-simpson.png
10,8,211,Homer,863.0,https://img.icons8.com/doodle/48/homer-simpson.png
10,8,211,Krusty,59.0,https://img.icons8.com/doodle/48/krusty-the-clown.png
10,8,211,Lenny,28.0,https://static.simpsonswiki.com/images/6/6f/Tapped_Out_Lenny_Icon.png
10,8,211,Lisa,97.0,https://img.icons8.com/doodle/48/lisa-simpson.png
10,8,211,Marge,217.0,https://img.icons8.com/doodle/48/marge-simpson.png
10,8,211,Moe,66.0,https://img.icons8.com/doodle/48/bartender-mo.png
10,9,212,Bart,89.0,https://img.icons8.com/doodle/48/bart-simpson.png
10,9,212,Chief Wiggum,21.0,https://img.icons8.com/doodle/48/clancy-wiggum.png
10,9,212,Flanders,12.0,https://img.icons8.com/doodle/48/ned-flanders.png
10,9,212,Homer,636.0,https://img.icons8.com/doodle/48/homer-simpson.png
10,9,212,Lenny,15.0,https://static.simpsonswiki.com/images/6/6f/Tapped_Out_Lenny_Icon.png
10,9,212,Lisa,44.0,https://img.icons8.com/doodle/48/lisa-simpson.png
10,9,212,Marge,96.0,https://img.icons8.com/doodle/48/marge-simpson.png
10,9,212,Milhouse,9.0,https://img.icons8.com/doodle/48/milhouse-van-houten.png
10,9,212,Moe,94.0,https://img.icons8.com/doodle/48/bartender-mo.png
10,10,213,Bart,27.0,https://img.icons8.com/doodle/48/bart-simpson.png
10,10,213,Flanders,752.0,https://img.icons8.com/doodle/48/ned-flanders.png
10,10,213,Grampa,6.0,https://img.icons8.com/doodle/48/abraham-simpson.png
10,10,213,Homer,919.0,https://img.icons8.com/doodle/48/homer-simpson.png
10,10,213,Lenny,15.0,https://static.simpsonswiki.com/images/6/6f/Tapped_Out_Lenny_Icon.png
10,10,213,Lisa,43.0,https://img.icons8.com/doodle/48/lisa-simpson.png
10,10,213,Marge,99.0,https://img.icons8.com/doodle/48/marge-simpson.png
10,10,213,Moe,9.0,https://img.icons8.com/doodle/48/bartender-mo.png
10,10,213,Mr. Burns,19.0,https://img.icons8.com/doodle/48/charles-montgomery-burns.png
10,11,214,Bart,267.0,https://img.icons8.com/doodle/48/bart-simpson.png
10,11,214,Chief Wiggum,201.0,https://img.icons8.com/doodle/48/clancy-wiggum.png
10,11,214,Grampa,23.0,https://img.icons8.com/doodle/48/abraham-simpson.png
10,11,214,Homer,333.0,https://img.icons8.com/doodle/48/homer-simpson.png
10,11,214,Krusty,17.0,https://img.icons8.com/doodle/48/krusty-the-clown.png
10,11,214,Lenny,19.0,https://static.simpsonswiki.com/images/6/6f/Tapped_Out_Lenny_Icon.png
10,11,214,Lisa,192.0,https://img.icons8.com/doodle/48/lisa-simpson.png
10,11,214,Marge,162.0,https://img.icons8.com/doodle/48/marge-simpson.png
10,11,214,Milhouse,100.0,https://img.icons8.com/doodle/48/milhouse-van-houten.png
10,11,214,Moe,29.0,https://img.icons8.com/doodle/48/bartender-mo.png
10,12,215,Apu,14.0,https://static.simpsonswiki.com/images/0/08/Tapped_Out_Apu_Icon_-_Happy.png
10,12,215,Bart,83.0,https://img.icons8.com/doodle/48/bart-simpson.png
10,12,215,Chief Wiggum,66.0,https://img.icons8.com/doodle/48/clancy-wiggum.png
10,12,215,Flanders,35.0,https://img.icons8.com/doodle/48/ned-flanders.png
10,12,215,Homer,550.0,https://img.icons8.com/doodle/48/homer-simpson.png
10,12,215,Krusty,49.0,https://img.icons8.com/doodle/48/krusty-the-clown.png
10,12,215,Lenny,36.0,https://static.simpsonswiki.com/images/6/6f/Tapped_Out_Lenny_Icon.png
10,12,215,Lisa,117.0,https://img.icons8.com/doodle/48/lisa-simpson.png
10,12,215,Marge,155.0,https://img.icons8.com/doodle/48/marge-simpson.png
10,12,215,Milhouse,6.0,https://img.icons8.com/doodle/48/milhouse-van-houten.png
10,12,215,Moe,72.0,https://img.icons8.com/doodle/48/bartender-mo.png
10,13,216,Bart,23.0,https://img.icons8.com/doodle/48/bart-simpson.png
10,13,216,Chief Wiggum,125.0,https://img.icons8.com/doodle/48/clancy-wiggum.png
10,13,216,Flanders,13.0,https://img.icons8.com/doodle/48/ned-flanders.png
10,13,216,Grampa,41.0,https://img.icons8.com/doodle/48/abraham-simpson.png
10,13,216,Homer,1077.0,https://img.icons8.com/doodle/48/homer-simpson.png
10,13,216,Krusty,48.0,https://img.icons8.com/doodle/48/krusty-the-clown.png
10,13,216,Lenny,41.0,https://static.simpsonswiki.com/images/6/6f/Tapped_Out_Lenny_Icon.png
10,13,216,Lisa,87.0,https://img.icons8.com/doodle/48/lisa-simpson.png
10,13,216,Marge,310.0,https://img.icons8.com/doodle/48/marge-simpson.png
10,13,216,Moe,49.0,https://img.icons8.com/doodle/48/bartender-mo.png
10,13,216,Mr. Burns,30.0,https://img.icons8.com/doodle/48/charles-montgomery-burns.png
10,14,217,Apu,368.0,https://static.simpsonswiki.com/images/0/08/Tapped_Out_Apu_Icon_-_Happy.png
10,14,217,Bart,99.0,https://img.icons8.com/doodle/48/bart-simpson.png
10,14,217,Chief Wiggum,151.0,https://img.icons8.com/doodle/48/clancy-wiggum.png
10,14,217,Flanders,84.0,https://img.icons8.com/doodle/48/ned-flanders.png
10,14,217,Homer,559.0,https://img.icons8.com/doodle/48/homer-simpson.png
10,14,217,Lenny,5.0,https://static.simpsonswiki.com/images/6/6f/Tapped_Out_Lenny_Icon.png
10,14,217,Lisa,34.0,https://img.icons8.com/doodle/48/lisa-simpson.png
10,14,217,Marge,404.0,https://img.icons8.com/doodle/48/marge-simpson.png
10,14,217,Moe,106.0,https://img.icons8.com/doodle/48/bartender-mo.png
10,15,218,Bart,123.0,https://img.icons8.com/doodle/48/bart-simpson.png
10,15,218,Chief Wiggum,245.0,https://img.icons8.com/doodle/48/clancy-wiggum.png
10,15,218,Homer,395.0,https://img.icons8.com/doodle/48/homer-simpson.png
10,15,218,Krusty,8.0,https://img.icons8.com/doodle/48/krusty-the-clown.png
10,15,218,Lenny,39.0,https://static.simpsonswiki.com/images/6/6f/Tapped_Out_Lenny_Icon.png
10,15,218,Lisa,122.0,https://img.icons8.com/doodle/48/lisa-simpson.png
10,15,218,Marge,479.0,https://img.icons8.com/doodle/48/marge-simpson.png
10,15,218,Moe,32.0,https://img.icons8.com/doodle/48/bartender-mo.png
10,16,219,Bart,150.0,https://img.icons8.com/doodle/48/bart-simpson.png
10,16,219,Chief Wiggum,39.0,https://img.icons8.com/doodle/48/clancy-wiggum.png
10,16,219,Flanders,51.0,https://img.icons8.com/doodle/48/ned-flanders.png
10,16,219,Homer,848.0,https://img.icons8.com/doodle/48/homer-simpson.png
10,16,219,Krusty,28.0,https://img.icons8.com/doodle/48/krusty-the-clown.png
10,16,219,Lenny,21.0,https://static.simpsonswiki.com/images/6/6f/Tapped_Out_Lenny_Icon.png
10,16,219,Lisa,670.0,https://img.icons8.com/doodle/48/lisa-simpson.png
10,16,219,Marge,193.0,https://img.icons8.com/doodle/48/marge-simpson.png
10,16,219,Milhouse,4.0,https://img.icons8.com/doodle/48/milhouse-van-houten.png
10,16,219,Moe,54.0,https://img.icons8.com/doodle/48/bartender-mo.png
10,17,220,Bart,177.0,https://img.icons8.com/doodle/48/bart-simpson.png
10,17,220,Chief Wiggum,15.0,https://img.icons8.com/doodle/48/clancy-wiggum.png
10,17,220,Homer,782.0,https://img.icons8.com/doodle/48/homer-simpson.png
10,17,220,Lisa,159.0,https://img.icons8.com/doodle/48/lisa-simpson.png
10,17,220,Marge,391.0,https://img.icons8.com/doodle/48/marge-simpson.png
10,17,220,Milhouse,5.0,https://img.icons8.com/doodle/48/milhouse-van-houten.png
10,17,220,Mr. Burns,52.0,https://img.icons8.com/doodle/48/charles-montgomery-burns.png
10,18,221,Bart,275.0,https://img.icons8.com/doodle/48/bart-simpson.png
10,18,221,Chief Wiggum,115.0,https://img.icons8.com/doodle/48/clancy-wiggum.png
10,18,221,Flanders,150.0,https://img.icons8.com/doodle/48/ned-flanders.png
10,18,221,Grampa,10.0,https://img.icons8.com/doodle/48/abraham-simpson.png
10,18,221,Homer,362.0,https://img.icons8.com/doodle/48/homer-simpson.png
10,18,221,Krusty,43.0,https://img.icons8.com/doodle/48/krusty-the-clown.png
10,18,221,Lisa,147.0,https://img.icons8.com/doodle/48/lisa-simpson.png
10,18,221,Marge,178.0,https://img.icons8.com/doodle/48/marge-simpson.png
10,18,221,Milhouse,110.0,https://img.icons8.com/doodle/48/milhouse-van-houten.png
10,19,222,Bart,74.0,https://img.icons8.com/doodle/48/bart-simpson.png
10,19,222,Chief Wiggum,31.0,https://img.icons8.com/doodle/48/clancy-wiggum.png
10,19,222,Flanders,38.0,https://img.icons8.com/doodle/48/ned-flanders.png
10,19,222,Homer,1098.0,https://img.icons8.com/doodle/48/homer-simpson.png
10,19,222,Lenny,12.0,https://static.simpsonswiki.com/images/6/6f/Tapped_Out_Lenny_Icon.png
10,19,222,Lisa,131.0,https://img.icons8.com/doodle/48/lisa-simpson.png
10,19,222,Marge,395.0,https://img.icons8.com/doodle/48/marge-simpson.png
10,19,222,Milhouse,23.0,https://img.icons8.com/doodle/48/milhouse-van-houten.png
10,19,222,Moe,54.0,https://img.icons8.com/doodle/48/bartender-mo.png
10,19,222,Mr. Burns,48.0,https://img.icons8.com/doodle/48/charles-montgomery-burns.png
10,20,223,Bart,424.0,https://img.icons8.com/doodle/48/bart-simpson.png
10,20,223,Chief Wiggum,43.0,https://img.icons8.com/doodle/48/clancy-wiggum.png
10,20,223,Grampa,136.0,https://img.icons8.com/doodle/48/abraham-simpson.png
10,20,223,Homer,349.0,https://img.icons8.com/doodle/48/homer-simpson.png
10,20,223,Lenny,15.0,https://static.simpsonswiki.com/images/6/6f/Tapped_Out_Lenny_Icon.png
10,20,223,Lisa,217.0,https://img.icons8.com/doodle/48/lisa-simpson.png
10,20,223,Marge,94.0,https://img.icons8.com/doodle/48/marge-simpson.png
10,20,223,Milhouse,11.0,https://img.icons8.com/doodle/48/milhouse-van-houten.png
10,20,223,Moe,25.0,https://img.icons8.com/doodle/48/bartender-mo.png
10,20,223,Mr. Burns,17.0,https://img.icons8.com/doodle/48/charles-montgomery-burns.png
10,21,224,Apu,6.0,https://static.simpsonswiki.com/images/0/08/Tapped_Out_Apu_Icon_-_Happy.png
10,21,224,Bart,63.0,https://img.icons8.com/doodle/48/bart-simpson.png
10,21,224,Flanders,12.0,https://img.icons8.com/doodle/48/ned-flanders.png
10,21,224,Homer,448.0,https://img.icons8.com/doodle/48/homer-simpson.png
10,21,224,Lenny,33.0,https://static.simpsonswiki.com/images/6/6f/Tapped_Out_Lenny_Icon.png
10,21,224,Lisa,66.0,https://img.icons8.com/doodle/48/lisa-simpson.png
10,21,224,Marge,186.0,https://img.icons8.com/doodle/48/marge-simpson.png
10,21,224,Milhouse,5.0,https://img.icons8.com/doodle/48/milhouse-van-houten.png
10,21,224,Moe,28.0,https://img.icons8.com/doodle/48/bartender-mo.png
10,21,224,Mr. Burns,803.0,https://img.icons8.com/doodle/48/charles-montgomery-burns.png
10,22,225,Bart,46.0,https://img.icons8.com/doodle/48/bart-simpson.png
10,22,225,Chief Wiggum,94.0,https://img.icons8.com/doodle/48/clancy-wiggum.png
10,22,225,Flanders,17.0,https://img.icons8.com/doodle/48/ned-flanders.png
10,22,225,Homer,315.0,https://img.icons8.com/doodle/48/homer-simpson.png
10,22,225,Krusty,11.0,https://img.icons8.com/doodle/48/krusty-the-clown.png
10,22,225,Lenny,34.0,https://static.simpsonswiki.com/images/6/6f/Tapped_Out_Lenny_Icon.png
10,22,225,Lisa,514.0,https://img.icons8.com/doodle/48/lisa-simpson.png
10,22,225,Marge,171.0,https://img.icons8.com/doodle/48/marge-simpson.png
10,22,225,Moe,53.0,https://img.icons8.com/doodle/48/bartender-mo.png
10,23,226,Bart,170.0,https://img.icons8.com/doodle/48/bart-simpson.png
10,23,226,Flanders,117.0,https://img.icons8.com/doodle/48/ned-flanders.png
10,23,226,Homer,706.0,https://img.icons8.com/doodle/48/homer-simpson.png
10,23,226,Lenny,15.0,https://static.simpsonswiki.com/images/6/6f/Tapped_Out_Lenny_Icon.png
10,23,226,Lisa,262.0,https://img.icons8.com/doodle/48/lisa-simpson.png
10,23,226,Marge,257.0,https://img.icons8.com/doodle/48/marge-simpson.png
10,23,226,Moe,13.0,https://img.icons8.com/doodle/48/bartender-mo.png
10,23,226,Mr. Burns,9.0,https://img.icons8.com/doodle/48/charles-montgomery-burns.png
11,1,227,Bart,51.0,https://img.icons8.com/doodle/48/bart-simpson.png
11,1,227,Chief Wiggum,11.0,https://img.icons8.com/doodle/48/clancy-wiggum.png
11,1,227,Flanders,12.0,https://img.icons8.com/doodle/48/ned-flanders.png
11,1,227,Homer,910.0,https://img.icons8.com/doodle/48/homer-simpson.png
11,1,227,Krusty,8.0,https://img.icons8.com/doodle/48/krusty-the-clown.png
11,1,227,Lisa,52.0,https://img.icons8.com/doodle/48/lisa-simpson.png
11,1,227,Marge,234.0,https://img.icons8.com/doodle/48/marge-simpson.png
11,1,227,Moe,15.0,https://img.icons8.com/doodle/48/bartender-mo.png
11,2,228,Apu,33.0,https://static.simpsonswiki.com/images/0/08/Tapped_Out_Apu_Icon_-_Happy.png
11,2,228,Bart,445.0,https://img.icons8.com/doodle/48/bart-simpson.png
11,2,228,Chief Wiggum,66.0,https://img.icons8.com/doodle/48/clancy-wiggum.png
11,2,228,Flanders,136.0,https://img.icons8.com/doodle/48/ned-flanders.png
11,2,228,Grampa,2.0,https://img.icons8.com/doodle/48/abraham-simpson.png
11,2,228,Homer,434.0,https://img.icons8.com/doodle/48/homer-simpson.png
11,2,228,Krusty,71.0,https://img.icons8.com/doodle/48/krusty-the-clown.png
11,2,228,Lenny,27.0,https://static.simpsonswiki.com/images/6/6f/Tapped_Out_Lenny_Icon.png
11,2,228,Lisa,130.0,https://img.icons8.com/doodle/48/lisa-simpson.png
11,2,228,Marge,381.0,https://img.icons8.com/doodle/48/marge-simpson.png
11,2,228,Milhouse,30.0,https://img.icons8.com/doodle/48/milhouse-van-houten.png
11,2,228,Moe,42.0,https://img.icons8.com/doodle/48/bartender-mo.png
11,2,228,Mr. Burns,19.0,https://img.icons8.com/doodle/48/charles-montgomery-burns.png
11,3,229,Bart,101.0,https://img.icons8.com/doodle/48/bart-simpson.png
11,3,229,Chief Wiggum,37.0,https://img.icons8.com/doodle/48/clancy-wiggum.png
11,3,229,Flanders,25.0,https://img.icons8.com/doodle/48/ned-flanders.png
11,3,229,Homer,825.0,https://img.icons8.com/doodle/48/homer-simpson.png
11,3,229,Krusty,75.0,https://img.icons8.com/doodle/48/krusty-the-clown.png
11,3,229,Lenny,20.0,https://static.simpsonswiki.com/images/6/6f/Tapped_Out_Lenny_Icon.png
11,3,229,Lisa,213.0,https://img.icons8.com/doodle/48/lisa-simpson.png
11,3,229,Marge,85.0,https://img.icons8.com/doodle/48/marge-simpson.png
11,3,229,Milhouse,19.0,https://img.icons8.com/doodle/48/milhouse-van-houten.png
11,3,229,Mr. Burns,37.0,https://img.icons8.com/doodle/48/charles-montgomery-burns.png
11,4,230,Bart,179.0,https://img.icons8.com/doodle/48/bart-simpson.png
11,4,230,Chief Wiggum,57.0,https://img.icons8.com/doodle/48/clancy-wiggum.png
11,4,230,Flanders,83.0,https://img.icons8.com/doodle/48/ned-flanders.png
11,4,230,Grampa,21.0,https://img.icons8.com/doodle/48/abraham-simpson.png
11,4,230,Homer,537.0,https://img.icons8.com/doodle/48/homer-simpson.png
11,4,230,Krusty,19.0,https://img.icons8.com/doodle/48/krusty-the-clown.png
11,4,230,Lenny,9.0,https://static.simpsonswiki.com/images/6/6f/Tapped_Out_Lenny_Icon.png
11,4,230,Lisa,167.0,https://img.icons8.com/doodle/48/lisa-simpson.png
11,4,230,Marge,122.0,https://img.icons8.com/doodle/48/marge-simpson.png
11,4,230,Milhouse,11.0,https://img.icons8.com/doodle/48/milhouse-van-houten.png
11,5,231,Apu,8.0,https://static.simpsonswiki.com/images/0/08/Tapped_Out_Apu_Icon_-_Happy.png
11,5,231,Bart,144.0,https://img.icons8.com/doodle/48/bart-simpson.png
11,5,231,Chief Wiggum,60.0,https://img.icons8.com/doodle/48/clancy-wiggum.png
11,5,231,Flanders,13.0,https://img.icons8.com/doodle/48/ned-flanders.png
11,5,231,Homer,1047.0,https://img.icons8.com/doodle/48/homer-simpson.png
11,5,231,Lenny,20.0,https://static.simpsonswiki.com/images/6/6f/Tapped_Out_Lenny_Icon.png
11,5,231,Lisa,224.0,https://img.icons8.com/doodle/48/lisa-simpson.png
11,5,231,Marge,292.0,https://img.icons8.com/doodle/48/marge-simpson.png
11,5,231,Moe,64.0,https://img.icons8.com/doodle/48/bartender-mo.png
11,6,232,Bart,22.0,https://img.icons8.com/doodle/48/bart-simpson.png
11,6,232,Chief Wiggum,46.0,https://img.icons8.com/doodle/48/clancy-wiggum.png
11,6,232,Grampa,10.0,https://img.icons8.com/doodle/48/abraham-simpson.png
11,6,232,Homer,1002.0,https://img.icons8.com/doodle/48/homer-simpson.png
11,6,232,Krusty,53.0,https://img.icons8.com/doodle/48/krusty-the-clown.png
11,6,232,Lenny,94.0,https://static.simpsonswiki.com/images/6/6f/Tapped_Out_Lenny_Icon.png
11,6,232,Lisa,51.0,https://img.icons8.com/doodle/48/lisa-simpson.png
11,6,232,Marge,131.0,https://img.icons8.com/doodle/48/marge-simpson.png
11,6,232,Milhouse,8.0,https://img.icons8.com/doodle/48/milhouse-van-houten.png
11,6,232,Moe,38.0,https://img.icons8.com/doodle/48/bartender-mo.png
11,6,232,Mr. Burns,21.0,https://img.icons8.com/doodle/48/charles-montgomery-burns.png
11,7,233,Apu,734.0,https://static.simpsonswiki.com/images/0/08/Tapped_Out_Apu_Icon_-_Happy.png
11,7,233,Bart,55.0,https://img.icons8.com/doodle/48/bart-simpson.png
11,7,233,Chief Wiggum,44.0,https://img.icons8.com/doodle/48/clancy-wiggum.png
11,7,233,Flanders,28.0,https://img.icons8.com/doodle/48/ned-flanders.png
11,7,233,Homer,413.0,https://img.icons8.com/doodle/48/homer-simpson.png
11,7,233,Lenny,6.0,https://static.simpsonswiki.com/images/6/6f/Tapped_Out_Lenny_Icon.png
11,7,233,Lisa,59.0,https://img.icons8.com/doodle/48/lisa-simpson.png
11,7,233,Marge,182.0,https://img.icons8.com/doodle/48/marge-simpson.png
11,8,234,Apu,20.0,https://static.simpsonswiki.com/images/0/08/Tapped_Out_Apu_Icon_-_Happy.png
11,8,234,Bart,84.0,https://img.icons8.com/doodle/48/bart-simpson.png
11,8,234,Chief Wiggum,75.0,https://img.icons8.com/doodle/48/clancy-wiggum.png
11,8,234,Flanders,70.0,https://img.icons8.com/doodle/48/ned-flanders.png
11,8,234,Grampa,4.0,https://img.icons8.com/doodle/48/abraham-simpson.png
11,8,234,Homer,529.0,https://img.icons8.com/doodle/48/homer-simpson.png
11,8,234,Lenny,27.0,https://static.simpsonswiki.com/images/6/6f/Tapped_Out_Lenny_Icon.png
11,8,234,Lisa,70.0,https://img.icons8.com/doodle/48/lisa-simpson.png
11,8,234,Marge,328.0,https://img.icons8.com/doodle/48/marge-simpson.png
11,8,234,Milhouse,13.0,https://img.icons8.com/doodle/48/milhouse-van-houten.png
11,8,234,Moe,30.0,https://img.icons8.com/doodle/48/bartender-mo.png
11,9,235,Bart,293.0,https://img.icons8.com/doodle/48/bart-simpson.png
11,9,235,Chief Wiggum,36.0,https://img.icons8.com/doodle/48/clancy-wiggum.png
11,9,235,Flanders,20.0,https://img.icons8.com/doodle/48/ned-flanders.png
11,9,235,Homer,223.0,https://img.icons8.com/doodle/48/homer-simpson.png
11,9,235,Krusty,55.0,https://img.icons8.com/doodle/48/krusty-the-clown.png
11,9,235,Lenny,8.0,https://static.simpsonswiki.com/images/6/6f/Tapped_Out_Lenny_Icon.png
11,9,235,Lisa,351.0,https://img.icons8.com/doodle/48/lisa-simpson.png
11,9,235,Marge,55.0,https://img.icons8.com/doodle/48/marge-simpson.png
11,9,235,Milhouse,92.0,https://img.icons8.com/doodle/48/milhouse-van-houten.png
11,9,235,Moe,41.0,https://img.icons8.com/doodle/48/bartender-mo.png
11,9,235,Mr. Burns,39.0,https://img.icons8.com/doodle/48/charles-montgomery-burns.png
11,10,236,Bart,218.0,https://img.icons8.com/doodle/48/bart-simpson.png
11,10,236,Flanders,182.0,https://img.icons8.com/doodle/48/ned-flanders.png
11,10,236,Homer,536.0,https://img.icons8.com/doodle/48/homer-simpson.png
11,10,236,Lisa,448.0,https://img.icons8.com/doodle/48/lisa-simpson.png
11,10,236,Marge,314.0,https://img.icons8.com/doodle/48/marge-simpson.png
11,10,236,Moe,52.0,https://img.icons8.com/doodle/48/bartender-mo.png
11,11,237,Bart,405.0,https://img.icons8.com/doodle/48/bart-simpson.png
11,11,237,Flanders,49.0,https://img.icons8.com/doodle/48/ned-flanders.png
11,11,237,Grampa,3.0,https://img.icons8.com/doodle/48/abraham-simpson.png
11,11,237,Homer,413.0,https://img.icons8.com/doodle/48/homer-simpson.png
11,11,237,Krusty,25.0,https://img.icons8.com/doodle/48/krusty-the-clown.png
11,11,237,Lenny,15.0,https://static.simpsonswiki.com/images/6/6f/Tapped_Out_Lenny_Icon.png
11,11,237,Lisa,108.0,https://img.icons8.com/doodle/48/lisa-simpson.png
11,11,237,Marge,83.0,https://img.icons8.com/doodle/48/marge-simpson.png
11,11,237,Milhouse,109.0,https://img.icons8.com/doodle/48/milhouse-van-houten.png
11,12,238,Apu,21.0,https://static.simpsonswiki.com/images/0/08/Tapped_Out_Apu_Icon_-_Happy.png
11,12,238,Bart,59.0,https://img.icons8.com/doodle/48/bart-simpson.png
11,12,238,Grampa,3.0,https://img.icons8.com/doodle/48/abraham-simpson.png
11,12,238,Homer,701.0,https://img.icons8.com/doodle/48/homer-simpson.png
11,12,238,Krusty,12.0,https://img.icons8.com/doodle/48/krusty-the-clown.png
11,12,238,Lenny,49.0,https://static.simpsonswiki.com/images/6/6f/Tapped_Out_Lenny_Icon.png
11,12,238,Lisa,85.0,https://img.icons8.com/doodle/48/lisa-simpson.png
11,12,238,Marge,261.0,https://img.icons8.com/doodle/48/marge-simpson.png
11,12,238,Moe,109.0,https://img.icons8.com/doodle/48/bartender-mo.png
11,12,238,Mr. Burns,342.0,https://img.icons8.com/doodle/48/charles-montgomery-burns.png
11,13,239,Bart,214.0,https://img.icons8.com/doodle/48/bart-simpson.png
11,13,239,Chief Wiggum,68.0,https://img.icons8.com/doodle/48/clancy-wiggum.png
11,13,239,Flanders,5.0,https://img.icons8.com/doodle/48/ned-flanders.png
11,13,239,Homer,601.0,https://img.icons8.com/doodle/48/homer-simpson.png
11,13,239,Lenny,32.0,https://static.simpsonswiki.com/images/6/6f/Tapped_Out_Lenny_Icon.png
11,13,239,Lisa,191.0,https://img.icons8.com/doodle/48/lisa-simpson.png
11,13,239,Marge,256.0,https://img.icons8.com/doodle/48/marge-simpson.png
11,13,239,Milhouse,7.0,https://img.icons8.com/doodle/48/milhouse-van-houten.png
11,13,239,Moe,35.0,https://img.icons8.com/doodle/48/bartender-mo.png
11,14,240,Apu,57.0,https://static.simpsonswiki.com/images/0/08/Tapped_Out_Apu_Icon_-_Happy.png
11,14,240,Bart,112.0,https://img.icons8.com/doodle/48/bart-simpson.png
11,14,240,Chief Wiggum,39.0,https://img.icons8.com/doodle/48/clancy-wiggum.png
11,14,240,Flanders,605.0,https://img.icons8.com/doodle/48/ned-flanders.png
11,14,240,Homer,664.0,https://img.icons8.com/doodle/48/homer-simpson.png
11,14,240,Lenny,14.0,https://static.simpsonswiki.com/images/6/6f/Tapped_Out_Lenny_Icon.png
11,14,240,Lisa,104.0,https://img.icons8.com/doodle/48/lisa-simpson.png
11,14,240,Marge,108.0,https://img.icons8.com/doodle/48/marge-simpson.png
11,14,240,Moe,96.0,https://img.icons8.com/doodle/48/bartender-mo.png
11,15,241,Bart,97.0,https://img.icons8.com/doodle/48/bart-simpson.png
11,15,241,Homer,1138.0,https://img.icons8.com/doodle/48/homer-simpson.png
11,15,241,Lenny,10.0,https://static.simpsonswiki.com/images/6/6f/Tapped_Out_Lenny_Icon.png
11,15,241,Lisa,85.0,https://img.icons8.com/doodle/48/lisa-simpson.png
11,15,241,Marge,117.0,https://img.icons8.com/doodle/48/marge-simpson.png
11,15,241,Mr. Burns,80.0,https://img.icons8.com/doodle/48/charles-montgomery-burns.png
11,16,242,Bart,82.0,https://img.icons8.com/doodle/48/bart-simpson.png
11,16,242,Homer,387.0,https://img.icons8.com/doodle/48/homer-simpson.png
11,16,242,Lenny,54.0,https://static.simpsonswiki.com/images/6/6f/Tapped_Out_Lenny_Icon.png
11,16,242,Lisa,118.0,https://img.icons8.com/doodle/48/lisa-simpson.png
11,16,242,Marge,82.0,https://img.icons8.com/doodle/48/marge-simpson.png
11,16,242,Milhouse,7.0,https://img.icons8.com/doodle/48/milhouse-van-houten.png
11,16,242,Moe,886.0,https://img.icons8.com/doodle/48/bartender-mo.png
11,17,243,Bart,898.0,https://img.icons8.com/doodle/48/bart-simpson.png
11,17,243,Flanders,74.0,https://img.icons8.com/doodle/48/ned-flanders.png
11,17,243,Homer,239.0,https://img.icons8.com/doodle/48/homer-simpson.png
11,17,243,Krusty,33.0,https://img.icons8.com/doodle/48/krusty-the-clown.png
11,17,243,Lenny,12.0,https://static.simpsonswiki.com/images/6/6f/Tapped_Out_Lenny_Icon.png
11,17,243,Lisa,578.0,https://img.icons8.com/doodle/48/lisa-simpson.png
11,17,243,Marge,150.0,https://img.icons8.com/doodle/48/marge-simpson.png
11,17,243,Milhouse,62.0,https://img.icons8.com/doodle/48/milhouse-van-houten.png
11,17,243,Moe,12.0,https://img.icons8.com/doodle/48/bartender-mo.png
11,18,244,Apu,18.0,https://static.simpsonswiki.com/images/0/08/Tapped_Out_Apu_Icon_-_Happy.png
11,18,244,Bart,153.0,https://img.icons8.com/doodle/48/bart-simpson.png
11,18,244,Flanders,10.0,https://img.icons8.com/doodle/48/ned-flanders.png
11,18,244,Homer,646.0,https://img.icons8.com/doodle/48/homer-simpson.png
11,18,244,Lenny,36.0,https://static.simpsonswiki.com/images/6/6f/Tapped_Out_Lenny_Icon.png
11,18,244,Lisa,134.0,https://img.icons8.com/doodle/48/lisa-simpson.png
11,18,244,Marge,180.0,https://img.icons8.com/doodle/48/marge-simpson.png
11,18,244,Moe,193.0,https://img.icons8.com/doodle/48/bartender-mo.png
11,19,245,Bart,95.0,https://img.icons8.com/doodle/48/bart-simpson.png
11,19,245,Flanders,31.0,https://img.icons8.com/doodle/48/ned-flanders.png
11,19,245,Homer,702.0,https://img.icons8.com/doodle/48/homer-simpson.png
11,19,245,Lenny,13.0,https://static.simpsonswiki.com/images/6/6f/Tapped_Out_Lenny_Icon.png
11,19,245,Lisa,115.0,https://img.icons8.com/doodle/48/lisa-simpson.png
11,19,245,Marge,355.0,https://img.icons8.com/doodle/48/marge-simpson.png
11,19,245,Mr. Burns,36.0,https://img.icons8.com/doodle/48/charles-montgomery-burns.png
11,20,246,Bart,178.0,https://img.icons8.com/doodle/48/bart-simpson.png
11,20,246,Chief Wiggum,89.0,https://img.icons8.com/doodle/48/clancy-wiggum.png
11,20,246,Homer,282.0,https://img.icons8.com/doodle/48/homer-simpson.png
11,20,246,Lisa,346.0,https://img.icons8.com/doodle/48/lisa-simpson.png
11,20,246,Marge,273.0,https://img.icons8.com/doodle/48/marge-simpson.png
11,20,246,Milhouse,90.0,https://img.icons8.com/doodle/48/milhouse-van-houten.png
11,21,247,Bart,197.0,https://img.icons8.com/doodle/48/bart-simpson.png
11,21,247,Chief Wiggum,128.0,https://img.icons8.com/doodle/48/clancy-wiggum.png
11,21,247,Homer,192.0,https://img.icons8.com/doodle/48/homer-simpson.png
11,21,247,Krusty,49.0,https://img.icons8.com/doodle/48/krusty-the-clown.png
11,21,247,Lisa,137.0,https://img.icons8.com/doodle/48/lisa-simpson.png
11,21,247,Marge,651.0,https://img.icons8.com/doodle/48/marge-simpson.png
11,21,247,Milhouse,14.0,https://img.icons8.com/doodle/48/milhouse-van-houten.png
11,21,247,Moe,37.0,https://img.icons8.com/doodle/48/bartender-mo.png
11,22,248,Apu,26.0,https://static.simpsonswiki.com/images/0/08/Tapped_Out_Apu_Icon_-_Happy.png
11,22,248,Bart,210.0,https://img.icons8.com/doodle/48/bart-simpson.png
11,22,248,Chief Wiggum,31.0,https://img.icons8.com/doodle/48/clancy-wiggum.png
11,22,248,Flanders,16.0,https://img.icons8.com/doodle/48/ned-flanders.png
11,22,248,Grampa,14.0,https://img.icons8.com/doodle/48/abraham-simpson.png
11,22,248,Homer,434.0,https://img.icons8.com/doodle/48/homer-simpson.png
11,22,248,Krusty,34.0,https://img.icons8.com/doodle/48/krusty-the-clown.png
11,22,248,Lenny,18.0,https://static.simpsonswiki.com/images/6/6f/Tapped_Out_Lenny_Icon.png
11,22,248,Lisa,206.0,https://img.icons8.com/doodle/48/lisa-simpson.png
11,22,248,Marge,266.0,https://img.icons8.com/doodle/48/marge-simpson.png
11,22,248,Moe,39.0,https://img.icons8.com/doodle/48/bartender-mo.png
12,1,249,Apu,2.0,https://static.simpsonswiki.com/images/0/08/Tapped_Out_Apu_Icon_-_Happy.png
12,1,249,Bart,114.0,https://img.icons8.com/doodle/48/bart-simpson.png
12,1,249,Chief Wiggum,20.0,https://img.icons8.com/doodle/48/clancy-wiggum.png
12,1,249,Grampa,8.0,https://img.icons8.com/doodle/48/abraham-simpson.png
12,1,249,Homer,557.0,https://img.icons8.com/doodle/48/homer-simpson.png
12,1,249,Lenny,50.0,https://static.simpsonswiki.com/images/6/6f/Tapped_Out_Lenny_Icon.png
12,1,249,Lisa,198.0,https://img.icons8.com/doodle/48/lisa-simpson.png
12,1,249,Marge,180.0,https://img.icons8.com/doodle/48/marge-simpson.png
12,1,249,Moe,12.0,https://img.icons8.com/doodle/48/bartender-mo.png
12,2,250,Apu,38.0,https://static.simpsonswiki.com/images/0/08/Tapped_Out_Apu_Icon_-_Happy.png
12,2,250,Bart,166.0,https://img.icons8.com/doodle/48/bart-simpson.png
12,2,250,Chief Wiggum,5.0,https://img.icons8.com/doodle/48/clancy-wiggum.png
12,2,250,Flanders,13.0,https://img.icons8.com/doodle/48/ned-flanders.png
12,2,250,Grampa,3.0,https://img.icons8.com/doodle/48/abraham-simpson.png
12,2,250,Homer,821.0,https://img.icons8.com/doodle/48/homer-simpson.png
12,2,250,Krusty,31.0,https://img.icons8.com/doodle/48/krusty-the-clown.png
12,2,250,Lenny,44.0,https://static.simpsonswiki.com/images/6/6f/Tapped_Out_Lenny_Icon.png
12,2,250,Lisa,114.0,https://img.icons8.com/doodle/48/lisa-simpson.png
12,2,250,Marge,149.0,https://img.icons8.com/doodle/48/marge-simpson.png
12,2,250,Milhouse,2.0,https://img.icons8.com/doodle/48/milhouse-van-houten.png
12,2,250,Moe,48.0,https://img.icons8.com/doodle/48/bartender-mo.png
12,2,250,Mr. Burns,26.0,https://img.icons8.com/doodle/48/charles-montgomery-burns.png
12,3,251,Apu,2.0,https://static.simpsonswiki.com/images/0/08/Tapped_Out_Apu_Icon_-_Happy.png
12,3,251,Bart,92.0,https://img.icons8.com/doodle/48/bart-simpson.png
12,3,251,Flanders,18.0,https://img.icons8.com/doodle/48/ned-flanders.png
12,3,251,Homer,421.0,https://img.icons8.com/doodle/48/homer-simpson.png
12,3,251,Krusty,809.0,https://img.icons8.com/doodle/48/krusty-the-clown.png
12,3,251,Lenny,36.0,https://static.simpsonswiki.com/images/6/6f/Tapped_Out_Lenny_Icon.png
12,3,251,Lisa,65.0,https://img.icons8.com/doodle/48/lisa-simpson.png
12,3,251,Marge,97.0,https://img.icons8.com/doodle/48/marge-simpson.png
12,3,251,Milhouse,15.0,https://img.icons8.com/doodle/48/milhouse-van-houten.png
12,3,251,Moe,6.0,https://img.icons8.com/doodle/48/bartender-mo.png
12,4,252,Apu,4.0,https://static.simpsonswiki.com/images/0/08/Tapped_Out_Apu_Icon_-_Happy.png
12,4,252,Bart,127.0,https://img.icons8.com/doodle/48/bart-simpson.png
12,4,252,Chief Wiggum,70.0,https://img.icons8.com/doodle/48/clancy-wiggum.png
12,4,252,Flanders,13.0,https://img.icons8.com/doodle/48/ned-flanders.png
12,4,252,Homer,220.0,https://img.icons8.com/doodle/48/homer-simpson.png
12,4,252,Krusty,62.0,https://img.icons8.com/doodle/48/krusty-the-clown.png
12,4,252,Lisa,442.0,https://img.icons8.com/doodle/48/lisa-simpson.png
12,4,252,Marge,188.0,https://img.icons8.com/doodle/48/marge-simpson.png
12,4,252,Milhouse,10.0,https://img.icons8.com/doodle/48/milhouse-van-houten.png
12,4,252,Moe,58.0,https://img.icons8.com/doodle/48/bartender-mo.png
12,5,253,Bart,115.0,https://img.icons8.com/doodle/48/bart-simpson.png
12,5,253,Chief Wiggum,36.0,https://img.icons8.com/doodle/48/clancy-wiggum.png
12,5,253,Homer,605.0,https://img.icons8.com/doodle/48/homer-simpson.png
12,5,253,Lenny,41.0,https://static.simpsonswiki.com/images/6/6f/Tapped_Out_Lenny_Icon.png
12,5,253,Lisa,140.0,https://img.icons8.com/doodle/48/lisa-simpson.png
12,5,253,Marge,113.0,https://img.icons8.com/doodle/48/marge-simpson.png
12,5,253,Milhouse,17.0,https://img.icons8.com/doodle/48/milhouse-van-houten.png
12,5,253,Moe,6.0,https://img.icons8.com/doodle/48/bartender-mo.png
12,5,253,Mr. Burns,470.0,https://img.icons8.com/doodle/48/charles-montgomery-burns.png
12,6,254,Apu,20.0,https://static.simpsonswiki.com/images/0/08/Tapped_Out_Apu_Icon_-_Happy.png
12,6,254,Bart,64.0,https://img.icons8.com/doodle/48/bart-simpson.png
12,6,254,Chief Wiggum,155.0,https://img.icons8.com/doodle/48/clancy-wiggum.png
12,6,254,Flanders,40.0,https://img.icons8.com/doodle/48/ned-flanders.png
12,6,254,Homer,893.0,https://img.icons8.com/doodle/48/homer-simpson.png
12,6,254,Krusty,33.0,https://img.icons8.com/doodle/48/krusty-the-clown.png
12,6,254,Lenny,65.0,https://static.simpsonswiki.com/images/6/6f/Tapped_Out_Lenny_Icon.png
12,6,254,Lisa,152.0,https://img.icons8.com/doodle/48/lisa-simpson.png
12,6,254,Marge,74.0,https://img.icons8.com/doodle/48/marge-simpson.png
12,6,254,Moe,45.0,https://img.icons8.com/doodle/48/bartender-mo.png
12,6,254,Mr. Burns,61.0,https://img.icons8.com/doodle/48/charles-montgomery-burns.png
12,7,255,Bart,500.0,https://img.icons8.com/doodle/48/bart-simpson.png
12,7,255,Chief Wiggum,33.0,https://img.icons8.com/doodle/48/clancy-wiggum.png
12,7,255,Flanders,57.0,https://img.icons8.com/doodle/48/ned-flanders.png
12,7,255,Grampa,119.0,https://img.icons8.com/doodle/48/abraham-simpson.png
12,7,255,Homer,828.0,https://img.icons8.com/doodle/48/homer-simpson.png
12,7,255,Lisa,94.0,https://img.icons8.com/doodle/48/lisa-simpson.png
12,7,255,Marge,251.0,https://img.icons8.com/doodle/48/marge-simpson.png
12,8,256,Apu,4.0,https://static.simpsonswiki.com/images/0/08/Tapped_Out_Apu_Icon_-_Happy.png
12,8,256,Bart,235.0,https://img.icons8.com/doodle/48/bart-simpson.png
12,8,256,Chief Wiggum,18.0,https://img.icons8.com/doodle/48/clancy-wiggum.png
12,8,256,Flanders,99.0,https://img.icons8.com/doodle/48/ned-flanders.png
12,8,256,Homer,243.0,https://img.icons8.com/doodle/48/homer-simpson.png
12,8,256,Lenny,7.0,https://static.simpsonswiki.com/images/6/6f/Tapped_Out_Lenny_Icon.png
12,8,256,Lisa,103.0,https://img.icons8.com/doodle/48/lisa-simpson.png
12,8,256,Marge,79.0,https://img.icons8.com/doodle/48/marge-simpson.png
12,8,256,Milhouse,43.0,https://img.icons8.com/doodle/48/milhouse-van-houten.png
12,8,256,Mr. Burns,4.0,https://img.icons8.com/doodle/48/charles-montgomery-burns.png
12,9,257,Bart,30.0,https://img.icons8.com/doodle/48/bart-simpson.png
12,9,257,Flanders,56.0,https://img.icons8.com/doodle/48/ned-flanders.png
12,9,257,Homer,863.0,https://img.icons8.com/doodle/48/homer-simpson.png
12,9,257,Lenny,65.0,https://static.simpsonswiki.com/images/6/6f/Tapped_Out_Lenny_Icon.png
12,9,257,Lisa,191.0,https://img.icons8.com/doodle/48/lisa-simpson.png
12,9,257,Marge,64.0,https://img.icons8.com/doodle/48/marge-simpson.png
12,9,257,Moe,73.0,https://img.icons8.com/doodle/48/bartender-mo.png
12,9,257,Mr. Burns,34.0,https://img.icons8.com/doodle/48/charles-montgomery-burns.png
12,10,258,Apu,16.0,https://static.simpsonswiki.com/images/0/08/Tapped_Out_Apu_Icon_-_Happy.png
12,10,258,Bart,65.0,https://img.icons8.com/doodle/48/bart-simpson.png
12,10,258,Chief Wiggum,111.0,https://img.icons8.com/doodle/48/clancy-wiggum.png
12,10,258,Flanders,7.0,https://img.icons8.com/doodle/48/ned-flanders.png
12,10,258,Homer,386.0,https://img.icons8.com/doodle/48/homer-simpson.png
12,10,258,Lenny,23.0,https://static.simpsonswiki.com/images/6/6f/Tapped_Out_Lenny_Icon.png
12,10,258,Lisa,43.0,https://img.icons8.com/doodle/48/lisa-simpson.png
12,10,258,Marge,637.0,https://img.icons8.com/doodle/48/marge-simpson.png
12,10,258,Milhouse,6.0,https://img.icons8.com/doodle/48/milhouse-van-houten.png
12,10,258,Moe,43.0,https://img.icons8.com/doodle/48/bartender-mo.png
12,11,259,Apu,32.0,https://static.simpsonswiki.com/images/0/08/Tapped_Out_Apu_Icon_-_Happy.png
12,11,259,Bart,360.0,https://img.icons8.com/doodle/48/bart-simpson.png
12,11,259,Chief Wiggum,92.0,https://img.icons8.com/doodle/48/clancy-wiggum.png
12,11,259,Flanders,53.0,https://img.icons8.com/doodle/48/ned-flanders.png
12,11,259,Homer,171.0,https://img.icons8.com/doodle/48/homer-simpson.png
12,11,259,Lenny,9.0,https://static.simpsonswiki.com/images/6/6f/Tapped_Out_Lenny_Icon.png
12,11,259,Lisa,94.0,https://img.icons8.com/doodle/48/lisa-simpson.png
12,11,259,Marge,64.0,https://img.icons8.com/doodle/48/marge-simpson.png
12,11,259,Milhouse,356.0,https://img.icons8.com/doodle/48/milhouse-van-houten.png
12,11,259,Moe,54.0,https://img.icons8.com/doodle/48/bartender-mo.png
12,12,260,Bart,140.0,https://img.icons8.com/doodle/48/bart-simpson.png
12,12,260,Chief Wiggum,93.0,https://img.icons8.com/doodle/48/clancy-wiggum.png
12,12,260,Flanders,8.0,https://img.icons8.com/doodle/48/ned-flanders.png
12,12,260,Grampa,84.0,https://img.icons8.com/doodle/48/abraham-simpson.png
12,12,260,Homer,838.0,https://img.icons8.com/doodle/48/homer-simpson.png
12,12,260,Krusty,71.0,https://img.icons8.com/doodle/48/krusty-the-clown.png
12,12,260,Lenny,21.0,https://static.simpsonswiki.com/images/6/6f/Tapped_Out_Lenny_Icon.png
12,12,260,Lisa,136.0,https://img.icons8.com/doodle/48/lisa-simpson.png
12,12,260,Marge,387.0,https://img.icons8.com/doodle/48/marge-simpson.png
12,12,260,Moe,19.0,https://img.icons8.com/doodle/48/bartender-mo.png
12,12,260,Mr. Burns,14.0,https://img.icons8.com/doodle/48/charles-montgomery-burns.png
12,13,261,Bart,102.0,https://img.icons8.com/doodle/48/bart-simpson.png
12,13,261,Chief Wiggum,125.0,https://img.icons8.com/doodle/48/clancy-wiggum.png
12,13,261,Homer,68.0,https://img.icons8.com/doodle/48/homer-simpson.png
12,13,261,Krusty,600.0,https://img.icons8.com/doodle/48/krusty-the-clown.png
12,13,261,Lisa,12.0,https://img.icons8.com/doodle/48/lisa-simpson.png
12,13,261,Marge,44.0,https://img.icons8.com/doodle/48/marge-simpson.png
12,13,261,Moe,89.0,https://img.icons8.com/doodle/48/bartender-mo.png
12,14,262,Bart,212.0,https://img.icons8.com/doodle/48/bart-simpson.png
12,14,262,Chief Wiggum,16.0,https://img.icons8.com/doodle/48/clancy-wiggum.png
12,14,262,Homer,234.0,https://img.icons8.com/doodle/48/homer-simpson.png
12,14,262,Lenny,2.0,https://static.simpsonswiki.com/images/6/6f/Tapped_Out_Lenny_Icon.png
12,14,262,Lisa,144.0,https://img.icons8.com/doodle/48/lisa-simpson.png
12,14,262,Marge,83.0,https://img.icons8.com/doodle/48/marge-simpson.png
12,14,262,Milhouse,55.0,https://img.icons8.com/doodle/48/milhouse-van-houten.png
12,14,262,Moe,12.0,https://img.icons8.com/doodle/48/bartender-mo.png
12,14,262,Mr. Burns,10.0,https://img.icons8.com/doodle/48/charles-montgomery-burns.png
12,15,263,Bart,57.0,https://img.icons8.com/doodle/48/bart-simpson.png
12,15,263,Chief Wiggum,6.0,https://img.icons8.com/doodle/48/clancy-wiggum.png
12,15,263,Homer,886.0,https://img.icons8.com/doodle/48/homer-simpson.png
12,15,263,Lenny,58.0,https://static.simpsonswiki.com/images/6/6f/Tapped_Out_Lenny_Icon.png
12,15,263,Lisa,96.0,https://img.icons8.com/doodle/48/lisa-simpson.png
12,15,263,Marge,167.0,https://img.icons8.com/doodle/48/marge-simpson.png
12,15,263,Milhouse,10.0,https://img.icons8.com/doodle/48/milhouse-van-houten.png
12,15,263,Moe,37.0,https://img.icons8.com/doodle/48/bartender-mo.png
12,16,264,Apu,12.0,https://static.simpsonswiki.com/images/0/08/Tapped_Out_Apu_Icon_-_Happy.png
12,16,264,Bart,41.0,https://img.icons8.com/doodle/48/bart-simpson.png
12,16,264,Homer,387.0,https://img.icons8.com/doodle/48/homer-simpson.png
12,16,264,Lisa,498.0,https://img.icons8.com/doodle/48/lisa-simpson.png
12,16,264,Marge,221.0,https://img.icons8.com/doodle/48/marge-simpson.png
12,16,264,Milhouse,43.0,https://img.icons8.com/doodle/48/milhouse-van-houten.png
12,17,265,Bart,137.0,https://img.icons8.com/doodle/48/bart-simpson.png
12,17,265,Homer,578.0,https://img.icons8.com/doodle/48/homer-simpson.png
12,17,265,Lenny,26.0,https://static.simpsonswiki.com/images/6/6f/Tapped_Out_Lenny_Icon.png
12,17,265,Lisa,240.0,https://img.icons8.com/doodle/48/lisa-simpson.png
12,17,265,Marge,194.0,https://img.icons8.com/doodle/48/marge-simpson.png
12,17,265,Moe,13.0,https://img.icons8.com/doodle/48/bartender-mo.png
12,18,266,Bart,111.0,https://img.icons8.com/doodle/48/bart-simpson.png
12,18,266,Chief Wiggum,214.0,https://img.icons8.com/doodle/48/clancy-wiggum.png
12,18,266,Flanders,32.0,https://img.icons8.com/doodle/48/ned-flanders.png
12,18,266,Homer,383.0,https://img.icons8.com/doodle/48/homer-simpson.png
12,18,266,Krusty,41.0,https://img.icons8.com/doodle/48/krusty-the-clown.png
12,18,266,Lisa,341.0,https://img.icons8.com/doodle/48/lisa-simpson.png
12,18,266,Marge,212.0,https://img.icons8.com/doodle/48/marge-simpson.png
12,18,266,Milhouse,52.0,https://img.icons8.com/doodle/48/milhouse-van-houten.png
12,18,266,Moe,44.0,https://img.icons8.com/doodle/48/bartender-mo.png
12,19,267,Apu,4.0,https://static.simpsonswiki.com/images/0/08/Tapped_Out_Apu_Icon_-_Happy.png
12,19,267,Bart,90.0,https://img.icons8.com/doodle/48/bart-simpson.png
12,19,267,Chief Wiggum,73.0,https://img.icons8.com/doodle/48/clancy-wiggum.png
12,19,267,Flanders,761.0,https://img.icons8.com/doodle/48/ned-flanders.png
12,19,267,Homer,350.0,https://img.icons8.com/doodle/48/homer-simpson.png
12,19,267,Krusty,16.0,https://img.icons8.com/doodle/48/krusty-the-clown.png
12,19,267,Lenny,20.0,https://static.simpsonswiki.com/images/6/6f/Tapped_Out_Lenny_Icon.png
12,19,267,Lisa,106.0,https://img.icons8.com/doodle/48/lisa-simpson.png
12,19,267,Marge,102.0,https://img.icons8.com/doodle/48/marge-simpson.png
12,19,267,Milhouse,10.0,https://img.icons8.com/doodle/48/milhouse-van-houten.png
12,19,267,Moe,29.0,https://img.icons8.com/doodle/48/bartender-mo.png
12,20,268,Apu,24.0,https://static.simpsonswiki.com/images/0/08/Tapped_Out_Apu_Icon_-_Happy.png
12,20,268,Bart,138.0,https://img.icons8.com/doodle/48/bart-simpson.png
12,20,268,Chief Wiggum,17.0,https://img.icons8.com/doodle/48/clancy-wiggum.png
12,20,268,Flanders,168.0,https://img.icons8.com/doodle/48/ned-flanders.png
12,20,268,Grampa,65.0,https://img.icons8.com/doodle/48/abraham-simpson.png
12,20,268,Homer,754.0,https://img.icons8.com/doodle/48/homer-simpson.png
12,20,268,Krusty,209.0,https://img.icons8.com/doodle/48/krusty-the-clown.png
12,20,268,Lenny,25.0,https://static.simpsonswiki.com/images/6/6f/Tapped_Out_Lenny_Icon.png
12,20,268,Lisa,93.0,https://img.icons8.com/doodle/48/lisa-simpson.png
12,20,268,Marge,77.0,https://img.icons8.com/doodle/48/marge-simpson.png
12,20,268,Milhouse,52.0,https://img.icons8.com/doodle/48/milhouse-van-houten.png
12,20,268,Moe,13.0,https://img.icons8.com/doodle/48/bartender-mo.png
12,20,268,Mr. Burns,25.0,https://img.icons8.com/doodle/48/charles-montgomery-burns.png
12,21,269,Apu,35.0,https://static.simpsonswiki.com/images/0/08/Tapped_Out_Apu_Icon_-_Happy.png
12,21,269,Bart,26.0,https://img.icons8.com/doodle/48/bart-simpson.png
12,21,269,Chief Wiggum,21.0,https://img.icons8.com/doodle/48/clancy-wiggum.png
12,21,269,Grampa,17.0,https://img.icons8.com/doodle/48/abraham-simpson.png
12,21,269,Homer,172.0,https://img.icons8.com/doodle/48/homer-simpson.png
12,21,269,Lenny,10.0,https://static.simpsonswiki.com/images/6/6f/Tapped_Out_Lenny_Icon.png
12,21,269,Lisa,79.0,https://img.icons8.com/doodle/48/lisa-simpson.png
12,21,269,Marge,105.0,https://img.icons8.com/doodle/48/marge-simpson.png
12,21,269,Milhouse,8.0,https://img.icons8.com/doodle/48/milhouse-van-houten.png
12,21,269,Moe,95.0,https://img.icons8.com/doodle/48/bartender-mo.png
13,1,270,Bart,124.0,https://img.icons8.com/doodle/48/bart-simpson.png
13,1,270,Homer,324.0,https://img.icons8.com/doodle/48/homer-simpson.png
13,1,270,Krusty,10.0,https://img.icons8.com/doodle/48/krusty-the-clown.png
13,1,270,Lenny,12.0,https://static.simpsonswiki.com/images/6/6f/Tapped_Out_Lenny_Icon.png
13,1,270,Lisa,146.0,https://img.icons8.com/doodle/48/lisa-simpson.png
13,1,270,Marge,216.0,https://img.icons8.com/doodle/48/marge-simpson.png
13,1,270,Milhouse,29.0,https://img.icons8.com/doodle/48/milhouse-van-houten.png
13,1,270,Moe,14.0,https://img.icons8.com/doodle/48/bartender-mo.png
13,1,270,Mr. Burns,25.0,https://img.icons8.com/doodle/48/charles-montgomery-burns.png
13,2,271,Bart,295.0,https://img.icons8.com/doodle/48/bart-simpson.png
13,2,271,Chief Wiggum,118.0,https://img.icons8.com/doodle/48/clancy-wiggum.png
13,2,271,Flanders,58.0,https://img.icons8.com/doodle/48/ned-flanders.png
13,2,271,Homer,634.0,https://img.icons8.com/doodle/48/homer-simpson.png
13,2,271,Lisa,110.0,https://img.icons8.com/doodle/48/lisa-simpson.png
13,2,271,Marge,320.0,https://img.icons8.com/doodle/48/marge-simpson.png
13,2,271,Milhouse,50.0,https://img.icons8.com/doodle/48/milhouse-van-houten.png
13,2,271,Moe,33.0,https://img.icons8.com/doodle/48/bartender-mo.png
13,3,272,Bart,82.0,https://img.icons8.com/doodle/48/bart-simpson.png
13,3,272,Homer,744.0,https://img.icons8.com/doodle/48/homer-simpson.png
13,3,272,Lenny,94.0,https://static.simpsonswiki.com/images/6/6f/Tapped_Out_Lenny_Icon.png
13,3,272,Lisa,162.0,https://img.icons8.com/doodle/48/lisa-simpson.png
13,3,272,Marge,71.0,https://img.icons8.com/doodle/48/marge-simpson.png
13,3,272,Moe,760.0,https://img.icons8.com/doodle/48/bartender-mo.png
13,4,273,Bart,23.0,https://img.icons8.com/doodle/48/bart-simpson.png
13,4,273,Chief Wiggum,119.0,https://img.icons8.com/doodle/48/clancy-wiggum.png
13,4,273,Flanders,1.0,https://img.icons8.com/doodle/48/ned-flanders.png
13,4,273,Homer,335.0,https://img.icons8.com/doodle/48/homer-simpson.png
13,4,273,Lenny,15.0,https://static.simpsonswiki.com/images/6/6f/Tapped_Out_Lenny_Icon.png
13,4,273,Lisa,71.0,https://img.icons8.com/doodle/48/lisa-simpson.png
13,4,273,Marge,76.0,https://img.icons8.com/doodle/48/marge-simpson.png
13,4,273,Mr. Burns,735.0,https://img.icons8.com/doodle/48/charles-montgomery-burns.png
13,5,274,Bart,44.0,https://img.icons8.com/doodle/48/bart-simpson.png
13,5,274,Chief Wiggum,154.0,https://img.icons8.com/doodle/48/clancy-wiggum.png
13,5,274,Flanders,4.0,https://img.icons8.com/doodle/48/ned-flanders.png
13,5,274,Homer,493.0,https://img.icons8.com/doodle/48/homer-simpson.png
13,5,274,Lenny,85.0,https://static.simpsonswiki.com/images/6/6f/Tapped_Out_Lenny_Icon.png
13,5,274,Lisa,137.0,https://img.icons8.com/doodle/48/lisa-simpson.png
13,5,274,Marge,318.0,https://img.icons8.com/doodle/48/marge-simpson.png
13,5,274,Moe,416.0,https://img.icons8.com/doodle/48/bartender-mo.png
13,5,274,Mr. Burns,252.0,https://img.icons8.com/doodle/48/charles-montgomery-burns.png
13,6,275,Bart,142.0,https://img.icons8.com/doodle/48/bart-simpson.png
13,6,275,Flanders,65.0,https://img.icons8.com/doodle/48/ned-flanders.png
13,6,275,Homer,330.0,https://img.icons8.com/doodle/48/homer-simpson.png
13,6,275,Lenny,43.0,https://static.simpsonswiki.com/images/6/6f/Tapped_Out_Lenny_Icon.png
13,6,275,Lisa,430.0,https://img.icons8.com/doodle/48/lisa-simpson.png
13,6,275,Marge,355.0,https://img.icons8.com/doodle/48/marge-simpson.png
13,6,275,Milhouse,24.0,https://img.icons8.com/doodle/48/milhouse-van-houten.png
13,6,275,Mr. Burns,130.0,https://img.icons8.com/doodle/48/charles-montgomery-burns.png
13,7,276,Bart,140.0,https://img.icons8.com/doodle/48/bart-simpson.png
13,7,276,Chief Wiggum,79.0,https://img.icons8.com/doodle/48/clancy-wiggum.png
13,7,276,Flanders,133.0,https://img.icons8.com/doodle/48/ned-flanders.png
13,7,276,Grampa,85.0,https://img.icons8.com/doodle/48/abraham-simpson.png
13,7,276,Homer,529.0,https://img.icons8.com/doodle/48/homer-simpson.png
13,7,276,Krusty,19.0,https://img.icons8.com/doodle/48/krusty-the-clown.png
13,7,276,Lenny,14.0,https://static.simpsonswiki.com/images/6/6f/Tapped_Out_Lenny_Icon.png
13,7,276,Lisa,183.0,https://img.icons8.com/doodle/48/lisa-simpson.png
13,7,276,Marge,255.0,https://img.icons8.com/doodle/48/marge-simpson.png
13,7,276,Milhouse,12.0,https://img.icons8.com/doodle/48/milhouse-van-houten.png
13,7,276,Moe,27.0,https://img.icons8.com/doodle/48/bartender-mo.png
13,7,276,Mr. Burns,45.0,https://img.icons8.com/doodle/48/charles-montgomery-burns.png
13,8,277,Apu,98.0,https://static.simpsonswiki.com/images/0/08/Tapped_Out_Apu_Icon_-_Happy.png
13,8,277,Bart,57.0,https://img.icons8.com/doodle/48/bart-simpson.png
13,8,277,Chief Wiggum,58.0,https://img.icons8.com/doodle/48/clancy-wiggum.png
13,8,277,Homer,505.0,https://img.icons8.com/doodle/48/homer-simpson.png
13,8,277,Krusty,23.0,https://img.icons8.com/doodle/48/krusty-the-clown.png
13,8,277,Lenny,49.0,https://static.simpsonswiki.com/images/6/6f/Tapped_Out_Lenny_Icon.png
13,8,277,Lisa,94.0,https://img.icons8.com/doodle/48/lisa-simpson.png
13,8,277,Marge,348.0,https://img.icons8.com/doodle/48/marge-simpson.png
13,8,277,Moe,42.0,https://img.icons8.com/doodle/48/bartender-mo.png
13,8,277,Mr. Burns,28.0,https://img.icons8.com/doodle/48/charles-montgomery-burns.png
13,9,278,Apu,11.0,https://static.simpsonswiki.com/images/0/08/Tapped_Out_Apu_Icon_-_Happy.png
13,9,278,Bart,108.0,https://img.icons8.com/doodle/48/bart-simpson.png
13,9,278,Grampa,45.0,https://img.icons8.com/doodle/48/abraham-simpson.png
13,9,278,Homer,436.0,https://img.icons8.com/doodle/48/homer-simpson.png
13,9,278,Lenny,30.0,https://static.simpsonswiki.com/images/6/6f/Tapped_Out_Lenny_Icon.png
13,9,278,Lisa,120.0,https://img.icons8.com/doodle/48/lisa-simpson.png
13,9,278,Marge,465.0,https://img.icons8.com/doodle/48/marge-simpson.png
13,9,278,Milhouse,24.0,https://img.icons8.com/doodle/48/milhouse-van-houten.png
13,9,278,Moe,56.0,https://img.icons8.com/doodle/48/bartender-mo.png
13,9,278,Mr. Burns,21.0,https://img.icons8.com/doodle/48/charles-montgomery-burns.png
13,10,279,Bart,54.0,https://img.icons8.com/doodle/48/bart-simpson.png
13,10,279,Chief Wiggum,19.0,https://img.icons8.com/doodle/48/clancy-wiggum.png
13,10,279,Grampa,9.0,https://img.icons8.com/doodle/48/abraham-simpson.png
13,10,279,Homer,519.0,https://img.icons8.com/doodle/48/homer-simpson.png
13,10,279,Lenny,83.0,https://static.simpsonswiki.com/images/6/6f/Tapped_Out_Lenny_Icon.png
13,10,279,Lisa,69.0,https://img.icons8.com/doodle/48/lisa-simpson.png
13,10,279,Marge,449.0,https://img.icons8.com/doodle/48/marge-simpson.png
13,10,279,Milhouse,24.0,https://img.icons8.com/doodle/48/milhouse-van-houten.png
13,10,279,Moe,40.0,https://img.icons8.com/doodle/48/bartender-mo.png
13,11,280,Bart,467.0,https://img.icons8.com/doodle/48/bart-simpson.png
13,11,280,Chief Wiggum,18.0,https://img.icons8.com/doodle/48/clancy-wiggum.png
13,11,280,Flanders,7.0,https://img.icons8.com/doodle/48/ned-flanders.png
13,11,280,Homer,267.0,https://img.icons8.com/doodle/48/homer-simpson.png
13,11,280,Krusty,32.0,https://img.icons8.com/doodle/48/krusty-the-clown.png
13,11,280,Lenny,33.0,https://static.simpsonswiki.com/images/6/6f/Tapped_Out_Lenny_Icon.png
13,11,280,Lisa,159.0,https://img.icons8.com/doodle/48/lisa-simpson.png
13,11,280,Marge,114.0,https://img.icons8.com/doodle/48/marge-simpson.png
13,11,280,Milhouse,133.0,https://img.icons8.com/doodle/48/milhouse-van-houten.png
13,11,280,Moe,25.0,https://img.icons8.com/doodle/48/bartender-mo.png
13,12,281,Apu,20.0,https://static.simpsonswiki.com/images/0/08/Tapped_Out_Apu_Icon_-_Happy.png
13,12,281,Bart,344.0,https://img.icons8.com/doodle/48/bart-simpson.png
13,12,281,Chief Wiggum,22.0,https://img.icons8.com/doodle/48/clancy-wiggum.png
13,12,281,Grampa,45.0,https://img.icons8.com/doodle/48/abraham-simpson.png
13,12,281,Homer,320.0,https://img.icons8.com/doodle/48/homer-simpson.png
13,12,281,Krusty,157.0,https://img.icons8.com/doodle/48/krusty-the-clown.png
13,12,281,Lisa,109.0,https://img.icons8.com/doodle/48/lisa-simpson.png
13,12,281,Marge,163.0,https://img.icons8.com/doodle/48/marge-simpson.png
13,12,281,Milhouse,41.0,https://img.icons8.com/doodle/48/milhouse-van-houten.png
13,13,282,Apu,41.0,https://static.simpsonswiki.com/images/0/08/Tapped_Out_Apu_Icon_-_Happy.png
13,13,282,Bart,69.0,https://img.icons8.com/doodle/48/bart-simpson.png
13,13,282,Chief Wiggum,51.0,https://img.icons8.com/doodle/48/clancy-wiggum.png
13,13,282,Flanders,3.0,https://img.icons8.com/doodle/48/ned-flanders.png
13,13,282,Grampa,759.0,https://img.icons8.com/doodle/48/abraham-simpson.png
13,13,282,Homer,303.0,https://img.icons8.com/doodle/48/homer-simpson.png
13,13,282,Lisa,117.0,https://img.icons8.com/doodle/48/lisa-simpson.png
13,13,282,Marge,173.0,https://img.icons8.com/doodle/48/marge-simpson.png
13,14,283,Apu,16.0,https://static.simpsonswiki.com/images/0/08/Tapped_Out_Apu_Icon_-_Happy.png
13,14,283,Bart,201.0,https://img.icons8.com/doodle/48/bart-simpson.png
13,14,283,Chief Wiggum,67.0,https://img.icons8.com/doodle/48/clancy-wiggum.png
13,14,283,Flanders,37.0,https://img.icons8.com/doodle/48/ned-flanders.png
13,14,283,Homer,511.0,https://img.icons8.com/doodle/48/homer-simpson.png
13,14,283,Krusty,108.0,https://img.icons8.com/doodle/48/krusty-the-clown.png
13,14,283,Lenny,40.0,https://static.simpsonswiki.com/images/6/6f/Tapped_Out_Lenny_Icon.png
13,14,283,Lisa,254.0,https://img.icons8.com/doodle/48/lisa-simpson.png
13,14,283,Marge,206.0,https://img.icons8.com/doodle/48/marge-simpson.png
13,14,283,Milhouse,48.0,https://img.icons8.com/doodle/48/milhouse-van-houten.png
13,14,283,Moe,200.0,https://img.icons8.com/doodle/48/bartender-mo.png
13,15,284,Bart,154.0,https://img.icons8.com/doodle/48/bart-simpson.png
13,15,284,Homer,483.0,https://img.icons8.com/doodle/48/homer-simpson.png
13,15,284,Lenny,32.0,https://static.simpsonswiki.com/images/6/6f/Tapped_Out_Lenny_Icon.png
13,15,284,Lisa,276.0,https://img.icons8.com/doodle/48/lisa-simpson.png
13,15,284,Marge,255.0,https://img.icons8.com/doodle/48/marge-simpson.png
13,16,285,Bart,32.0,https://img.icons8.com/doodle/48/bart-simpson.png
13,16,285,Chief Wiggum,38.0,https://img.icons8.com/doodle/48/clancy-wiggum.png
13,16,285,Flanders,111.0,https://img.icons8.com/doodle/48/ned-flanders.png
13,16,285,Homer,897.0,https://img.icons8.com/doodle/48/homer-simpson.png
13,16,285,Lenny,26.0,https://static.simpsonswiki.com/images/6/6f/Tapped_Out_Lenny_Icon.png
13,16,285,Lisa,66.0,https://img.icons8.com/doodle/48/lisa-simpson.png
13,16,285,Marge,279.0,https://img.icons8.com/doodle/48/marge-simpson.png
13,16,285,Moe,87.0,https://img.icons8.com/doodle/48/bartender-mo.png
13,16,285,Mr. Burns,305.0,https://img.icons8.com/doodle/48/charles-montgomery-burns.png
13,17,286,Bart,27.0,https://img.icons8.com/doodle/48/bart-simpson.png
13,17,286,Chief Wiggum,83.0,https://img.icons8.com/doodle/48/clancy-wiggum.png
13,17,286,Flanders,55.0,https://img.icons8.com/doodle/48/ned-flanders.png
13,17,286,Grampa,41.0,https://img.icons8.com/doodle/48/abraham-simpson.png
13,17,286,Homer,164.0,https://img.icons8.com/doodle/48/homer-simpson.png
13,17,286,Krusty,134.0,https://img.icons8.com/doodle/48/krusty-the-clown.png
13,17,286,Lisa,79.0,https://img.icons8.com/doodle/48/lisa-simpson.png
13,17,286,Marge,45.0,https://img.icons8.com/doodle/48/marge-simpson.png
13,17,286,Moe,12.0,https://img.icons8.com/doodle/48/bartender-mo.png
13,17,286,Mr. Burns,50.0,https://img.icons8.com/doodle/48/charles-montgomery-burns.png
13,18,287,Bart,376.0,https://img.icons8.com/doodle/48/bart-simpson.png
13,18,287,Flanders,46.0,https://img.icons8.com/doodle/48/ned-flanders.png
13,18,287,Homer,309.0,https://img.icons8.com/doodle/48/homer-simpson.png
13,18,287,Krusty,25.0,https://img.icons8.com/doodle/48/krusty-the-clown.png
13,18,287,Lenny,24.0,https://static.simpsonswiki.com/images/6/6f/Tapped_Out_Lenny_Icon.png
13,18,287,Lisa,131.0,https://img.icons8.com/doodle/48/lisa-simpson.png
13,18,287,Marge,82.0,https://img.icons8.com/doodle/48/marge-simpson.png
13,18,287,Milhouse,36.0,https://img.icons8.com/doodle/48/milhouse-van-houten.png
13,18,287,Moe,19.0,https://img.icons8.com/doodle/48/bartender-mo.png
13,19,288,Apu,563.0,https://static.simpsonswiki.com/images/0/08/Tapped_Out_Apu_Icon_-_Happy.png
13,19,288,Bart,34.0,https://img.icons8.com/doodle/48/bart-simpson.png
13,19,288,Grampa,24.0,https://img.icons8.com/doodle/48/abraham-simpson.png
13,19,288,Homer,465.0,https://img.icons8.com/doodle/48/homer-simpson.png
13,19,288,Krusty,5.0,https://img.icons8.com/doodle/48/krusty-the-clown.png
13,19,288,Lenny,15.0,https://static.simpsonswiki.com/images/6/6f/Tapped_Out_Lenny_Icon.png
13,19,288,Lisa,34.0,https://img.icons8.com/doodle/48/lisa-simpson.png
13,19,288,Marge,293.0,https://img.icons8.com/doodle/48/marge-simpson.png
13,19,288,Milhouse,7.0,https://img.icons8.com/doodle/48/milhouse-van-houten.png
13,19,288,Moe,32.0,https://img.icons8.com/doodle/48/bartender-mo.png
13,20,289,Bart,217.0,https://img.icons8.com/doodle/48/bart-simpson.png
13,20,289,Grampa,52.0,https://img.icons8.com/doodle/48/abraham-simpson.png
13,20,289,Homer,169.0,https://img.icons8.com/doodle/48/homer-simpson.png
13,20,289,Krusty,12.0,https://img.icons8.com/doodle/48/krusty-the-clown.png
13,20,289,Lenny,5.0,https://static.simpsonswiki.com/images/6/6f/Tapped_Out_Lenny_Icon.png
13,20,289,Lisa,391.0,https://img.icons8.com/doodle/48/lisa-simpson.png
13,20,289,Marge,107.0,https://img.icons8.com/doodle/48/marge-simpson.png
13,20,289,Milhouse,46.0,https://img.icons8.com/doodle/48/milhouse-van-houten.png
13,21,290,Bart,39.0,https://img.icons8.com/doodle/48/bart-simpson.png
13,21,290,Chief Wiggum,198.0,https://img.icons8.com/doodle/48/clancy-wiggum.png
13,21,290,Homer,628.0,https://img.icons8.com/doodle/48/homer-simpson.png
13,21,290,Lenny,70.0,https://static.simpsonswiki.com/images/6/6f/Tapped_Out_Lenny_Icon.png
13,21,290,Lisa,41.0,https://img.icons8.com/doodle/48/lisa-simpson.png
13,21,290,Marge,314.0,https://img.icons8.com/doodle/48/marge-simpson.png
13,21,290,Moe,92.0,https://img.icons8.com/doodle/48/bartender-mo.png
13,22,291,Apu,29.0,https://static.simpsonswiki.com/images/0/08/Tapped_Out_Apu_Icon_-_Happy.png
13,22,291,Bart,65.0,https://img.icons8.com/doodle/48/bart-simpson.png
13,22,291,Chief Wiggum,102.0,https://img.icons8.com/doodle/48/clancy-wiggum.png
13,22,291,Flanders,22.0,https://img.icons8.com/doodle/48/ned-flanders.png
13,22,291,Grampa,6.0,https://img.icons8.com/doodle/48/abraham-simpson.png
13,22,291,Homer,784.0,https://img.icons8.com/doodle/48/homer-simpson.png
13,22,291,Krusty,9.0,https://img.icons8.com/doodle/48/krusty-the-clown.png
13,22,291,Lenny,60.0,https://static.simpsonswiki.com/images/6/6f/Tapped_Out_Lenny_Icon.png
13,22,291,Lisa,78.0,https://img.icons8.com/doodle/48/lisa-simpson.png
13,22,291,Marge,225.0,https://img.icons8.com/doodle/48/marge-simpson.png
13,22,291,Moe,25.0,https://img.icons8.com/doodle/48/bartender-mo.png
13,22,291,Mr. Burns,19.0,https://img.icons8.com/doodle/48/charles-montgomery-burns.png
14,1,292,Bart,80.0,https://img.icons8.com/doodle/48/bart-simpson.png
14,1,292,Chief Wiggum,49.0,https://img.icons8.com/doodle/48/clancy-wiggum.png
14,1,292,Flanders,111.0,https://img.icons8.com/doodle/48/ned-flanders.png
14,1,292,Grampa,42.0,https://img.icons8.com/doodle/48/abraham-simpson.png
14,1,292,Homer,619.0,https://img.icons8.com/doodle/48/homer-simpson.png
14,1,292,Lenny,7.0,https://static.simpsonswiki.com/images/6/6f/Tapped_Out_Lenny_Icon.png
14,1,292,Lisa,227.0,https://img.icons8.com/doodle/48/lisa-simpson.png
14,1,292,Marge,242.0,https://img.icons8.com/doodle/48/marge-simpson.png
14,1,292,Moe,27.0,https://img.icons8.com/doodle/48/bartender-mo.png
14,1,292,Mr. Burns,2.0,https://img.icons8.com/doodle/48/charles-montgomery-burns.png
14,2,293,Apu,28.0,https://static.simpsonswiki.com/images/0/08/Tapped_Out_Apu_Icon_-_Happy.png
14,2,293,Bart,102.0,https://img.icons8.com/doodle/48/bart-simpson.png
14,2,293,Chief Wiggum,50.0,https://img.icons8.com/doodle/48/clancy-wiggum.png
14,2,293,Homer,1043.0,https://img.icons8.com/doodle/48/homer-simpson.png
14,2,293,Lenny,81.0,https://static.simpsonswiki.com/images/6/6f/Tapped_Out_Lenny_Icon.png
14,2,293,Lisa,127.0,https://img.icons8.com/doodle/48/lisa-simpson.png
14,2,293,Marge,239.0,https://img.icons8.com/doodle/48/marge-simpson.png
14,2,293,Moe,92.0,https://img.icons8.com/doodle/48/bartender-mo.png
14,3,294,Bart,452.0,https://img.icons8.com/doodle/48/bart-simpson.png
14,3,294,Flanders,50.0,https://img.icons8.com/doodle/48/ned-flanders.png
14,3,294,Homer,193.0,https://img.icons8.com/doodle/48/homer-simpson.png
14,3,294,Lisa,340.0,https://img.icons8.com/doodle/48/lisa-simpson.png
14,3,294,Marge,117.0,https://img.icons8.com/doodle/48/marge-simpson.png
14,3,294,Milhouse,6.0,https://img.icons8.com/doodle/48/milhouse-van-houten.png
14,4,295,Bart,292.0,https://img.icons8.com/doodle/48/bart-simpson.png
14,4,295,Chief Wiggum,29.0,https://img.icons8.com/doodle/48/clancy-wiggum.png
14,4,295,Homer,372.0,https://img.icons8.com/doodle/48/homer-simpson.png
14,4,295,Krusty,126.0,https://img.icons8.com/doodle/48/krusty-the-clown.png
14,4,295,Lenny,7.0,https://static.simpsonswiki.com/images/6/6f/Tapped_Out_Lenny_Icon.png
14,4,295,Lisa,148.0,https://img.icons8.com/doodle/48/lisa-simpson.png
14,4,295,Marge,473.0,https://img.icons8.com/doodle/48/marge-simpson.png
14,4,295,Milhouse,98.0,https://img.icons8.com/doodle/48/milhouse-van-houten.png
14,4,295,Moe,31.0,https://img.icons8.com/doodle/48/bartender-mo.png
14,4,295,Mr. Burns,13.0,https://img.icons8.com/doodle/48/charles-montgomery-burns.png
14,5,296,Apu,49.0,https://static.simpsonswiki.com/images/0/08/Tapped_Out_Apu_Icon_-_Happy.png
14,5,296,Bart,163.0,https://img.icons8.com/doodle/48/bart-simpson.png
14,5,296,Flanders,16.0,https://img.icons8.com/doodle/48/ned-flanders.png
14,5,296,Grampa,15.0,https://img.icons8.com/doodle/48/abraham-simpson.png
14,5,296,Homer,585.0,https://img.icons8.com/doodle/48/homer-simpson.png
14,5,296,Lenny,35.0,https://static.simpsonswiki.com/images/6/6f/Tapped_Out_Lenny_Icon.png
14,5,296,Lisa,170.0,https://img.icons8.com/doodle/48/lisa-simpson.png
14,5,296,Marge,302.0,https://img.icons8.com/doodle/48/marge-simpson.png
14,5,296,Moe,87.0,https://img.icons8.com/doodle/48/bartender-mo.png
14,5,296,Mr. Burns,9.0,https://img.icons8.com/doodle/48/charles-montgomery-burns.png
14,6,297,Apu,32.0,https://static.simpsonswiki.com/images/0/08/Tapped_Out_Apu_Icon_-_Happy.png
14,6,297,Bart,79.0,https://img.icons8.com/doodle/48/bart-simpson.png
14,6,297,Chief Wiggum,255.0,https://img.icons8.com/doodle/48/clancy-wiggum.png
14,6,297,Homer,471.0,https://img.icons8.com/doodle/48/homer-simpson.png
14,6,297,Krusty,5.0,https://img.icons8.com/doodle/48/krusty-the-clown.png
14,6,297,Lenny,24.0,https://static.simpsonswiki.com/images/6/6f/Tapped_Out_Lenny_Icon.png
14,6,297,Lisa,28.0,https://img.icons8.com/doodle/48/lisa-simpson.png
14,6,297,Marge,188.0,https://img.icons8.com/doodle/48/marge-simpson.png
14,6,297,Moe,24.0,https://img.icons8.com/doodle/48/bartender-mo.png
14,7,298,Bart,410.0,https://img.icons8.com/doodle/48/bart-simpson.png
14,7,298,Flanders,14.0,https://img.icons8.com/doodle/48/ned-flanders.png
14,7,298,Grampa,36.0,https://img.icons8.com/doodle/48/abraham-simpson.png
14,7,298,Homer,134.0,https://img.icons8.com/doodle/48/homer-simpson.png
14,7,298,Lisa,120.0,https://img.icons8.com/doodle/48/lisa-simpson.png
14,7,298,Marge,60.0,https://img.icons8.com/doodle/48/marge-simpson.png
14,7,298,Milhouse,39.0,https://img.icons8.com/doodle/48/milhouse-van-houten.png
14,8,299,Bart,99.0,https://img.icons8.com/doodle/48/bart-simpson.png
14,8,299,Chief Wiggum,128.0,https://img.icons8.com/doodle/48/clancy-wiggum.png
14,8,299,Flanders,34.0,https://img.icons8.com/doodle/48/ned-flanders.png
14,8,299,Homer,820.0,https://img.icons8.com/doodle/48/homer-simpson.png
14,8,299,Krusty,71.0,https://img.icons8.com/doodle/48/krusty-the-clown.png
14,8,299,Lenny,6.0,https://static.simpsonswiki.com/images/6/6f/Tapped_Out_Lenny_Icon.png
14,8,299,Lisa,349.0,https://img.icons8.com/doodle/48/lisa-simpson.png
14,8,299,Marge,78.0,https://img.icons8.com/doodle/48/marge-simpson.png
14,8,299,Moe,65.0,https://img.icons8.com/doodle/48/bartender-mo.png
14,8,299,Mr. Burns,19.0,https://img.icons8.com/doodle/48/charles-montgomery-burns.png
14,9,300,Apu,57.0,https://static.simpsonswiki.com/images/0/08/Tapped_Out_Apu_Icon_-_Happy.png
14,9,300,Bart,105.0,https://img.icons8.com/doodle/48/bart-simpson.png
14,9,300,Chief Wiggum,51.0,https://img.icons8.com/doodle/48/clancy-wiggum.png
14,9,300,Flanders,20.0,https://img.icons8.com/doodle/48/ned-flanders.png
14,9,300,Grampa,16.0,https://img.icons8.com/doodle/48/abraham-simpson.png
14,9,300,Homer,512.0,https://img.icons8.com/doodle/48/homer-simpson.png
14,9,300,Lenny,19.0,https://static.simpsonswiki.com/images/6/6f/Tapped_Out_Lenny_Icon.png
14,9,300,Lisa,89.0,https://img.icons8.com/doodle/48/lisa-simpson.png
14,9,300,Marge,535.0,https://img.icons8.com/doodle/48/marge-simpson.png
14,9,300,Milhouse,12.0,https://img.icons8.com/doodle/48/milhouse-van-houten.png
14,9,300,Moe,53.0,https://img.icons8.com/doodle/48/bartender-mo.png
14,10,301,Bart,76.0,https://img.icons8.com/doodle/48/bart-simpson.png
14,10,301,Flanders,228.0,https://img.icons8.com/doodle/48/ned-flanders.png
14,10,301,Homer,727.0,https://img.icons8.com/doodle/48/homer-simpson.png
14,10,301,Krusty,16.0,https://img.icons8.com/doodle/48/krusty-the-clown.png
14,10,301,Lenny,62.0,https://static.simpsonswiki.com/images/6/6f/Tapped_Out_Lenny_Icon.png
14,10,301,Lisa,143.0,https://img.icons8.com/doodle/48/lisa-simpson.png
14,10,301,Marge,187.0,https://img.icons8.com/doodle/48/marge-simpson.png
14,10,301,Moe,107.0,https://img.icons8.com/doodle/48/bartender-mo.png
14,10,301,Mr. Burns,27.0,https://img.icons8.com/doodle/48/charles-montgomery-burns.png
14,11,302,Bart,484.0,https://img.icons8.com/doodle/48/bart-simpson.png
14,11,302,Grampa,9.0,https://img.icons8.com/doodle/48/abraham-simpson.png
14,11,302,Homer,694.0,https://img.icons8.com/doodle/48/homer-simpson.png
14,11,302,Lisa,176.0,https://img.icons8.com/doodle/48/lisa-simpson.png
14,11,302,Marge,244.0,https://img.icons8.com/doodle/48/marge-simpson.png
14,11,302,Milhouse,54.0,https://img.icons8.com/doodle/48/milhouse-van-houten.png
14,12,303,Apu,38.0,https://static.simpsonswiki.com/images/0/08/Tapped_Out_Apu_Icon_-_Happy.png
14,12,303,Bart,97.0,https://img.icons8.com/doodle/48/bart-simpson.png
14,12,303,Homer,340.0,https://img.icons8.com/doodle/48/homer-simpson.png
14,12,303,Krusty,99.0,https://img.icons8.com/doodle/48/krusty-the-clown.png
14,12,303,Lisa,438.0,https://img.icons8.com/doodle/48/lisa-simpson.png
14,12,303,Marge,173.0,https://img.icons8.com/doodle/48/marge-simpson.png
14,12,303,Milhouse,28.0,https://img.icons8.com/doodle/48/milhouse-van-houten.png
14,12,303,Moe,43.0,https://img.icons8.com/doodle/48/bartender-mo.png
14,13,304,Apu,24.0,https://static.simpsonswiki.com/images/0/08/Tapped_Out_Apu_Icon_-_Happy.png
14,13,304,Bart,45.0,https://img.icons8.com/doodle/48/bart-simpson.png
14,13,304,Chief Wiggum,69.0,https://img.icons8.com/doodle/48/clancy-wiggum.png
14,13,304,Flanders,909.0,https://img.icons8.com/doodle/48/ned-flanders.png
14,13,304,Grampa,4.0,https://img.icons8.com/doodle/48/abraham-simpson.png
14,13,304,Homer,240.0,https://img.icons8.com/doodle/48/homer-simpson.png
14,13,304,Lenny,42.0,https://static.simpsonswiki.com/images/6/6f/Tapped_Out_Lenny_Icon.png
14,13,304,Lisa,61.0,https://img.icons8.com/doodle/48/lisa-simpson.png
14,13,304,Marge,154.0,https://img.icons8.com/doodle/48/marge-simpson.png
14,13,304,Milhouse,5.0,https://img.icons8.com/doodle/48/milhouse-van-houten.png
14,13,304,Moe,54.0,https://img.icons8.com/doodle/48/bartender-mo.png
14,14,305,Apu,6.0,https://static.simpsonswiki.com/images/0/08/Tapped_Out_Apu_Icon_-_Happy.png
14,14,305,Bart,150.0,https://img.icons8.com/doodle/48/bart-simpson.png
14,14,305,Flanders,10.0,https://img.icons8.com/doodle/48/ned-flanders.png
14,14,305,Grampa,5.0,https://img.icons8.com/doodle/48/abraham-simpson.png
14,14,305,Homer,203.0,https://img.icons8.com/doodle/48/homer-simpson.png
14,14,305,Krusty,658.0,https://img.icons8.com/doodle/48/krusty-the-clown.png
14,14,305,Lisa,207.0,https://img.icons8.com/doodle/48/lisa-simpson.png
14,14,305,Marge,248.0,https://img.icons8.com/doodle/48/marge-simpson.png
14,14,305,Milhouse,4.0,https://img.icons8.com/doodle/48/milhouse-van-houten.png
14,14,305,Moe,16.0,https://img.icons8.com/doodle/48/bartender-mo.png
14,14,305,Mr. Burns,59.0,https://img.icons8.com/doodle/48/charles-montgomery-burns.png
14,15,306,Bart,78.0,https://img.icons8.com/doodle/48/bart-simpson.png
14,15,306,Flanders,10.0,https://img.icons8.com/doodle/48/ned-flanders.png
14,15,306,Homer,978.0,https://img.icons8.com/doodle/48/homer-simpson.png
14,15,306,Lenny,24.0,https://static.simpsonswiki.com/images/6/6f/Tapped_Out_Lenny_Icon.png
14,15,306,Lisa,54.0,https://img.icons8.com/doodle/48/lisa-simpson.png
14,15,306,Marge,179.0,https://img.icons8.com/doodle/48/marge-simpson.png
14,15,306,Milhouse,14.0,https://img.icons8.com/doodle/48/milhouse-van-houten.png
14,15,306,Moe,32.0,https://img.icons8.com/doodle/48/bartender-mo.png
14,15,306,Mr. Burns,511.0,https://img.icons8.com/doodle/48/charles-montgomery-burns.png
14,16,307,Bart,190.0,https://img.icons8.com/doodle/48/bart-simpson.png
14,16,307,Chief Wiggum,22.0,https://img.icons8.com/doodle/48/clancy-wiggum.png
14,16,307,Grampa,50.0,https://img.icons8.com/doodle/48/abraham-simpson.png
14,16,307,Homer,156.0,https://img.icons8.com/doodle/48/homer-simpson.png
14,16,307,Krusty,36.0,https://img.icons8.com/doodle/48/krusty-the-clown.png
14,16,307,Lenny,26.0,https://static.simpsonswiki.com/images/6/6f/Tapped_Out_Lenny_Icon.png
14,16,307,Lisa,361.0,https://img.icons8.com/doodle/48/lisa-simpson.png
14,16,307,Marge,33.0,https://img.icons8.com/doodle/48/marge-simpson.png
14,16,307,Milhouse,111.0,https://img.icons8.com/doodle/48/milhouse-van-houten.png
14,16,307,Moe,43.0,https://img.icons8.com/doodle/48/bartender-mo.png
14,17,308,Bart,155.0,https://img.icons8.com/doodle/48/bart-simpson.png
14,17,308,Chief Wiggum,4.0,https://img.icons8.com/doodle/48/clancy-wiggum.png
14,17,308,Flanders,32.0,https://img.icons8.com/doodle/48/ned-flanders.png
14,17,308,Grampa,6.0,https://img.icons8.com/doodle/48/abraham-simpson.png
14,17,308,Homer,1166.0,https://img.icons8.com/doodle/48/homer-simpson.png
14,17,308,Lenny,52.0,https://static.simpsonswiki.com/images/6/6f/Tapped_Out_Lenny_Icon.png
14,17,308,Lisa,145.0,https://img.icons8.com/doodle/48/lisa-simpson.png
14,17,308,Marge,470.0,https://img.icons8.com/doodle/48/marge-simpson.png
14,17,308,Milhouse,23.0,https://img.icons8.com/doodle/48/milhouse-van-houten.png
14,17,308,Moe,45.0,https://img.icons8.com/doodle/48/bartender-mo.png
14,18,309,Apu,9.0,https://static.simpsonswiki.com/images/0/08/Tapped_Out_Apu_Icon_-_Happy.png
14,18,309,Bart,123.0,https://img.icons8.com/doodle/48/bart-simpson.png
14,18,309,Chief Wiggum,56.0,https://img.icons8.com/doodle/48/clancy-wiggum.png
14,18,309,Flanders,77.0,https://img.icons8.com/doodle/48/ned-flanders.png
14,18,309,Homer,495.0,https://img.icons8.com/doodle/48/homer-simpson.png
14,18,309,Krusty,10.0,https://img.icons8.com/doodle/48/krusty-the-clown.png
14,18,309,Lenny,6.0,https://static.simpsonswiki.com/images/6/6f/Tapped_Out_Lenny_Icon.png
14,18,309,Lisa,403.0,https://img.icons8.com/doodle/48/lisa-simpson.png
14,18,309,Marge,245.0,https://img.icons8.com/doodle/48/marge-simpson.png
14,18,309,Moe,47.0,https://img.icons8.com/doodle/48/bartender-mo.png
14,18,309,Mr. Burns,17.0,https://img.icons8.com/doodle/48/charles-montgomery-burns.png
14,19,310,Bart,211.0,https://img.icons8.com/doodle/48/bart-simpson.png
14,19,310,Homer,528.0,https://img.icons8.com/doodle/48/homer-simpson.png
14,19,310,Krusty,18.0,https://img.icons8.com/doodle/48/krusty-the-clown.png
14,19,310,Lisa,267.0,https://img.icons8.com/doodle/48/lisa-simpson.png
14,19,310,Marge,131.0,https://img.icons8.com/doodle/48/marge-simpson.png
14,19,310,Milhouse,73.0,https://img.icons8.com/doodle/48/milhouse-van-houten.png
14,19,310,Moe,43.0,https://img.icons8.com/doodle/48/bartender-mo.png
14,20,311,Apu,21.0,https://static.simpsonswiki.com/images/0/08/Tapped_Out_Apu_Icon_-_Happy.png
14,20,311,Bart,63.0,https://img.icons8.com/doodle/48/bart-simpson.png
14,20,311,Chief Wiggum,13.0,https://img.icons8.com/doodle/48/clancy-wiggum.png
14,20,311,Flanders,13.0,https://img.icons8.com/doodle/48/ned-flanders.png
14,20,311,Homer,962.0,https://img.icons8.com/doodle/48/homer-simpson.png
14,20,311,Lenny,27.0,https://static.simpsonswiki.com/images/6/6f/Tapped_Out_Lenny_Icon.png
14,20,311,Lisa,50.0,https://img.icons8.com/doodle/48/lisa-simpson.png
14,20,311,Marge,390.0,https://img.icons8.com/doodle/48/marge-simpson.png
14,20,311,Milhouse,18.0,https://img.icons8.com/doodle/48/milhouse-van-houten.png
14,20,311,Moe,80.0,https://img.icons8.com/doodle/48/bartender-mo.png
14,20,311,Mr. Burns,38.0,https://img.icons8.com/doodle/48/charles-montgomery-burns.png
14,21,312,Apu,39.0,https://static.simpsonswiki.com/images/0/08/Tapped_Out_Apu_Icon_-_Happy.png
14,21,312,Bart,263.0,https://img.icons8.com/doodle/48/bart-simpson.png
14,21,312,Chief Wiggum,139.0,https://img.icons8.com/doodle/48/clancy-wiggum.png
14,21,312,Flanders,144.0,https://img.icons8.com/doodle/48/ned-flanders.png
14,21,312,Grampa,7.0,https://img.icons8.com/doodle/48/abraham-simpson.png
14,21,312,Homer,329.0,https://img.icons8.com/doodle/48/homer-simpson.png
14,21,312,Lenny,36.0,https://static.simpsonswiki.com/images/6/6f/Tapped_Out_Lenny_Icon.png
14,21,312,Lisa,50.0,https://img.icons8.com/doodle/48/lisa-simpson.png
14,21,312,Marge,293.0,https://img.icons8.com/doodle/48/marge-simpson.png
14,21,312,Milhouse,186.0,https://img.icons8.com/doodle/48/milhouse-van-houten.png
14,21,312,Moe,16.0,https://img.icons8.com/doodle/48/bartender-mo.png
14,21,312,Mr. Burns,12.0,https://img.icons8.com/doodle/48/charles-montgomery-burns.png
14,22,313,Apu,16.0,https://static.simpsonswiki.com/images/0/08/Tapped_Out_Apu_Icon_-_Happy.png
14,22,313,Bart,35.0,https://img.icons8.com/doodle/48/bart-simpson.png
14,22,313,Chief Wiggum,121.0,https://img.icons8.com/doodle/48/clancy-wiggum.png
14,22,313,Grampa,31.0,https://img.icons8.com/doodle/48/abraham-simpson.png
14,22,313,Homer,324.0,https://img.icons8.com/doodle/48/homer-simpson.png
14,22,313,Krusty,14.0,https://img.icons8.com/doodle/48/krusty-the-clown.png
14,22,313,Lenny,16.0,https://static.simpsonswiki.com/images/6/6f/Tapped_Out_Lenny_Icon.png
14,22,313,Lisa,110.0,https://img.icons8.com/doodle/48/lisa-simpson.png
14,22,313,Marge,238.0,https://img.icons8.com/doodle/48/marge-simpson.png
14,22,313,Moe,1068.0,https://img.icons8.com/doodle/48/bartender-mo.png
14,22,313,Mr. Burns,9.0,https://img.icons8.com/doodle/48/charles-montgomery-burns.png
15,1,314,Bart,276.0,https://img.icons8.com/doodle/48/bart-simpson.png
15,1,314,Flanders,35.0,https://img.icons8.com/doodle/48/ned-flanders.png
15,1,314,Grampa,3.0,https://img.icons8.com/doodle/48/abraham-simpson.png
15,1,314,Homer,292.0,https://img.icons8.com/doodle/48/homer-simpson.png
15,1,314,Lisa,255.0,https://img.icons8.com/doodle/48/lisa-simpson.png
15,1,314,Marge,101.0,https://img.icons8.com/doodle/48/marge-simpson.png
15,1,314,Milhouse,125.0,https://img.icons8.com/doodle/48/milhouse-van-houten.png
15,1,314,Moe,36.0,https://img.icons8.com/doodle/48/bartender-mo.png
15,2,315,Bart,120.0,https://img.icons8.com/doodle/48/bart-simpson.png
15,2,315,Chief Wiggum,124.0,https://img.icons8.com/doodle/48/clancy-wiggum.png
15,2,315,Flanders,15.0,https://img.icons8.com/doodle/48/ned-flanders.png
15,2,315,Grampa,31.0,https://img.icons8.com/doodle/48/abraham-simpson.png
15,2,315,Homer,775.0,https://img.icons8.com/doodle/48/homer-simpson.png
15,2,315,Lisa,105.0,https://img.icons8.com/doodle/48/lisa-simpson.png
15,2,315,Marge,121.0,https://img.icons8.com/doodle/48/marge-simpson.png
15,2,315,Moe,27.0,https://img.icons8.com/doodle/48/bartender-mo.png
15,2,315,Mr. Burns,141.0,https://img.icons8.com/doodle/48/charles-montgomery-burns.png
15,3,316,Bart,108.0,https://img.icons8.com/doodle/48/bart-simpson.png
15,3,316,Chief Wiggum,58.0,https://img.icons8.com/doodle/48/clancy-wiggum.png
15,3,316,Homer,292.0,https://img.icons8.com/doodle/48/homer-simpson.png
15,3,316,Lenny,15.0,https://static.simpsonswiki.com/images/6/6f/Tapped_Out_Lenny_Icon.png
15,3,316,Lisa,646.0,https://img.icons8.com/doodle/48/lisa-simpson.png
15,3,316,Marge,150.0,https://img.icons8.com/doodle/48/marge-simpson.png
15,3,316,Milhouse,87.0,https://img.icons8.com/doodle/48/milhouse-van-houten.png
15,4,317,Bart,184.0,https://img.icons8.com/doodle/48/bart-simpson.png
15,4,317,Grampa,165.0,https://img.icons8.com/doodle/48/abraham-simpson.png
15,4,317,Homer,709.0,https://img.icons8.com/doodle/48/homer-simpson.png
15,4,317,Krusty,16.0,https://img.icons8.com/doodle/48/krusty-the-clown.png
15,4,317,Lisa,207.0,https://img.icons8.com/doodle/48/lisa-simpson.png
15,4,317,Marge,329.0,https://img.icons8.com/doodle/48/marge-simpson.png
15,4,317,Milhouse,41.0,https://img.icons8.com/doodle/48/milhouse-van-houten.png
15,4,317,Moe,39.0,https://img.icons8.com/doodle/48/bartender-mo.png
15,4,317,Mr. Burns,95.0,https://img.icons8.com/doodle/48/charles-montgomery-burns.png
15,5,318,Bart,197.0,https://img.icons8.com/doodle/48/bart-simpson.png
15,5,318,Chief Wiggum,5.0,https://img.icons8.com/doodle/48/clancy-wiggum.png
15,5,318,Flanders,8.0,https://img.icons8.com/doodle/48/ned-flanders.png
15,5,318,Grampa,66.0,https://img.icons8.com/doodle/48/abraham-simpson.png
15,5,318,Homer,713.0,https://img.icons8.com/doodle/48/homer-simpson.png
15,5,318,Lenny,18.0,https://static.simpsonswiki.com/images/6/6f/Tapped_Out_Lenny_Icon.png
15,5,318,Lisa,142.0,https://img.icons8.com/doodle/48/lisa-simpson.png
15,5,318,Marge,172.0,https://img.icons8.com/doodle/48/marge-simpson.png
15,5,318,Mr. Burns,6.0,https://img.icons8.com/doodle/48/charles-montgomery-burns.png
15,6,319,Bart,109.0,https://img.icons8.com/doodle/48/bart-simpson.png
15,6,319,Chief Wiggum,22.0,https://img.icons8.com/doodle/48/clancy-wiggum.png
15,6,319,Grampa,20.0,https://img.icons8.com/doodle/48/abraham-simpson.png
15,6,319,Homer,391.0,https://img.icons8.com/doodle/48/homer-simpson.png
15,6,319,Krusty,677.0,https://img.icons8.com/doodle/48/krusty-the-clown.png
15,6,319,Lenny,38.0,https://static.simpsonswiki.com/images/6/6f/Tapped_Out_Lenny_Icon.png
15,6,319,Lisa,197.0,https://img.icons8.com/doodle/48/lisa-simpson.png
15,6,319,Marge,121.0,https://img.icons8.com/doodle/48/marge-simpson.png
15,6,319,Moe,23.0,https://img.icons8.com/doodle/48/bartender-mo.png
15,7,320,Bart,75.0,https://img.icons8.com/doodle/48/bart-simpson.png
15,7,320,Chief Wiggum,11.0,https://img.icons8.com/doodle/48/clancy-wiggum.png
15,7,320,Flanders,253.0,https://img.icons8.com/doodle/48/ned-flanders.png
15,7,320,Grampa,9.0,https://img.icons8.com/doodle/48/abraham-simpson.png
15,7,320,Homer,834.0,https://img.icons8.com/doodle/48/homer-simpson.png
15,7,320,Krusty,78.0,https://img.icons8.com/doodle/48/krusty-the-clown.png
15,7,320,Lenny,26.0,https://static.simpsonswiki.com/images/6/6f/Tapped_Out_Lenny_Icon.png
15,7,320,Lisa,110.0,https://img.icons8.com/doodle/48/lisa-simpson.png
15,7,320,Marge,167.0,https://img.icons8.com/doodle/48/marge-simpson.png
15,7,320,Moe,27.0,https://img.icons8.com/doodle/48/bartender-mo.png
15,7,320,Mr. Burns,73.0,https://img.icons8.com/doodle/48/charles-montgomery-burns.png
15,8,321,Bart,158.0,https://img.icons8.com/doodle/48/bart-simpson.png
15,8,321,Chief Wiggum,50.0,https://img.icons8.com/doodle/48/clancy-wiggum.png
15,8,321,Flanders,9.0,https://img.icons8.com/doodle/48/ned-flanders.png
15,8,321,Homer,335.0,https://img.icons8.com/doodle/48/homer-simpson.png
15,8,321,Lenny,11.0,https://static.simpsonswiki.com/images/6/6f/Tapped_Out_Lenny_Icon.png
15,8,321,Lisa,111.0,https://img.icons8.com/doodle/48/lisa-simpson.png
15,8,321,Marge,453.0,https://img.icons8.com/doodle/48/marge-simpson.png
15,8,321,Moe,25.0,https://img.icons8.com/doodle/48/bartender-mo.png
15,8,321,Mr. Burns,21.0,https://img.icons8.com/doodle/48/charles-montgomery-burns.png
15,9,322,Bart,479.0,https://img.icons8.com/doodle/48/bart-simpson.png
15,9,322,Chief Wiggum,20.0,https://img.icons8.com/doodle/48/clancy-wiggum.png
15,9,322,Flanders,13.0,https://img.icons8.com/doodle/48/ned-flanders.png
15,9,322,Grampa,35.0,https://img.icons8.com/doodle/48/abraham-simpson.png
15,9,322,Homer,522.0,https://img.icons8.com/doodle/48/homer-simpson.png
15,9,322,Krusty,17.0,https://img.icons8.com/doodle/48/krusty-the-clown.png
15,9,322,Lisa,213.0,https://img.icons8.com/doodle/48/lisa-simpson.png
15,9,322,Marge,141.0,https://img.icons8.com/doodle/48/marge-simpson.png
15,9,322,Milhouse,25.0,https://img.icons8.com/doodle/48/milhouse-van-houten.png
15,9,322,Moe,20.0,https://img.icons8.com/doodle/48/bartender-mo.png
15,10,323,Apu,52.0,https://static.simpsonswiki.com/images/0/08/Tapped_Out_Apu_Icon_-_Happy.png
15,10,323,Bart,55.0,https://img.icons8.com/doodle/48/bart-simpson.png
15,10,323,Flanders,143.0,https://img.icons8.com/doodle/48/ned-flanders.png
15,10,323,Homer,791.0,https://img.icons8.com/doodle/48/homer-simpson.png
15,10,323,Lisa,168.0,https://img.icons8.com/doodle/48/lisa-simpson.png
15,10,323,Marge,519.0,https://img.icons8.com/doodle/48/marge-simpson.png
15,10,323,Moe,39.0,https://img.icons8.com/doodle/48/bartender-mo.png
15,10,323,Mr. Burns,18.0,https://img.icons8.com/doodle/48/charles-montgomery-burns.png
15,11,324,Bart,63.0,https://img.icons8.com/doodle/48/bart-simpson.png
15,11,324,Homer,104.0,https://img.icons8.com/doodle/48/homer-simpson.png
15,11,324,Lenny,106.0,https://static.simpsonswiki.com/images/6/6f/Tapped_Out_Lenny_Icon.png
15,11,324,Lisa,89.0,https://img.icons8.com/doodle/48/lisa-simpson.png
15,11,324,Marge,228.0,https://img.icons8.com/doodle/48/marge-simpson.png
15,11,324,Milhouse,41.0,https://img.icons8.com/doodle/48/milhouse-van-houten.png
15,11,324,Moe,54.0,https://img.icons8.com/doodle/48/bartender-mo.png
15,12,325,Apu,40.0,https://static.simpsonswiki.com/images/0/08/Tapped_Out_Apu_Icon_-_Happy.png
15,12,325,Bart,464.0,https://img.icons8.com/doodle/48/bart-simpson.png
15,12,325,Grampa,6.0,https://img.icons8.com/doodle/48/abraham-simpson.png
15,12,325,Homer,339.0,https://img.icons8.com/doodle/48/homer-simpson.png
15,12,325,Lenny,5.0,https://static.simpsonswiki.com/images/6/6f/Tapped_Out_Lenny_Icon.png
15,12,325,Lisa,310.0,https://img.icons8.com/doodle/48/lisa-simpson.png
15,12,325,Marge,232.0,https://img.icons8.com/doodle/48/marge-simpson.png
15,12,325,Milhouse,228.0,https://img.icons8.com/doodle/48/milhouse-van-houten.png
15,12,325,Moe,21.0,https://img.icons8.com/doodle/48/bartender-mo.png
15,12,325,Mr. Burns,53.0,https://img.icons8.com/doodle/48/charles-montgomery-burns.png
15,13,326,Apu,36.0,https://static.simpsonswiki.com/images/0/08/Tapped_Out_Apu_Icon_-_Happy.png
15,13,326,Bart,71.0,https://img.icons8.com/doodle/48/bart-simpson.png
15,13,326,Chief Wiggum,207.0,https://img.icons8.com/doodle/48/clancy-wiggum.png
15,13,326,Homer,377.0,https://img.icons8.com/doodle/48/homer-simpson.png
15,13,326,Lisa,550.0,https://img.icons8.com/doodle/48/lisa-simpson.png
15,13,326,Marge,247.0,https://img.icons8.com/doodle/48/marge-simpson.png
15,13,326,Milhouse,32.0,https://img.icons8.com/doodle/48/milhouse-van-houten.png
15,13,326,Moe,21.0,https://img.icons8.com/doodle/48/bartender-mo.png
15,14,327,Bart,143.0,https://img.icons8.com/doodle/48/bart-simpson.png
15,14,327,Chief Wiggum,8.0,https://img.icons8.com/doodle/48/clancy-wiggum.png
15,14,327,Flanders,25.0,https://img.icons8.com/doodle/48/ned-flanders.png
15,14,327,Grampa,40.0,https://img.icons8.com/doodle/48/abraham-simpson.png
15,14,327,Homer,528.0,https://img.icons8.com/doodle/48/homer-simpson.png
15,14,327,Krusty,4.0,https://img.icons8.com/doodle/48/krusty-the-clown.png
15,14,327,Lenny,88.0,https://static.simpsonswiki.com/images/6/6f/Tapped_Out_Lenny_Icon.png
15,14,327,Lisa,253.0,https://img.icons8.com/doodle/48/lisa-simpson.png
15,14,327,Marge,226.0,https://img.icons8.com/doodle/48/marge-simpson.png
15,14,327,Moe,90.0,https://img.icons8.com/doodle/48/bartender-mo.png
15,15,328,Bart,133.0,https://img.icons8.com/doodle/48/bart-simpson.png
15,15,328,Chief Wiggum,40.0,https://img.icons8.com/doodle/48/clancy-wiggum.png
15,15,328,Flanders,14.0,https://img.icons8.com/doodle/48/ned-flanders.png
15,15,328,Homer,788.0,https://img.icons8.com/doodle/48/homer-simpson.png
15,15,328,Krusty,8.0,https://img.icons8.com/doodle/48/krusty-the-clown.png
15,15,328,Lisa,199.0,https://img.icons8.com/doodle/48/lisa-simpson.png
15,15,328,Marge,521.0,https://img.icons8.com/doodle/48/marge-simpson.png
15,15,328,Moe,173.0,https://img.icons8.com/doodle/48/bartender-mo.png
15,16,329,Bart,437.0,https://img.icons8.com/doodle/48/bart-simpson.png
15,16,329,Chief Wiggum,184.0,https://img.icons8.com/doodle/48/clancy-wiggum.png
15,16,329,Homer,255.0,https://img.icons8.com/doodle/48/homer-simpson.png
15,16,329,Krusty,28.0,https://img.icons8.com/doodle/48/krusty-the-clown.png
15,16,329,Lisa,53.0,https://img.icons8.com/doodle/48/lisa-simpson.png
15,16,329,Marge,126.0,https://img.icons8.com/doodle/48/marge-simpson.png
15,16,329,Milhouse,14.0,https://img.icons8.com/doodle/48/milhouse-van-houten.png
15,16,329,Moe,17.0,https://img.icons8.com/doodle/48/bartender-mo.png
15,16,329,Mr. Burns,25.0,https://img.icons8.com/doodle/48/charles-montgomery-burns.png
15,17,330,Bart,122.0,https://img.icons8.com/doodle/48/bart-simpson.png
15,17,330,Chief Wiggum,68.0,https://img.icons8.com/doodle/48/clancy-wiggum.png
15,17,330,Grampa,17.0,https://img.icons8.com/doodle/48/abraham-simpson.png
15,17,330,Homer,467.0,https://img.icons8.com/doodle/48/homer-simpson.png
15,17,330,Lenny,9.0,https://static.simpsonswiki.com/images/6/6f/Tapped_Out_Lenny_Icon.png
15,17,330,Lisa,47.0,https://img.icons8.com/doodle/48/lisa-simpson.png
15,17,330,Marge,316.0,https://img.icons8.com/doodle/48/marge-simpson.png
15,17,330,Milhouse,13.0,https://img.icons8.com/doodle/48/milhouse-van-houten.png
15,17,330,Moe,47.0,https://img.icons8.com/doodle/48/bartender-mo.png
15,18,331,Bart,303.0,https://img.icons8.com/doodle/48/bart-simpson.png
15,18,331,Flanders,20.0,https://img.icons8.com/doodle/48/ned-flanders.png
15,18,331,Grampa,155.0,https://img.icons8.com/doodle/48/abraham-simpson.png
15,18,331,Homer,444.0,https://img.icons8.com/doodle/48/homer-simpson.png
15,18,331,Krusty,6.0,https://img.icons8.com/doodle/48/krusty-the-clown.png
15,18,331,Lenny,8.0,https://static.simpsonswiki.com/images/6/6f/Tapped_Out_Lenny_Icon.png
15,18,331,Lisa,254.0,https://img.icons8.com/doodle/48/lisa-simpson.png
15,18,331,Marge,475.0,https://img.icons8.com/doodle/48/marge-simpson.png
15,18,331,Milhouse,1.0,https://img.icons8.com/doodle/48/milhouse-van-houten.png
15,18,331,Moe,11.0,https://img.icons8.com/doodle/48/bartender-mo.png
15,19,332,Apu,76.0,https://static.simpsonswiki.com/images/0/08/Tapped_Out_Apu_Icon_-_Happy.png
15,19,332,Bart,116.0,https://img.icons8.com/doodle/48/bart-simpson.png
15,19,332,Chief Wiggum,148.0,https://img.icons8.com/doodle/48/clancy-wiggum.png
15,19,332,Homer,584.0,https://img.icons8.com/doodle/48/homer-simpson.png
15,19,332,Krusty,18.0,https://img.icons8.com/doodle/48/krusty-the-clown.png
15,19,332,Lenny,14.0,https://static.simpsonswiki.com/images/6/6f/Tapped_Out_Lenny_Icon.png
15,19,332,Lisa,193.0,https://img.icons8.com/doodle/48/lisa-simpson.png
15,19,332,Marge,197.0,https://img.icons8.com/doodle/48/marge-simpson.png
15,19,332,Milhouse,45.0,https://img.icons8.com/doodle/48/milhouse-van-houten.png
15,19,332,Moe,10.0,https://img.icons8.com/doodle/48/bartender-mo.png
15,19,332,Mr. Burns,233.0,https://img.icons8.com/doodle/48/charles-montgomery-burns.png
15,20,333,Bart,174.0,https://img.icons8.com/doodle/48/bart-simpson.png
15,20,333,Chief Wiggum,13.0,https://img.icons8.com/doodle/48/clancy-wiggum.png
15,20,333,Grampa,3.0,https://img.icons8.com/doodle/48/abraham-simpson.png
15,20,333,Homer,740.0,https://img.icons8.com/doodle/48/homer-simpson.png
15,20,333,Lenny,31.0,https://static.simpsonswiki.com/images/6/6f/Tapped_Out_Lenny_Icon.png
15,20,333,Lisa,62.0,https://img.icons8.com/doodle/48/lisa-simpson.png
15,20,333,Marge,484.0,https://img.icons8.com/doodle/48/marge-simpson.png
15,20,333,Milhouse,83.0,https://img.icons8.com/doodle/48/milhouse-van-houten.png
15,20,333,Moe,96.0,https://img.icons8.com/doodle/48/bartender-mo.png
15,21,334,Apu,60.0,https://static.simpsonswiki.com/images/0/08/Tapped_Out_Apu_Icon_-_Happy.png
15,21,334,Bart,192.0,https://img.icons8.com/doodle/48/bart-simpson.png
15,21,334,Homer,458.0,https://img.icons8.com/doodle/48/homer-simpson.png
15,21,334,Krusty,17.0,https://img.icons8.com/doodle/48/krusty-the-clown.png
15,21,334,Lenny,27.0,https://static.simpsonswiki.com/images/6/6f/Tapped_Out_Lenny_Icon.png
15,21,334,Lisa,227.0,https://img.icons8.com/doodle/48/lisa-simpson.png
15,21,334,Marge,334.0,https://img.icons8.com/doodle/48/marge-simpson.png
15,21,334,Moe,52.0,https://img.icons8.com/doodle/48/bartender-mo.png
15,22,335,Bart,75.0,https://img.icons8.com/doodle/48/bart-simpson.png
15,22,335,Flanders,13.0,https://img.icons8.com/doodle/48/ned-flanders.png
15,22,335,Homer,344.0,https://img.icons8.com/doodle/48/homer-simpson.png
15,22,335,Krusty,29.0,https://img.icons8.com/doodle/48/krusty-the-clown.png
15,22,335,Lenny,59.0,https://static.simpsonswiki.com/images/6/6f/Tapped_Out_Lenny_Icon.png
15,22,335,Lisa,453.0,https://img.icons8.com/doodle/48/lisa-simpson.png
15,22,335,Marge,32.0,https://img.icons8.com/doodle/48/marge-simpson.png
15,22,335,Milhouse,26.0,https://img.icons8.com/doodle/48/milhouse-van-houten.png
15,22,335,Moe,7.0,https://img.icons8.com/doodle/48/bartender-mo.png
15,22,335,Mr. Burns,589.0,https://img.icons8.com/doodle/48/charles-montgomery-burns.png
16,1,336,Apu,22.0,https://static.simpsonswiki.com/images/0/08/Tapped_Out_Apu_Icon_-_Happy.png
16,1,336,Bart,109.0,https://img.icons8.com/doodle/48/bart-simpson.png
16,1,336,Chief Wiggum,230.0,https://img.icons8.com/doodle/48/clancy-wiggum.png
16,1,336,Flanders,239.0,https://img.icons8.com/doodle/48/ned-flanders.png
16,1,336,Homer,392.0,https://img.icons8.com/doodle/48/homer-simpson.png
16,1,336,Lisa,88.0,https://img.icons8.com/doodle/48/lisa-simpson.png
16,1,336,Marge,112.0,https://img.icons8.com/doodle/48/marge-simpson.png
16,1,336,Mr. Burns,115.0,https://img.icons8.com/doodle/48/charles-montgomery-burns.png
16,2,337,Apu,45.0,https://static.simpsonswiki.com/images/0/08/Tapped_Out_Apu_Icon_-_Happy.png
16,2,337,Bart,229.0,https://img.icons8.com/doodle/48/bart-simpson.png
16,2,337,Chief Wiggum,55.0,https://img.icons8.com/doodle/48/clancy-wiggum.png
16,2,337,Flanders,67.0,https://img.icons8.com/doodle/48/ned-flanders.png
16,2,337,Homer,499.0,https://img.icons8.com/doodle/48/homer-simpson.png
16,2,337,Lenny,10.0,https://static.simpsonswiki.com/images/6/6f/Tapped_Out_Lenny_Icon.png
16,2,337,Lisa,148.0,https://img.icons8.com/doodle/48/lisa-simpson.png
16,2,337,Marge,665.0,https://img.icons8.com/doodle/48/marge-simpson.png
16,2,337,Milhouse,63.0,https://img.icons8.com/doodle/48/milhouse-van-houten.png
16,2,337,Moe,24.0,https://img.icons8.com/doodle/48/bartender-mo.png
16,3,338,Bart,196.0,https://img.icons8.com/doodle/48/bart-simpson.png
16,3,338,Homer,300.0,https://img.icons8.com/doodle/48/homer-simpson.png
16,3,338,Lisa,247.0,https://img.icons8.com/doodle/48/lisa-simpson.png
16,3,338,Marge,536.0,https://img.icons8.com/doodle/48/marge-simpson.png
16,3,338,Milhouse,28.0,https://img.icons8.com/doodle/48/milhouse-van-houten.png
16,3,338,Moe,17.0,https://img.icons8.com/doodle/48/bartender-mo.png
16,4,339,Bart,66.0,https://img.icons8.com/doodle/48/bart-simpson.png
16,4,339,Chief Wiggum,51.0,https://img.icons8.com/doodle/48/clancy-wiggum.png
16,4,339,Grampa,11.0,https://img.icons8.com/doodle/48/abraham-simpson.png
16,4,339,Homer,371.0,https://img.icons8.com/doodle/48/homer-simpson.png
16,4,339,Krusty,12.0,https://img.icons8.com/doodle/48/krusty-the-clown.png
16,4,339,Lisa,318.0,https://img.icons8.com/doodle/48/lisa-simpson.png
16,4,339,Marge,528.0,https://img.icons8.com/doodle/48/marge-simpson.png
16,4,339,Moe,23.0,https://img.icons8.com/doodle/48/bartender-mo.png
16,5,340,Apu,9.0,https://static.simpsonswiki.com/images/0/08/Tapped_Out_Apu_Icon_-_Happy.png
16,5,340,Bart,430.0,https://img.icons8.com/doodle/48/bart-simpson.png
16,5,340,Chief Wiggum,52.0,https://img.icons8.com/doodle/48/clancy-wiggum.png
16,5,340,Flanders,37.0,https://img.icons8.com/doodle/48/ned-flanders.png
16,5,340,Grampa,23.0,https://img.icons8.com/doodle/48/abraham-simpson.png
16,5,340,Homer,663.0,https://img.icons8.com/doodle/48/homer-simpson.png
16,5,340,Krusty,50.0,https://img.icons8.com/doodle/48/krusty-the-clown.png
16,5,340,Lenny,23.0,https://static.simpsonswiki.com/images/6/6f/Tapped_Out_Lenny_Icon.png
16,5,340,Lisa,247.0,https://img.icons8.com/doodle/48/lisa-simpson.png
16,5,340,Marge,108.0,https://img.icons8.com/doodle/48/marge-simpson.png
16,5,340,Milhouse,36.0,https://img.icons8.com/doodle/48/milhouse-van-houten.png
16,5,340,Moe,19.0,https://img.icons8.com/doodle/48/bartender-mo.png
16,5,340,Mr. Burns,72.0,https://img.icons8.com/doodle/48/charles-montgomery-burns.png
16,6,341,Apu,184.0,https://static.simpsonswiki.com/images/0/08/Tapped_Out_Apu_Icon_-_Happy.png
16,6,341,Bart,19.0,https://img.icons8.com/doodle/48/bart-simpson.png
16,6,341,Chief Wiggum,76.0,https://img.icons8.com/doodle/48/clancy-wiggum.png
16,6,341,Flanders,137.0,https://img.icons8.com/doodle/48/ned-flanders.png
16,6,341,Grampa,181.0,https://img.icons8.com/doodle/48/abraham-simpson.png
16,6,341,Homer,503.0,https://img.icons8.com/doodle/48/homer-simpson.png
16,6,341,Krusty,32.0,https://img.icons8.com/doodle/48/krusty-the-clown.png
16,6,341,Lenny,7.0,https://static.simpsonswiki.com/images/6/6f/Tapped_Out_Lenny_Icon.png
16,6,341,Lisa,122.0,https://img.icons8.com/doodle/48/lisa-simpson.png
16,6,341,Marge,78.0,https://img.icons8.com/doodle/48/marge-simpson.png
16,6,341,Moe,33.0,https://img.icons8.com/doodle/48/bartender-mo.png
16,6,341,Mr. Burns,331.0,https://img.icons8.com/doodle/48/charles-montgomery-burns.png
16,7,342,Bart,41.0,https://img.icons8.com/doodle/48/bart-simpson.png
16,7,342,Chief Wiggum,79.0,https://img.icons8.com/doodle/48/clancy-wiggum.png
16,7,342,Homer,615.0,https://img.icons8.com/doodle/48/homer-simpson.png
16,7,342,Krusty,4.0,https://img.icons8.com/doodle/48/krusty-the-clown.png
16,7,342,Lenny,54.0,https://static.simpsonswiki.com/images/6/6f/Tapped_Out_Lenny_Icon.png
16,7,342,Lisa,79.0,https://img.icons8.com/doodle/48/lisa-simpson.png
16,7,342,Marge,548.0,https://img.icons8.com/doodle/48/marge-simpson.png
16,7,342,Moe,748.0,https://img.icons8.com/doodle/48/bartender-mo.png
16,8,343,Bart,61.0,https://img.icons8.com/doodle/48/bart-simpson.png
16,8,343,Flanders,347.0,https://img.icons8.com/doodle/48/ned-flanders.png
16,8,343,Homer,608.0,https://img.icons8.com/doodle/48/homer-simpson.png
16,8,343,Lenny,20.0,https://static.simpsonswiki.com/images/6/6f/Tapped_Out_Lenny_Icon.png
16,8,343,Lisa,56.0,https://img.icons8.com/doodle/48/lisa-simpson.png
16,8,343,Marge,169.0,https://img.icons8.com/doodle/48/marge-simpson.png
16,8,343,Milhouse,14.0,https://img.icons8.com/doodle/48/milhouse-van-houten.png
16,8,343,Moe,37.0,https://img.icons8.com/doodle/48/bartender-mo.png
16,8,343,Mr. Burns,96.0,https://img.icons8.com/doodle/48/charles-montgomery-burns.png
16,9,344,Apu,28.0,https://static.simpsonswiki.com/images/0/08/Tapped_Out_Apu_Icon_-_Happy.png
16,9,344,Bart,424.0,https://img.icons8.com/doodle/48/bart-simpson.png
16,9,344,Chief Wiggum,557.0,https://img.icons8.com/doodle/48/clancy-wiggum.png
16,9,344,Homer,322.0,https://img.icons8.com/doodle/48/homer-simpson.png
16,9,344,Lisa,156.0,https://img.icons8.com/doodle/48/lisa-simpson.png
16,9,344,Marge,169.0,https://img.icons8.com/doodle/48/marge-simpson.png
16,9,344,Milhouse,94.0,https://img.icons8.com/doodle/48/milhouse-van-houten.png
16,10,345,Bart,151.0,https://img.icons8.com/doodle/48/bart-simpson.png
16,10,345,Grampa,24.0,https://img.icons8.com/doodle/48/abraham-simpson.png
16,10,345,Homer,555.0,https://img.icons8.com/doodle/48/homer-simpson.png
16,10,345,Krusty,56.0,https://img.icons8.com/doodle/48/krusty-the-clown.png
16,10,345,Lisa,103.0,https://img.icons8.com/doodle/48/lisa-simpson.png
16,10,345,Marge,350.0,https://img.icons8.com/doodle/48/marge-simpson.png
16,10,345,Milhouse,36.0,https://img.icons8.com/doodle/48/milhouse-van-houten.png
16,10,345,Moe,69.0,https://img.icons8.com/doodle/48/bartender-mo.png
16,11,346,Bart,320.0,https://img.icons8.com/doodle/48/bart-simpson.png
16,11,346,Chief Wiggum,109.0,https://img.icons8.com/doodle/48/clancy-wiggum.png
16,11,346,Grampa,56.0,https://img.icons8.com/doodle/48/abraham-simpson.png
16,11,346,Homer,320.0,https://img.icons8.com/doodle/48/homer-simpson.png
16,11,346,Lisa,366.0,https://img.icons8.com/doodle/48/lisa-simpson.png
16,11,346,Marge,94.0,https://img.icons8.com/doodle/48/marge-simpson.png
16,11,346,Milhouse,18.0,https://img.icons8.com/doodle/48/milhouse-van-houten.png
16,12,347,Bart,17.0,https://img.icons8.com/doodle/48/bart-simpson.png
16,12,347,Homer,456.0,https://img.icons8.com/doodle/48/homer-simpson.png
16,12,347,Lenny,7.0,https://static.simpsonswiki.com/images/6/6f/Tapped_Out_Lenny_Icon.png
16,12,347,Lisa,141.0,https://img.icons8.com/doodle/48/lisa-simpson.png
16,12,347,Marge,131.0,https://img.icons8.com/doodle/48/marge-simpson.png
16,12,347,Milhouse,23.0,https://img.icons8.com/doodle/48/milhouse-van-houten.png
16,12,347,Mr. Burns,65.0,https://img.icons8.com/doodle/48/charles-montgomery-burns.png
16,13,348,Bart,163.0,https://img.icons8.com/doodle/48/bart-simpson.png
16,13,348,Chief Wiggum,52.0,https://img.icons8.com/doodle/48/clancy-wiggum.png
16,13,348,Flanders,20.0,https://img.icons8.com/doodle/48/ned-flanders.png
16,13,348,Homer,708.0,https://img.icons8.com/doodle/48/homer-simpson.png
16,13,348,Krusty,23.0,https://img.icons8.com/doodle/48/krusty-the-clown.png
16,13,348,Lisa,189.0,https://img.icons8.com/doodle/48/lisa-simpson.png
16,13,348,Marge,639.0,https://img.icons8.com/doodle/48/marge-simpson.png
16,13,348,Moe,6.0,https://img.icons8.com/doodle/48/bartender-mo.png
16,14,349,Bart,110.0,https://img.icons8.com/doodle/48/bart-simpson.png
16,14,349,Chief Wiggum,138.0,https://img.icons8.com/doodle/48/clancy-wiggum.png
16,14,349,Flanders,18.0,https://img.icons8.com/doodle/48/ned-flanders.png
16,14,349,Homer,465.0,https://img.icons8.com/doodle/48/homer-simpson.png
16,14,349,Lenny,38.0,https://static.simpsonswiki.com/images/6/6f/Tapped_Out_Lenny_Icon.png
16,14,349,Lisa,198.0,https://img.icons8.com/doodle/48/lisa-simpson.png
16,14,349,Marge,326.0,https://img.icons8.com/doodle/48/marge-simpson.png
16,14,349,Moe,21.0,https://img.icons8.com/doodle/48/bartender-mo.png
16,14,349,Mr. Burns,188.0,https://img.icons8.com/doodle/48/charles-montgomery-burns.png
16,15,350,Apu,32.0,https://static.simpsonswiki.com/images/0/08/Tapped_Out_Apu_Icon_-_Happy.png
16,15,350,Bart,548.0,https://img.icons8.com/doodle/48/bart-simpson.png
16,15,350,Chief Wiggum,31.0,https://img.icons8.com/doodle/48/clancy-wiggum.png
16,15,350,Homer,183.0,https://img.icons8.com/doodle/48/homer-simpson.png
16,15,350,Krusty,15.0,https://img.icons8.com/doodle/48/krusty-the-clown.png
16,15,350,Lenny,16.0,https://static.simpsonswiki.com/images/6/6f/Tapped_Out_Lenny_Icon.png
16,15,350,Lisa,252.0,https://img.icons8.com/doodle/48/lisa-simpson.png
16,15,350,Marge,122.0,https://img.icons8.com/doodle/48/marge-simpson.png
16,15,350,Milhouse,199.0,https://img.icons8.com/doodle/48/milhouse-van-houten.png
16,15,350,Moe,78.0,https://img.icons8.com/doodle/48/bartender-mo.png
16,15,350,Mr. Burns,64.0,https://img.icons8.com/doodle/48/charles-montgomery-burns.png
16,16,351,Bart,116.0,https://img.icons8.com/doodle/48/bart-simpson.png
16,16,351,Flanders,44.0,https://img.icons8.com/doodle/48/ned-flanders.png
16,16,351,Grampa,24.0,https://img.icons8.com/doodle/48/abraham-simpson.png
16,16,351,Homer,976.0,https://img.icons8.com/doodle/48/homer-simpson.png
16,16,351,Krusty,21.0,https://img.icons8.com/doodle/48/krusty-the-clown.png
16,16,351,Lenny,3.0,https://static.simpsonswiki.com/images/6/6f/Tapped_Out_Lenny_Icon.png
16,16,351,Lisa,65.0,https://img.icons8.com/doodle/48/lisa-simpson.png
16,16,351,Marge,413.0,https://img.icons8.com/doodle/48/marge-simpson.png
16,16,351,Moe,40.0,https://img.icons8.com/doodle/48/bartender-mo.png
16,17,352,Bart,228.0,https://img.icons8.com/doodle/48/bart-simpson.png
16,17,352,Flanders,18.0,https://img.icons8.com/doodle/48/ned-flanders.png
16,17,352,Homer,375.0,https://img.icons8.com/doodle/48/homer-simpson.png
16,17,352,Krusty,75.0,https://img.icons8.com/doodle/48/krusty-the-clown.png
16,17,352,Lisa,88.0,https://img.icons8.com/doodle/48/lisa-simpson.png
16,17,352,Marge,220.0,https://img.icons8.com/doodle/48/marge-simpson.png
16,18,353,Apu,16.0,https://static.simpsonswiki.com/images/0/08/Tapped_Out_Apu_Icon_-_Happy.png
16,18,353,Bart,117.0,https://img.icons8.com/doodle/48/bart-simpson.png
16,18,353,Homer,699.0,https://img.icons8.com/doodle/48/homer-simpson.png
16,18,353,Krusty,333.0,https://img.icons8.com/doodle/48/krusty-the-clown.png
16,18,353,Lenny,24.0,https://static.simpsonswiki.com/images/6/6f/Tapped_Out_Lenny_Icon.png
16,18,353,Lisa,621.0,https://img.icons8.com/doodle/48/lisa-simpson.png
16,18,353,Marge,137.0,https://img.icons8.com/doodle/48/marge-simpson.png
16,18,353,Milhouse,10.0,https://img.icons8.com/doodle/48/milhouse-van-houten.png
16,19,354,Bart,46.0,https://img.icons8.com/doodle/48/bart-simpson.png
16,19,354,Chief Wiggum,7.0,https://img.icons8.com/doodle/48/clancy-wiggum.png
16,19,354,Flanders,11.0,https://img.icons8.com/doodle/48/ned-flanders.png
16,19,354,Grampa,12.0,https://img.icons8.com/doodle/48/abraham-simpson.png
16,19,354,Homer,905.0,https://img.icons8.com/doodle/48/homer-simpson.png
16,19,354,Krusty,56.0,https://img.icons8.com/doodle/48/krusty-the-clown.png
16,19,354,Lenny,21.0,https://static.simpsonswiki.com/images/6/6f/Tapped_Out_Lenny_Icon.png
16,19,354,Lisa,162.0,https://img.icons8.com/doodle/48/lisa-simpson.png
16,19,354,Marge,231.0,https://img.icons8.com/doodle/48/marge-simpson.png
16,19,354,Moe,90.0,https://img.icons8.com/doodle/48/bartender-mo.png
16,20,355,Apu,13.0,https://static.simpsonswiki.com/images/0/08/Tapped_Out_Apu_Icon_-_Happy.png
16,20,355,Bart,113.0,https://img.icons8.com/doodle/48/bart-simpson.png
16,20,355,Flanders,646.0,https://img.icons8.com/doodle/48/ned-flanders.png
16,20,355,Homer,626.0,https://img.icons8.com/doodle/48/homer-simpson.png
16,20,355,Lisa,97.0,https://img.icons8.com/doodle/48/lisa-simpson.png
16,20,355,Marge,153.0,https://img.icons8.com/doodle/48/marge-simpson.png
16,20,355,Milhouse,24.0,https://img.icons8.com/doodle/48/milhouse-van-houten.png
16,20,355,Moe,27.0,https://img.icons8.com/doodle/48/bartender-mo.png
16,21,356,Bart,404.0,https://img.icons8.com/doodle/48/bart-simpson.png
16,21,356,Flanders,109.0,https://img.icons8.com/doodle/48/ned-flanders.png
16,21,356,Grampa,9.0,https://img.icons8.com/doodle/48/abraham-simpson.png
16,21,356,Homer,544.0,https://img.icons8.com/doodle/48/homer-simpson.png
16,21,356,Lisa,134.0,https://img.icons8.com/doodle/48/lisa-simpson.png
16,21,356,Marge,379.0,https://img.icons8.com/doodle/48/marge-simpson.png
16,21,356,Milhouse,16.0,https://img.icons8.com/doodle/48/milhouse-van-houten.png
17,1,357,Bart,128.0,https://img.icons8.com/doodle/48/bart-simpson.png
17,1,357,Homer,845.0,https://img.icons8.com/doodle/48/homer-simpson.png
17,1,357,Lenny,33.0,https://static.simpsonswiki.com/images/6/6f/Tapped_Out_Lenny_Icon.png
17,1,357,Lisa,138.0,https://img.icons8.com/doodle/48/lisa-simpson.png
17,1,357,Marge,443.0,https://img.icons8.com/doodle/48/marge-simpson.png
17,1,357,Moe,50.0,https://img.icons8.com/doodle/48/bartender-mo.png
17,1,357,Mr. Burns,27.0,https://img.icons8.com/doodle/48/charles-montgomery-burns.png
17,2,358,Bart,161.0,https://img.icons8.com/doodle/48/bart-simpson.png
17,2,358,Chief Wiggum,69.0,https://img.icons8.com/doodle/48/clancy-wiggum.png
17,2,358,Flanders,21.0,https://img.icons8.com/doodle/48/ned-flanders.png
17,2,358,Homer,463.0,https://img.icons8.com/doodle/48/homer-simpson.png
17,2,358,Lenny,64.0,https://static.simpsonswiki.com/images/6/6f/Tapped_Out_Lenny_Icon.png
17,2,358,Lisa,341.0,https://img.icons8.com/doodle/48/lisa-simpson.png
17,2,358,Marge,326.0,https://img.icons8.com/doodle/48/marge-simpson.png
17,2,358,Milhouse,46.0,https://img.icons8.com/doodle/48/milhouse-van-houten.png
17,3,359,Bart,495.0,https://img.icons8.com/doodle/48/bart-simpson.png
17,3,359,Chief Wiggum,46.0,https://img.icons8.com/doodle/48/clancy-wiggum.png
17,3,359,Flanders,103.0,https://img.icons8.com/doodle/48/ned-flanders.png
17,3,359,Homer,513.0,https://img.icons8.com/doodle/48/homer-simpson.png
17,3,359,Krusty,38.0,https://img.icons8.com/doodle/48/krusty-the-clown.png
17,3,359,Lisa,129.0,https://img.icons8.com/doodle/48/lisa-simpson.png
17,3,359,Marge,373.0,https://img.icons8.com/doodle/48/marge-simpson.png
17,3,359,Milhouse,369.0,https://img.icons8.com/doodle/48/milhouse-van-houten.png
17,4,360,Apu,40.0,https://static.simpsonswiki.com/images/0/08/Tapped_Out_Apu_Icon_-_Happy.png
17,4,360,Bart,192.0,https://img.icons8.com/doodle/48/bart-simpson.png
17,4,360,Chief Wiggum,15.0,https://img.icons8.com/doodle/48/clancy-wiggum.png
17,4,360,Flanders,35.0,https://img.icons8.com/doodle/48/ned-flanders.png
17,4,360,Grampa,24.0,https://img.icons8.com/doodle/48/abraham-simpson.png
17,4,360,Homer,329.0,https://img.icons8.com/doodle/48/homer-simpson.png
17,4,360,Krusty,8.0,https://img.icons8.com/doodle/48/krusty-the-clown.png
17,4,360,Lenny,24.0,https://static.simpsonswiki.com/images/6/6f/Tapped_Out_Lenny_Icon.png
17,4,360,Lisa,137.0,https://img.icons8.com/doodle/48/lisa-simpson.png
17,4,360,Marge,157.0,https://img.icons8.com/doodle/48/marge-simpson.png
17,4,360,Milhouse,19.0,https://img.icons8.com/doodle/48/milhouse-van-houten.png
17,4,360,Moe,132.0,https://img.icons8.com/doodle/48/bartender-mo.png
17,4,360,Mr. Burns,104.0,https://img.icons8.com/doodle/48/charles-montgomery-burns.png
17,5,361,Apu,34.0,https://static.simpsonswiki.com/images/0/08/Tapped_Out_Apu_Icon_-_Happy.png
17,5,361,Bart,410.0,https://img.icons8.com/doodle/48/bart-simpson.png
17,5,361,Chief Wiggum,19.0,https://img.icons8.com/doodle/48/clancy-wiggum.png
17,5,361,Homer,354.0,https://img.icons8.com/doodle/48/homer-simpson.png
17,5,361,Krusty,37.0,https://img.icons8.com/doodle/48/krusty-the-clown.png
17,5,361,Lenny,17.0,https://static.simpsonswiki.com/images/6/6f/Tapped_Out_Lenny_Icon.png
17,5,361,Lisa,24.0,https://img.icons8.com/doodle/48/lisa-simpson.png
17,5,361,Marge,580.0,https://img.icons8.com/doodle/48/marge-simpson.png
17,5,361,Milhouse,32.0,https://img.icons8.com/doodle/48/milhouse-van-houten.png
17,5,361,Moe,277.0,https://img.icons8.com/doodle/48/bartender-mo.png
17,6,362,Bart,65.0,https://img.icons8.com/doodle/48/bart-simpson.png
17,6,362,Chief Wiggum,71.0,https://img.icons8.com/doodle/48/clancy-wiggum.png
17,6,362,Homer,790.0,https://img.icons8.com/doodle/48/homer-simpson.png
17,6,362,Lenny,45.0,https://static.simpsonswiki.com/images/6/6f/Tapped_Out_Lenny_Icon.png
17,6,362,Lisa,294.0,https://img.icons8.com/doodle/48/lisa-simpson.png
17,6,362,Marge,133.0,https://img.icons8.com/doodle/48/marge-simpson.png
17,6,362,Milhouse,14.0,https://img.icons8.com/doodle/48/milhouse-van-houten.png
17,6,362,Moe,58.0,https://img.icons8.com/doodle/48/bartender-mo.png
17,7,363,Bart,16.0,https://img.icons8.com/doodle/48/bart-simpson.png
17,7,363,Chief Wiggum,87.0,https://img.icons8.com/doodle/48/clancy-wiggum.png
17,7,363,Homer,374.0,https://img.icons8.com/doodle/48/homer-simpson.png
17,7,363,Krusty,7.0,https://img.icons8.com/doodle/48/krusty-the-clown.png
17,7,363,Lisa,165.0,https://img.icons8.com/doodle/48/lisa-simpson.png
17,7,363,Marge,318.0,https://img.icons8.com/doodle/48/marge-simpson.png
17,7,363,Milhouse,196.0,https://img.icons8.com/doodle/48/milhouse-van-houten.png
17,7,363,Moe,12.0,https://img.icons8.com/doodle/48/bartender-mo.png
17,7,363,Mr. Burns,139.0,https://img.icons8.com/doodle/48/charles-montgomery-burns.png
17,8,364,Bart,144.0,https://img.icons8.com/doodle/48/bart-simpson.png
17,8,364,Chief Wiggum,34.0,https://img.icons8.com/doodle/48/clancy-wiggum.png
17,8,364,Homer,468.0,https://img.icons8.com/doodle/48/homer-simpson.png
17,8,364,Krusty,175.0,https://img.icons8.com/doodle/48/krusty-the-clown.png
17,8,364,Lisa,223.0,https://img.icons8.com/doodle/48/lisa-simpson.png
17,8,364,Marge,200.0,https://img.icons8.com/doodle/48/marge-simpson.png
17,8,364,Mr. Burns,111.0,https://img.icons8.com/doodle/48/charles-montgomery-burns.png
17,9,365,Apu,35.0,https://static.simpsonswiki.com/images/0/08/Tapped_Out_Apu_Icon_-_Happy.png
17,9,365,Bart,22.0,https://img.icons8.com/doodle/48/bart-simpson.png
17,9,365,Chief Wiggum,28.0,https://img.icons8.com/doodle/48/clancy-wiggum.png
17,9,365,Flanders,38.0,https://img.icons8.com/doodle/48/ned-flanders.png
17,9,365,Grampa,366.0,https://img.icons8.com/doodle/48/abraham-simpson.png
17,9,365,Homer,224.0,https://img.icons8.com/doodle/48/homer-simpson.png
17,9,365,Krusty,46.0,https://img.icons8.com/doodle/48/krusty-the-clown.png
17,9,365,Lenny,14.0,https://static.simpsonswiki.com/images/6/6f/Tapped_Out_Lenny_Icon.png
17,9,365,Lisa,65.0,https://img.icons8.com/doodle/48/lisa-simpson.png
17,9,365,Marge,54.0,https://img.icons8.com/doodle/48/marge-simpson.png
17,9,365,Moe,38.0,https://img.icons8.com/doodle/48/bartender-mo.png
17,9,365,Mr. Burns,172.0,https://img.icons8.com/doodle/48/charles-montgomery-burns.png
17,10,366,Bart,58.0,https://img.icons8.com/doodle/48/bart-simpson.png
17,10,366,Chief Wiggum,8.0,https://img.icons8.com/doodle/48/clancy-wiggum.png
17,10,366,Grampa,333.0,https://img.icons8.com/doodle/48/abraham-simpson.png
17,10,366,Homer,534.0,https://img.icons8.com/doodle/48/homer-simpson.png
17,10,366,Lenny,16.0,https://static.simpsonswiki.com/images/6/6f/Tapped_Out_Lenny_Icon.png
17,10,366,Lisa,84.0,https://img.icons8.com/doodle/48/lisa-simpson.png
17,10,366,Marge,254.0,https://img.icons8.com/doodle/48/marge-simpson.png
17,10,366,Moe,64.0,https://img.icons8.com/doodle/48/bartender-mo.png
17,11,367,Bart,365.0,https://img.icons8.com/doodle/48/bart-simpson.png
17,11,367,Chief Wiggum,17.0,https://img.icons8.com/doodle/48/clancy-wiggum.png
17,11,367,Flanders,84.0,https://img.icons8.com/doodle/48/ned-flanders.png
17,11,367,Homer,707.0,https://img.icons8.com/doodle/48/homer-simpson.png
17,11,367,Lenny,30.0,https://static.simpsonswiki.com/images/6/6f/Tapped_Out_Lenny_Icon.png
17,11,367,Lisa,77.0,https://img.icons8.com/doodle/48/lisa-simpson.png
17,11,367,Marge,156.0,https://img.icons8.com/doodle/48/marge-simpson.png
17,11,367,Milhouse,78.0,https://img.icons8.com/doodle/48/milhouse-van-houten.png
17,11,367,Moe,51.0,https://img.icons8.com/doodle/48/bartender-mo.png
17,12,368,Bart,131.0,https://img.icons8.com/doodle/48/bart-simpson.png
17,12,368,Homer,157.0,https://img.icons8.com/doodle/48/homer-simpson.png
17,12,368,Krusty,91.0,https://img.icons8.com/doodle/48/krusty-the-clown.png
17,12,368,Lenny,16.0,https://static.simpsonswiki.com/images/6/6f/Tapped_Out_Lenny_Icon.png
17,12,368,Lisa,284.0,https://img.icons8.com/doodle/48/lisa-simpson.png
17,12,368,Marge,113.0,https://img.icons8.com/doodle/48/marge-simpson.png
17,12,368,Milhouse,15.0,https://img.icons8.com/doodle/48/milhouse-van-houten.png
17,12,368,Moe,48.0,https://img.icons8.com/doodle/48/bartender-mo.png
17,13,369,Bart,151.0,https://img.icons8.com/doodle/48/bart-simpson.png
17,13,369,Homer,265.0,https://img.icons8.com/doodle/48/homer-simpson.png
17,13,369,Lenny,29.0,https://static.simpsonswiki.com/images/6/6f/Tapped_Out_Lenny_Icon.png
17,13,369,Lisa,236.0,https://img.icons8.com/doodle/48/lisa-simpson.png
17,13,369,Marge,160.0,https://img.icons8.com/doodle/48/marge-simpson.png
17,13,369,Milhouse,4.0,https://img.icons8.com/doodle/48/milhouse-van-houten.png
17,13,369,Moe,560.0,https://img.icons8.com/doodle/48/bartender-mo.png
17,13,369,Mr. Burns,370.0,https://img.icons8.com/doodle/48/charles-montgomery-burns.png
17,14,370,Bart,114.0,https://img.icons8.com/doodle/48/bart-simpson.png
17,14,370,Flanders,629.0,https://img.icons8.com/doodle/48/ned-flanders.png
17,14,370,Homer,415.0,https://img.icons8.com/doodle/48/homer-simpson.png
17,14,370,Krusty,33.0,https://img.icons8.com/doodle/48/krusty-the-clown.png
17,14,370,Lenny,9.0,https://static.simpsonswiki.com/images/6/6f/Tapped_Out_Lenny_Icon.png
17,14,370,Lisa,118.0,https://img.icons8.com/doodle/48/lisa-simpson.png
17,14,370,Marge,395.0,https://img.icons8.com/doodle/48/marge-simpson.png
17,14,370,Mr. Burns,3.0,https://img.icons8.com/doodle/48/charles-montgomery-burns.png
17,15,371,Bart,66.0,https://img.icons8.com/doodle/48/bart-simpson.png
17,15,371,Homer,613.0,https://img.icons8.com/doodle/48/homer-simpson.png
17,15,371,Lenny,92.0,https://static.simpsonswiki.com/images/6/6f/Tapped_Out_Lenny_Icon.png
17,15,371,Lisa,101.0,https://img.icons8.com/doodle/48/lisa-simpson.png
17,15,371,Marge,404.0,https://img.icons8.com/doodle/48/marge-simpson.png
17,15,371,Moe,20.0,https://img.icons8.com/doodle/48/bartender-mo.png
17,16,372,Bart,10.0,https://img.icons8.com/doodle/48/bart-simpson.png
17,16,372,Chief Wiggum,67.0,https://img.icons8.com/doodle/48/clancy-wiggum.png
17,16,372,Grampa,434.0,https://img.icons8.com/doodle/48/abraham-simpson.png
17,16,372,Homer,200.0,https://img.icons8.com/doodle/48/homer-simpson.png
17,16,372,Lenny,52.0,https://static.simpsonswiki.com/images/6/6f/Tapped_Out_Lenny_Icon.png
17,16,372,Lisa,94.0,https://img.icons8.com/doodle/48/lisa-simpson.png
17,16,372,Marge,127.0,https://img.icons8.com/doodle/48/marge-simpson.png
17,17,373,Bart,83.0,https://img.icons8.com/doodle/48/bart-simpson.png
17,17,373,Homer,429.0,https://img.icons8.com/doodle/48/homer-simpson.png
17,17,373,Lenny,63.0,https://static.simpsonswiki.com/images/6/6f/Tapped_Out_Lenny_Icon.png
17,17,373,Lisa,47.0,https://img.icons8.com/doodle/48/lisa-simpson.png
17,17,373,Marge,77.0,https://img.icons8.com/doodle/48/marge-simpson.png
17,17,373,Moe,13.0,https://img.icons8.com/doodle/48/bartender-mo.png
17,17,373,Mr. Burns,356.0,https://img.icons8.com/doodle/48/charles-montgomery-burns.png
17,18,374,Bart,89.0,https://img.icons8.com/doodle/48/bart-simpson.png
17,18,374,Chief Wiggum,40.0,https://img.icons8.com/doodle/48/clancy-wiggum.png
17,18,374,Flanders,11.0,https://img.icons8.com/doodle/48/ned-flanders.png
17,18,374,Homer,398.0,https://img.icons8.com/doodle/48/homer-simpson.png
17,18,374,Krusty,14.0,https://img.icons8.com/doodle/48/krusty-the-clown.png
17,18,374,Lenny,37.0,https://static.simpsonswiki.com/images/6/6f/Tapped_Out_Lenny_Icon.png
17,18,374,Lisa,165.0,https://img.icons8.com/doodle/48/lisa-simpson.png
17,18,374,Marge,242.0,https://img.icons8.com/doodle/48/marge-simpson.png
17,18,374,Milhouse,10.0,https://img.icons8.com/doodle/48/milhouse-van-houten.png
17,18,374,Moe,174.0,https://img.icons8.com/doodle/48/bartender-mo.png
17,18,374,Mr. Burns,55.0,https://img.icons8.com/doodle/48/charles-montgomery-burns.png
17,19,375,Bart,256.0,https://img.icons8.com/doodle/48/bart-simpson.png
17,19,375,Homer,194.0,https://img.icons8.com/doodle/48/homer-simpson.png
17,19,375,Lenny,1.0,https://static.simpsonswiki.com/images/6/6f/Tapped_Out_Lenny_Icon.png
17,19,375,Lisa,482.0,https://img.icons8.com/doodle/48/lisa-simpson.png
17,19,375,Marge,158.0,https://img.icons8.com/doodle/48/marge-simpson.png
17,19,375,Milhouse,66.0,https://img.icons8.com/doodle/48/milhouse-van-houten.png
17,20,376,Bart,130.0,https://img.icons8.com/doodle/48/bart-simpson.png
17,20,376,Chief Wiggum,21.0,https://img.icons8.com/doodle/48/clancy-wiggum.png
17,20,376,Flanders,49.0,https://img.icons8.com/doodle/48/ned-flanders.png
17,20,376,Grampa,16.0,https://img.icons8.com/doodle/48/abraham-simpson.png
17,20,376,Homer,771.0,https://img.icons8.com/doodle/48/homer-simpson.png
17,20,376,Lenny,30.0,https://static.simpsonswiki.com/images/6/6f/Tapped_Out_Lenny_Icon.png
17,20,376,Lisa,88.0,https://img.icons8.com/doodle/48/lisa-simpson.png
17,20,376,Marge,659.0,https://img.icons8.com/doodle/48/marge-simpson.png
17,20,376,Milhouse,33.0,https://img.icons8.com/doodle/48/milhouse-van-houten.png
17,20,376,Moe,61.0,https://img.icons8.com/doodle/48/bartender-mo.png
17,21,377,Bart,158.0,https://img.icons8.com/doodle/48/bart-simpson.png
17,21,377,Chief Wiggum,52.0,https://img.icons8.com/doodle/48/clancy-wiggum.png
17,21,377,Flanders,249.0,https://img.icons8.com/doodle/48/ned-flanders.png
17,21,377,Grampa,17.0,https://img.icons8.com/doodle/48/abraham-simpson.png
17,21,377,Homer,206.0,https://img.icons8.com/doodle/48/homer-simpson.png
17,21,377,Lenny,11.0,https://static.simpsonswiki.com/images/6/6f/Tapped_Out_Lenny_Icon.png
17,21,377,Lisa,281.0,https://img.icons8.com/doodle/48/lisa-simpson.png
17,21,377,Marge,214.0,https://img.icons8.com/doodle/48/marge-simpson.png
17,21,377,Milhouse,9.0,https://img.icons8.com/doodle/48/milhouse-van-houten.png
17,21,377,Moe,20.0,https://img.icons8.com/doodle/48/bartender-mo.png
17,22,378,Bart,70.0,https://img.icons8.com/doodle/48/bart-simpson.png
17,22,378,Grampa,81.0,https://img.icons8.com/doodle/48/abraham-simpson.png
17,22,378,Homer,563.0,https://img.icons8.com/doodle/48/homer-simpson.png
17,22,378,Lenny,38.0,https://static.simpsonswiki.com/images/6/6f/Tapped_Out_Lenny_Icon.png
17,22,378,Lisa,55.0,https://img.icons8.com/doodle/48/lisa-simpson.png
17,22,378,Marge,420.0,https://img.icons8.com/doodle/48/marge-simpson.png
17,22,378,Moe,91.0,https://img.icons8.com/doodle/48/bartender-mo.png
18,1,379,Bart,119.0,https://img.icons8.com/doodle/48/bart-simpson.png
18,1,379,Flanders,23.0,https://img.icons8.com/doodle/48/ned-flanders.png
18,1,379,Homer,209.0,https://img.icons8.com/doodle/48/homer-simpson.png
18,1,379,Krusty,52.0,https://img.icons8.com/doodle/48/krusty-the-clown.png
18,1,379,Lisa,119.0,https://img.icons8.com/doodle/48/lisa-simpson.png
18,1,379,Marge,158.0,https://img.icons8.com/doodle/48/marge-simpson.png
18,1,379,Milhouse,19.0,https://img.icons8.com/doodle/48/milhouse-van-houten.png
18,1,379,Moe,55.0,https://img.icons8.com/doodle/48/bartender-mo.png
18,2,380,Bart,276.0,https://img.icons8.com/doodle/48/bart-simpson.png
18,2,380,Chief Wiggum,34.0,https://img.icons8.com/doodle/48/clancy-wiggum.png
18,2,380,Homer,233.0,https://img.icons8.com/doodle/48/homer-simpson.png
18,2,380,Krusty,98.0,https://img.icons8.com/doodle/48/krusty-the-clown.png
18,2,380,Lenny,26.0,https://static.simpsonswiki.com/images/6/6f/Tapped_Out_Lenny_Icon.png
18,2,380,Lisa,339.0,https://img.icons8.com/doodle/48/lisa-simpson.png
18,2,380,Marge,181.0,https://img.icons8.com/doodle/48/marge-simpson.png
18,2,380,Moe,31.0,https://img.icons8.com/doodle/48/bartender-mo.png
18,3,381,Bart,210.0,https://img.icons8.com/doodle/48/bart-simpson.png
18,3,381,Homer,630.0,https://img.icons8.com/doodle/48/homer-simpson.png
18,3,381,Krusty,30.0,https://img.icons8.com/doodle/48/krusty-the-clown.png
18,3,381,Lenny,19.0,https://static.simpsonswiki.com/images/6/6f/Tapped_Out_Lenny_Icon.png
18,3,381,Lisa,106.0,https://img.icons8.com/doodle/48/lisa-simpson.png
18,3,381,Marge,412.0,https://img.icons8.com/doodle/48/marge-simpson.png
18,3,381,Milhouse,26.0,https://img.icons8.com/doodle/48/milhouse-van-houten.png
18,4,382,Bart,129.0,https://img.icons8.com/doodle/48/bart-simpson.png
18,4,382,Chief Wiggum,103.0,https://img.icons8.com/doodle/48/clancy-wiggum.png
18,4,382,Flanders,3.0,https://img.icons8.com/doodle/48/ned-flanders.png
18,4,382,Grampa,19.0,https://img.icons8.com/doodle/48/abraham-simpson.png
18,4,382,Homer,331.0,https://img.icons8.com/doodle/48/homer-simpson.png
18,4,382,Krusty,158.0,https://img.icons8.com/doodle/48/krusty-the-clown.png
18,4,382,Lenny,39.0,https://static.simpsonswiki.com/images/6/6f/Tapped_Out_Lenny_Icon.png
18,4,382,Lisa,94.0,https://img.icons8.com/doodle/48/lisa-simpson.png
18,4,382,Marge,83.0,https://img.icons8.com/doodle/48/marge-simpson.png
18,4,382,Milhouse,21.0,https://img.icons8.com/doodle/48/milhouse-van-houten.png
18,4,382,Moe,18.0,https://img.icons8.com/doodle/48/bartender-mo.png
18,5,383,Bart,94.0,https://img.icons8.com/doodle/48/bart-simpson.png
18,5,383,Grampa,26.0,https://img.icons8.com/doodle/48/abraham-simpson.png
18,5,383,Homer,458.0,https://img.icons8.com/doodle/48/homer-simpson.png
18,5,383,Krusty,37.0,https://img.icons8.com/doodle/48/krusty-the-clown.png
18,5,383,Lenny,33.0,https://static.simpsonswiki.com/images/6/6f/Tapped_Out_Lenny_Icon.png
18,5,383,Lisa,70.0,https://img.icons8.com/doodle/48/lisa-simpson.png
18,5,383,Marge,177.0,https://img.icons8.com/doodle/48/marge-simpson.png
18,5,383,Milhouse,39.0,https://img.icons8.com/doodle/48/milhouse-van-houten.png
18,5,383,Moe,90.0,https://img.icons8.com/doodle/48/bartender-mo.png
18,5,383,Mr. Burns,12.0,https://img.icons8.com/doodle/48/charles-montgomery-burns.png
18,6,384,Bart,51.0,https://img.icons8.com/doodle/48/bart-simpson.png
18,6,384,Grampa,70.0,https://img.icons8.com/doodle/48/abraham-simpson.png
18,6,384,Homer,339.0,https://img.icons8.com/doodle/48/homer-simpson.png
18,6,384,Lenny,11.0,https://static.simpsonswiki.com/images/6/6f/Tapped_Out_Lenny_Icon.png
18,6,384,Lisa,247.0,https://img.icons8.com/doodle/48/lisa-simpson.png
18,6,384,Marge,94.0,https://img.icons8.com/doodle/48/marge-simpson.png
18,6,384,Moe,789.0,https://img.icons8.com/doodle/48/bartender-mo.png
18,7,385,Bart,34.0,https://img.icons8.com/doodle/48/bart-simpson.png
18,7,385,Chief Wiggum,17.0,https://img.icons8.com/doodle/48/clancy-wiggum.png
18,7,385,Grampa,7.0,https://img.icons8.com/doodle/48/abraham-simpson.png
18,7,385,Homer,767.0,https://img.icons8.com/doodle/48/homer-simpson.png
18,7,385,Krusty,42.0,https://img.icons8.com/doodle/48/krusty-the-clown.png
18,7,385,Lenny,33.0,https://static.simpsonswiki.com/images/6/6f/Tapped_Out_Lenny_Icon.png
18,7,385,Lisa,34.0,https://img.icons8.com/doodle/48/lisa-simpson.png
18,7,385,Marge,353.0,https://img.icons8.com/doodle/48/marge-simpson.png
18,7,385,Milhouse,5.0,https://img.icons8.com/doodle/48/milhouse-van-houten.png
18,7,385,Moe,55.0,https://img.icons8.com/doodle/48/bartender-mo.png
18,7,385,Mr. Burns,99.0,https://img.icons8.com/doodle/48/charles-montgomery-burns.png
18,8,386,Apu,8.0,https://static.simpsonswiki.com/images/0/08/Tapped_Out_Apu_Icon_-_Happy.png
18,8,386,Bart,523.0,https://img.icons8.com/doodle/48/bart-simpson.png
18,8,386,Grampa,19.0,https://img.icons8.com/doodle/48/abraham-simpson.png
18,8,386,Homer,390.0,https://img.icons8.com/doodle/48/homer-simpson.png
18,8,386,Lenny,5.0,https://static.simpsonswiki.com/images/6/6f/Tapped_Out_Lenny_Icon.png
18,8,386,Lisa,187.0,https://img.icons8.com/doodle/48/lisa-simpson.png
18,8,386,Marge,142.0,https://img.icons8.com/doodle/48/marge-simpson.png
18,8,386,Milhouse,102.0,https://img.icons8.com/doodle/48/milhouse-van-houten.png
18,8,386,Moe,8.0,https://img.icons8.com/doodle/48/bartender-mo.png
18,9,387,Bart,44.0,https://img.icons8.com/doodle/48/bart-simpson.png
18,9,387,Flanders,48.0,https://img.icons8.com/doodle/48/ned-flanders.png
18,9,387,Grampa,22.0,https://img.icons8.com/doodle/48/abraham-simpson.png
18,9,387,Homer,327.0,https://img.icons8.com/doodle/48/homer-simpson.png
18,9,387,Krusty,77.0,https://img.icons8.com/doodle/48/krusty-the-clown.png
18,9,387,Lenny,7.0,https://static.simpsonswiki.com/images/6/6f/Tapped_Out_Lenny_Icon.png
18,9,387,Lisa,99.0,https://img.icons8.com/doodle/48/lisa-simpson.png
18,9,387,Marge,398.0,https://img.icons8.com/doodle/48/marge-simpson.png
18,9,387,Milhouse,4.0,https://img.icons8.com/doodle/48/milhouse-van-houten.png
18,9,387,Moe,29.0,https://img.icons8.com/doodle/48/bartender-mo.png
18,9,387,Mr. Burns,63.0,https://img.icons8.com/doodle/48/charles-montgomery-burns.png
18,10,388,Bart,69.0,https://img.icons8.com/doodle/48/bart-simpson.png
18,10,388,Flanders,34.0,https://img.icons8.com/doodle/48/ned-flanders.png
18,10,388,Grampa,3.0,https://img.icons8.com/doodle/48/abraham-simpson.png
18,10,388,Homer,518.0,https://img.icons8.com/doodle/48/homer-simpson.png
18,10,388,Lenny,42.0,https://static.simpsonswiki.com/images/6/6f/Tapped_Out_Lenny_Icon.png
18,10,388,Lisa,97.0,https://img.icons8.com/doodle/48/lisa-simpson.png
18,10,388,Marge,247.0,https://img.icons8.com/doodle/48/marge-simpson.png
18,10,388,Milhouse,7.0,https://img.icons8.com/doodle/48/milhouse-van-houten.png
18,10,388,Moe,58.0,https://img.icons8.com/doodle/48/bartender-mo.png
18,11,389,Apu,37.0,https://static.simpsonswiki.com/images/0/08/Tapped_Out_Apu_Icon_-_Happy.png
18,11,389,Bart,191.0,https://img.icons8.com/doodle/48/bart-simpson.png
18,11,389,Chief Wiggum,37.0,https://img.icons8.com/doodle/48/clancy-wiggum.png
18,11,389,Grampa,34.0,https://img.icons8.com/doodle/48/abraham-simpson.png
18,11,389,Homer,485.0,https://img.icons8.com/doodle/48/homer-simpson.png
18,11,389,Krusty,6.0,https://img.icons8.com/doodle/48/krusty-the-clown.png
18,11,389,Lenny,36.0,https://static.simpsonswiki.com/images/6/6f/Tapped_Out_Lenny_Icon.png
18,11,389,Lisa,152.0,https://img.icons8.com/doodle/48/lisa-simpson.png
18,11,389,Marge,194.0,https://img.icons8.com/doodle/48/marge-simpson.png
18,11,389,Milhouse,132.0,https://img.icons8.com/doodle/48/milhouse-van-houten.png
18,11,389,Mr. Burns,93.0,https://img.icons8.com/doodle/48/charles-montgomery-burns.png
18,12,390,Bart,472.0,https://img.icons8.com/doodle/48/bart-simpson.png
18,12,390,Grampa,32.0,https://img.icons8.com/doodle/48/abraham-simpson.png
18,12,390,Homer,330.0,https://img.icons8.com/doodle/48/homer-simpson.png
18,12,390,Krusty,19.0,https://img.icons8.com/doodle/48/krusty-the-clown.png
18,12,390,Lenny,9.0,https://static.simpsonswiki.com/images/6/6f/Tapped_Out_Lenny_Icon.png
18,12,390,Lisa,377.0,https://img.icons8.com/doodle/48/lisa-simpson.png
18,12,390,Marge,120.0,https://img.icons8.com/doodle/48/marge-simpson.png
18,12,390,Moe,3.0,https://img.icons8.com/doodle/48/bartender-mo.png
18,12,390,Mr. Burns,5.0,https://img.icons8.com/doodle/48/charles-montgomery-burns.png
18,13,391,Bart,35.0,https://img.icons8.com/doodle/48/bart-simpson.png
18,13,391,Chief Wiggum,138.0,https://img.icons8.com/doodle/48/clancy-wiggum.png
18,13,391,Flanders,14.0,https://img.icons8.com/doodle/48/ned-flanders.png
18,13,391,Homer,613.0,https://img.icons8.com/doodle/48/homer-simpson.png
18,13,391,Krusty,22.0,https://img.icons8.com/doodle/48/krusty-the-clown.png
18,13,391,Lenny,74.0,https://static.simpsonswiki.com/images/6/6f/Tapped_Out_Lenny_Icon.png
18,13,391,Lisa,41.0,https://img.icons8.com/doodle/48/lisa-simpson.png
18,13,391,Marge,238.0,https://img.icons8.com/doodle/48/marge-simpson.png
18,13,391,Moe,155.0,https://img.icons8.com/doodle/48/bartender-mo.png
18,13,391,Mr. Burns,69.0,https://img.icons8.com/doodle/48/charles-montgomery-burns.png
18,14,392,Apu,28.0,https://static.simpsonswiki.com/images/0/08/Tapped_Out_Apu_Icon_-_Happy.png
18,14,392,Bart,448.0,https://img.icons8.com/doodle/48/bart-simpson.png
18,14,392,Grampa,7.0,https://img.icons8.com/doodle/48/abraham-simpson.png
18,14,392,Homer,94.0,https://img.icons8.com/doodle/48/homer-simpson.png
18,14,392,Krusty,282.0,https://img.icons8.com/doodle/48/krusty-the-clown.png
18,14,392,Lisa,246.0,https://img.icons8.com/doodle/48/lisa-simpson.png
18,14,392,Marge,108.0,https://img.icons8.com/doodle/48/marge-simpson.png
18,14,392,Milhouse,21.0,https://img.icons8.com/doodle/48/milhouse-van-houten.png
18,15,393,Bart,125.0,https://img.icons8.com/doodle/48/bart-simpson.png
18,15,393,Flanders,45.0,https://img.icons8.com/doodle/48/ned-flanders.png
18,15,393,Grampa,578.0,https://img.icons8.com/doodle/48/abraham-simpson.png
18,15,393,Homer,442.0,https://img.icons8.com/doodle/48/homer-simpson.png
18,15,393,Lisa,84.0,https://img.icons8.com/doodle/48/lisa-simpson.png
18,15,393,Marge,162.0,https://img.icons8.com/doodle/48/marge-simpson.png
18,15,393,Moe,17.0,https://img.icons8.com/doodle/48/bartender-mo.png
18,16,394,Apu,12.0,https://static.simpsonswiki.com/images/0/08/Tapped_Out_Apu_Icon_-_Happy.png
18,16,394,Bart,98.0,https://img.icons8.com/doodle/48/bart-simpson.png
18,16,394,Homer,652.0,https://img.icons8.com/doodle/48/homer-simpson.png
18,16,394,Krusty,32.0,https://img.icons8.com/doodle/48/krusty-the-clown.png
18,16,394,Lenny,45.0,https://static.simpsonswiki.com/images/6/6f/Tapped_Out_Lenny_Icon.png
18,16,394,Lisa,132.0,https://img.icons8.com/doodle/48/lisa-simpson.png
18,16,394,Marge,251.0,https://img.icons8.com/doodle/48/marge-simpson.png
18,16,394,Moe,33.0,https://img.icons8.com/doodle/48/bartender-mo.png
18,16,394,Mr. Burns,1.0,https://img.icons8.com/doodle/48/charles-montgomery-burns.png
18,17,395,Apu,64.0,https://static.simpsonswiki.com/images/0/08/Tapped_Out_Apu_Icon_-_Happy.png
18,17,395,Bart,130.0,https://img.icons8.com/doodle/48/bart-simpson.png
18,17,395,Flanders,5.0,https://img.icons8.com/doodle/48/ned-flanders.png
18,17,395,Grampa,3.0,https://img.icons8.com/doodle/48/abraham-simpson.png
18,17,395,Homer,396.0,https://img.icons8.com/doodle/48/homer-simpson.png
18,17,395,Krusty,49.0,https://img.icons8.com/doodle/48/krusty-the-clown.png
18,17,395,Lisa,231.0,https://img.icons8.com/doodle/48/lisa-simpson.png
18,17,395,Marge,580.0,https://img.icons8.com/doodle/48/marge-simpson.png
18,17,395,Milhouse,28.0,https://img.icons8.com/doodle/48/milhouse-van-houten.png
18,17,395,Moe,155.0,https://img.icons8.com/doodle/48/bartender-mo.png
18,17,395,Mr. Burns,6.0,https://img.icons8.com/doodle/48/charles-montgomery-burns.png
18,18,396,Apu,35.0,https://static.simpsonswiki.com/images/0/08/Tapped_Out_Apu_Icon_-_Happy.png
18,18,396,Bart,158.0,https://img.icons8.com/doodle/48/bart-simpson.png
18,18,396,Chief Wiggum,40.0,https://img.icons8.com/doodle/48/clancy-wiggum.png
18,18,396,Flanders,73.0,https://img.icons8.com/doodle/48/ned-flanders.png
18,18,396,Grampa,6.0,https://img.icons8.com/doodle/48/abraham-simpson.png
18,18,396,Homer,500.0,https://img.icons8.com/doodle/48/homer-simpson.png
18,18,396,Krusty,7.0,https://img.icons8.com/doodle/48/krusty-the-clown.png
18,18,396,Lenny,17.0,https://static.simpsonswiki.com/images/6/6f/Tapped_Out_Lenny_Icon.png
18,18,396,Lisa,103.0,https://img.icons8.com/doodle/48/lisa-simpson.png
18,18,396,Marge,287.0,https://img.icons8.com/doodle/48/marge-simpson.png
18,18,396,Milhouse,55.0,https://img.icons8.com/doodle/48/milhouse-van-houten.png
18,18,396,Moe,81.0,https://img.icons8.com/doodle/48/bartender-mo.png
18,18,396,Mr. Burns,9.0,https://img.icons8.com/doodle/48/charles-montgomery-burns.png
18,19,397,Apu,61.0,https://static.simpsonswiki.com/images/0/08/Tapped_Out_Apu_Icon_-_Happy.png
18,19,397,Bart,89.0,https://img.icons8.com/doodle/48/bart-simpson.png
18,19,397,Flanders,12.0,https://img.icons8.com/doodle/48/ned-flanders.png
18,19,397,Grampa,23.0,https://img.icons8.com/doodle/48/abraham-simpson.png
18,19,397,Homer,518.0,https://img.icons8.com/doodle/48/homer-simpson.png
18,19,397,Lisa,100.0,https://img.icons8.com/doodle/48/lisa-simpson.png
18,19,397,Marge,230.0,https://img.icons8.com/doodle/48/marge-simpson.png
18,19,397,Milhouse,22.0,https://img.icons8.com/doodle/48/milhouse-van-houten.png
18,19,397,Moe,275.0,https://img.icons8.com/doodle/48/bartender-mo.png
18,19,397,Mr. Burns,107.0,https://img.icons8.com/doodle/48/charles-montgomery-burns.png
18,20,398,Bart,284.0,https://img.icons8.com/doodle/48/bart-simpson.png
18,20,398,Chief Wiggum,294.0,https://img.icons8.com/doodle/48/clancy-wiggum.png
18,20,398,Homer,308.0,https://img.icons8.com/doodle/48/homer-simpson.png
18,20,398,Lisa,143.0,https://img.icons8.com/doodle/48/lisa-simpson.png
18,20,398,Marge,134.0,https://img.icons8.com/doodle/48/marge-simpson.png
18,21,399,Apu,50.0,https://static.simpsonswiki.com/images/0/08/Tapped_Out_Apu_Icon_-_Happy.png
18,21,399,Bart,274.0,https://img.icons8.com/doodle/48/bart-simpson.png
18,21,399,Chief Wiggum,28.0,https://img.icons8.com/doodle/48/clancy-wiggum.png
18,21,399,Homer,177.0,https://img.icons8.com/doodle/48/homer-simpson.png
18,21,399,Lisa,239.0,https://img.icons8.com/doodle/48/lisa-simpson.png
18,21,399,Marge,168.0,https://img.icons8.com/doodle/48/marge-simpson.png
18,21,399,Milhouse,57.0,https://img.icons8.com/doodle/48/milhouse-van-houten.png
18,21,399,Moe,13.0,https://img.icons8.com/doodle/48/bartender-mo.png
18,21,399,Mr. Burns,18.0,https://img.icons8.com/doodle/48/charles-montgomery-burns.png
18,22,400,Bart,154.0,https://img.icons8.com/doodle/48/bart-simpson.png
18,22,400,Flanders,99.0,https://img.icons8.com/doodle/48/ned-flanders.png
18,22,400,Grampa,36.0,https://img.icons8.com/doodle/48/abraham-simpson.png
18,22,400,Homer,555.0,https://img.icons8.com/doodle/48/homer-simpson.png
18,22,400,Krusty,78.0,https://img.icons8.com/doodle/48/krusty-the-clown.png
18,22,400,Lisa,190.0,https://img.icons8.com/doodle/48/lisa-simpson.png
18,22,400,Marge,189.0,https://img.icons8.com/doodle/48/marge-simpson.png
18,22,400,Mr. Burns,11.0,https://img.icons8.com/doodle/48/charles-montgomery-burns.png
19,1,401,Bart,69.0,https://img.icons8.com/doodle/48/bart-simpson.png
19,1,401,Flanders,2.0,https://img.icons8.com/doodle/48/ned-flanders.png
19,1,401,Homer,873.0,https://img.icons8.com/doodle/48/homer-simpson.png
19,1,401,Lenny,12.0,https://static.simpsonswiki.com/images/6/6f/Tapped_Out_Lenny_Icon.png
19,1,401,Lisa,44.0,https://img.icons8.com/doodle/48/lisa-simpson.png
19,1,401,Marge,195.0,https://img.icons8.com/doodle/48/marge-simpson.png
19,1,401,Milhouse,32.0,https://img.icons8.com/doodle/48/milhouse-van-houten.png
19,1,401,Mr. Burns,196.0,https://img.icons8.com/doodle/48/charles-montgomery-burns.png
19,2,402,Bart,95.0,https://img.icons8.com/doodle/48/bart-simpson.png
19,2,402,Chief Wiggum,89.0,https://img.icons8.com/doodle/48/clancy-wiggum.png
19,2,402,Flanders,10.0,https://img.icons8.com/doodle/48/ned-flanders.png
19,2,402,Homer,735.0,https://img.icons8.com/doodle/48/homer-simpson.png
19,2,402,Lenny,8.0,https://static.simpsonswiki.com/images/6/6f/Tapped_Out_Lenny_Icon.png
19,2,402,Lisa,101.0,https://img.icons8.com/doodle/48/lisa-simpson.png
19,2,402,Marge,306.0,https://img.icons8.com/doodle/48/marge-simpson.png
19,2,402,Moe,10.0,https://img.icons8.com/doodle/48/bartender-mo.png
19,2,402,Mr. Burns,86.0,https://img.icons8.com/doodle/48/charles-montgomery-burns.png
19,3,403,Apu,22.0,https://static.simpsonswiki.com/images/0/08/Tapped_Out_Apu_Icon_-_Happy.png
19,3,403,Bart,68.0,https://img.icons8.com/doodle/48/bart-simpson.png
19,3,403,Chief Wiggum,7.0,https://img.icons8.com/doodle/48/clancy-wiggum.png
19,3,403,Flanders,41.0,https://img.icons8.com/doodle/48/ned-flanders.png
19,3,403,Homer,661.0,https://img.icons8.com/doodle/48/homer-simpson.png
19,3,403,Krusty,9.0,https://img.icons8.com/doodle/48/krusty-the-clown.png
19,3,403,Lenny,82.0,https://static.simpsonswiki.com/images/6/6f/Tapped_Out_Lenny_Icon.png
19,3,403,Lisa,114.0,https://img.icons8.com/doodle/48/lisa-simpson.png
19,3,403,Marge,215.0,https://img.icons8.com/doodle/48/marge-simpson.png
19,3,403,Milhouse,7.0,https://img.icons8.com/doodle/48/milhouse-van-houten.png
19,3,403,Moe,77.0,https://img.icons8.com/doodle/48/bartender-mo.png
19,4,404,Bart,22.0,https://img.icons8.com/doodle/48/bart-simpson.png
19,4,404,Chief Wiggum,114.0,https://img.icons8.com/doodle/48/clancy-wiggum.png
19,4,404,Homer,285.0,https://img.icons8.com/doodle/48/homer-simpson.png
19,4,404,Krusty,124.0,https://img.icons8.com/doodle/48/krusty-the-clown.png
19,4,404,Lisa,38.0,https://img.icons8.com/doodle/48/lisa-simpson.png
19,4,404,Marge,482.0,https://img.icons8.com/doodle/48/marge-simpson.png
19,4,404,Moe,11.0,https://img.icons8.com/doodle/48/bartender-mo.png
19,5,405,Apu,6.0,https://static.simpsonswiki.com/images/0/08/Tapped_Out_Apu_Icon_-_Happy.png
19,5,405,Bart,232.0,https://img.icons8.com/doodle/48/bart-simpson.png
19,5,405,Chief Wiggum,22.0,https://img.icons8.com/doodle/48/clancy-wiggum.png
19,5,405,Flanders,161.0,https://img.icons8.com/doodle/48/ned-flanders.png
19,5,405,Grampa,2.0,https://img.icons8.com/doodle/48/abraham-simpson.png
19,5,405,Homer,423.0,https://img.icons8.com/doodle/48/homer-simpson.png
19,5,405,Krusty,8.0,https://img.icons8.com/doodle/48/krusty-the-clown.png
19,5,405,Lenny,20.0,https://static.simpsonswiki.com/images/6/6f/Tapped_Out_Lenny_Icon.png
19,5,405,Lisa,164.0,https://img.icons8.com/doodle/48/lisa-simpson.png
19,5,405,Marge,209.0,https://img.icons8.com/doodle/48/marge-simpson.png
19,5,405,Milhouse,42.0,https://img.icons8.com/doodle/48/milhouse-van-houten.png
19,5,405,Moe,13.0,https://img.icons8.com/doodle/48/bartender-mo.png
19,5,405,Mr. Burns,30.0,https://img.icons8.com/doodle/48/charles-montgomery-burns.png
19,6,406,Bart,404.0,https://img.icons8.com/doodle/48/bart-simpson.png
19,6,406,Grampa,24.0,https://img.icons8.com/doodle/48/abraham-simpson.png
19,6,406,Homer,400.0,https://img.icons8.com/doodle/48/homer-simpson.png
19,6,406,Lisa,78.0,https://img.icons8.com/doodle/48/lisa-simpson.png
19,6,406,Marge,169.0,https://img.icons8.com/doodle/48/marge-simpson.png
19,6,406,Milhouse,328.0,https://img.icons8.com/doodle/48/milhouse-van-houten.png
19,7,407,Bart,183.0,https://img.icons8.com/doodle/48/bart-simpson.png
19,7,407,Homer,578.0,https://img.icons8.com/doodle/48/homer-simpson.png
19,7,407,Krusty,17.0,https://img.icons8.com/doodle/48/krusty-the-clown.png
19,7,407,Lisa,104.0,https://img.icons8.com/doodle/48/lisa-simpson.png
19,7,407,Marge,318.0,https://img.icons8.com/doodle/48/marge-simpson.png
19,7,407,Milhouse,37.0,https://img.icons8.com/doodle/48/milhouse-van-houten.png
19,8,408,Bart,239.0,https://img.icons8.com/doodle/48/bart-simpson.png
19,8,408,Chief Wiggum,30.0,https://img.icons8.com/doodle/48/clancy-wiggum.png
19,8,408,Homer,302.0,https://img.icons8.com/doodle/48/homer-simpson.png
19,8,408,Krusty,100.0,https://img.icons8.com/doodle/48/krusty-the-clown.png
19,8,408,Lenny,43.0,https://static.simpsonswiki.com/images/6/6f/Tapped_Out_Lenny_Icon.png
19,8,408,Lisa,281.0,https://img.icons8.com/doodle/48/lisa-simpson.png
19,8,408,Marge,211.0,https://img.icons8.com/doodle/48/marge-simpson.png
19,8,408,Milhouse,87.0,https://img.icons8.com/doodle/48/milhouse-van-houten.png
19,8,408,Moe,53.0,https://img.icons8.com/doodle/48/bartender-mo.png
19,9,409,Bart,34.0,https://img.icons8.com/doodle/48/bart-simpson.png
19,9,409,Chief Wiggum,103.0,https://img.icons8.com/doodle/48/clancy-wiggum.png
19,9,409,Flanders,21.0,https://img.icons8.com/doodle/48/ned-flanders.png
19,9,409,Grampa,96.0,https://img.icons8.com/doodle/48/abraham-simpson.png
19,9,409,Homer,925.0,https://img.icons8.com/doodle/48/homer-simpson.png
19,9,409,Krusty,70.0,https://img.icons8.com/doodle/48/krusty-the-clown.png
19,9,409,Lenny,53.0,https://static.simpsonswiki.com/images/6/6f/Tapped_Out_Lenny_Icon.png
19,9,409,Lisa,66.0,https://img.icons8.com/doodle/48/lisa-simpson.png
19,9,409,Marge,143.0,https://img.icons8.com/doodle/48/marge-simpson.png
19,9,409,Moe,175.0,https://img.icons8.com/doodle/48/bartender-mo.png
19,10,410,Apu,5.0,https://static.simpsonswiki.com/images/0/08/Tapped_Out_Apu_Icon_-_Happy.png
19,10,410,Bart,35.0,https://img.icons8.com/doodle/48/bart-simpson.png
19,10,410,Chief Wiggum,46.0,https://img.icons8.com/doodle/48/clancy-wiggum.png
19,10,410,Flanders,11.0,https://img.icons8.com/doodle/48/ned-flanders.png
19,10,410,Homer,424.0,https://img.icons8.com/doodle/48/homer-simpson.png
19,10,410,Krusty,82.0,https://img.icons8.com/doodle/48/krusty-the-clown.png
19,10,410,Lenny,58.0,https://static.simpsonswiki.com/images/6/6f/Tapped_Out_Lenny_Icon.png
19,10,410,Lisa,162.0,https://img.icons8.com/doodle/48/lisa-simpson.png
19,10,410,Marge,129.0,https://img.icons8.com/doodle/48/marge-simpson.png
19,10,410,Moe,38.0,https://img.icons8.com/doodle/48/bartender-mo.png
19,10,410,Mr. Burns,38.0,https://img.icons8.com/doodle/48/charles-montgomery-burns.png
19,11,411,Bart,74.0,https://img.icons8.com/doodle/48/bart-simpson.png
19,11,411,Grampa,27.0,https://img.icons8.com/doodle/48/abraham-simpson.png
19,11,411,Homer,882.0,https://img.icons8.com/doodle/48/homer-simpson.png
19,11,411,Krusty,7.0,https://img.icons8.com/doodle/48/krusty-the-clown.png
19,11,411,Lenny,1.0,https://static.simpsonswiki.com/images/6/6f/Tapped_Out_Lenny_Icon.png
19,11,411,Lisa,62.0,https://img.icons8.com/doodle/48/lisa-simpson.png
19,11,411,Marge,578.0,https://img.icons8.com/doodle/48/marge-simpson.png
19,11,411,Moe,31.0,https://img.icons8.com/doodle/48/bartender-mo.png
19,12,412,Bart,101.0,https://img.icons8.com/doodle/48/bart-simpson.png
19,12,412,Chief Wiggum,64.0,https://img.icons8.com/doodle/48/clancy-wiggum.png
19,12,412,Flanders,80.0,https://img.icons8.com/doodle/48/ned-flanders.png
19,12,412,Grampa,14.0,https://img.icons8.com/doodle/48/abraham-simpson.png
19,12,412,Homer,134.0,https://img.icons8.com/doodle/48/homer-simpson.png
19,12,412,Lisa,70.0,https://img.icons8.com/doodle/48/lisa-simpson.png
19,12,412,Marge,63.0,https://img.icons8.com/doodle/48/marge-simpson.png
19,12,412,Milhouse,53.0,https://img.icons8.com/doodle/48/milhouse-van-houten.png
19,12,412,Moe,87.0,https://img.icons8.com/doodle/48/bartender-mo.png
19,13,413,Bart,516.0,https://img.icons8.com/doodle/48/bart-simpson.png
19,13,413,Homer,293.0,https://img.icons8.com/doodle/48/homer-simpson.png
19,13,413,Lisa,64.0,https://img.icons8.com/doodle/48/lisa-simpson.png
19,13,413,Marge,45.0,https://img.icons8.com/doodle/48/marge-simpson.png
19,13,413,Milhouse,25.0,https://img.icons8.com/doodle/48/milhouse-van-houten.png
19,14,414,Bart,293.0,https://img.icons8.com/doodle/48/bart-simpson.png
19,14,414,Chief Wiggum,92.0,https://img.icons8.com/doodle/48/clancy-wiggum.png
19,14,414,Homer,226.0,https://img.icons8.com/doodle/48/homer-simpson.png
19,14,414,Lisa,410.0,https://img.icons8.com/doodle/48/lisa-simpson.png
19,14,414,Marge,241.0,https://img.icons8.com/doodle/48/marge-simpson.png
19,14,414,Moe,3.0,https://img.icons8.com/doodle/48/bartender-mo.png
19,15,415,Apu,51.0,https://static.simpsonswiki.com/images/0/08/Tapped_Out_Apu_Icon_-_Happy.png
19,15,415,Bart,192.0,https://img.icons8.com/doodle/48/bart-simpson.png
19,15,415,Flanders,38.0,https://img.icons8.com/doodle/48/ned-flanders.png
19,15,415,Homer,548.0,https://img.icons8.com/doodle/48/homer-simpson.png
19,15,415,Lenny,7.0,https://static.simpsonswiki.com/images/6/6f/Tapped_Out_Lenny_Icon.png
19,15,415,Lisa,434.0,https://img.icons8.com/doodle/48/lisa-simpson.png
19,15,415,Marge,252.0,https://img.icons8.com/doodle/48/marge-simpson.png
19,15,415,Milhouse,8.0,https://img.icons8.com/doodle/48/milhouse-van-houten.png
19,16,416,Bart,115.0,https://img.icons8.com/doodle/48/bart-simpson.png
19,16,416,Chief Wiggum,11.0,https://img.icons8.com/doodle/48/clancy-wiggum.png
19,16,416,Grampa,139.0,https://img.icons8.com/doodle/48/abraham-simpson.png
19,16,416,Homer,387.0,https://img.icons8.com/doodle/48/homer-simpson.png
19,16,416,Krusty,28.0,https://img.icons8.com/doodle/48/krusty-the-clown.png
19,16,416,Lenny,30.0,https://static.simpsonswiki.com/images/6/6f/Tapped_Out_Lenny_Icon.png
19,16,416,Lisa,141.0,https://img.icons8.com/doodle/48/lisa-simpson.png
19,16,416,Marge,289.0,https://img.icons8.com/doodle/48/marge-simpson.png
19,16,416,Moe,66.0,https://img.icons8.com/doodle/48/bartender-mo.png
19,17,417,Apu,28.0,https://static.simpsonswiki.com/images/0/08/Tapped_Out_Apu_Icon_-_Happy.png
19,17,417,Bart,673.0,https://img.icons8.com/doodle/48/bart-simpson.png
19,17,417,Flanders,8.0,https://img.icons8.com/doodle/48/ned-flanders.png
19,17,417,Homer,180.0,https://img.icons8.com/doodle/48/homer-simpson.png
19,17,417,Krusty,33.0,https://img.icons8.com/doodle/48/krusty-the-clown.png
19,17,417,Lisa,238.0,https://img.icons8.com/doodle/48/lisa-simpson.png
19,17,417,Marge,206.0,https://img.icons8.com/doodle/48/marge-simpson.png
19,18,418,Bart,119.0,https://img.icons8.com/doodle/48/bart-simpson.png
19,18,418,Chief Wiggum,21.0,https://img.icons8.com/doodle/48/clancy-wiggum.png
19,18,418,Homer,356.0,https://img.icons8.com/doodle/48/homer-simpson.png
19,18,418,Lisa,439.0,https://img.icons8.com/doodle/48/lisa-simpson.png
19,18,418,Marge,168.0,https://img.icons8.com/doodle/48/marge-simpson.png
19,19,419,Apu,66.0,https://static.simpsonswiki.com/images/0/08/Tapped_Out_Apu_Icon_-_Happy.png
19,19,419,Bart,129.0,https://img.icons8.com/doodle/48/bart-simpson.png
19,19,419,Flanders,33.0,https://img.icons8.com/doodle/48/ned-flanders.png
19,19,419,Grampa,40.0,https://img.icons8.com/doodle/48/abraham-simpson.png
19,19,419,Homer,674.0,https://img.icons8.com/doodle/48/homer-simpson.png
19,19,419,Lenny,24.0,https://static.simpsonswiki.com/images/6/6f/Tapped_Out_Lenny_Icon.png
19,19,419,Lisa,131.0,https://img.icons8.com/doodle/48/lisa-simpson.png
19,19,419,Marge,184.0,https://img.icons8.com/doodle/48/marge-simpson.png
19,19,419,Moe,50.0,https://img.icons8.com/doodle/48/bartender-mo.png
19,19,419,Mr. Burns,76.0,https://img.icons8.com/doodle/48/charles-montgomery-burns.png
19,20,420,Bart,236.0,https://img.icons8.com/doodle/48/bart-simpson.png
19,20,420,Homer,258.0,https://img.icons8.com/doodle/48/homer-simpson.png
19,20,420,Krusty,687.0,https://img.icons8.com/doodle/48/krusty-the-clown.png
19,20,420,Lenny,1.0,https://static.simpsonswiki.com/images/6/6f/Tapped_Out_Lenny_Icon.png
19,20,420,Lisa,270.0,https://img.icons8.com/doodle/48/lisa-simpson.png
19,20,420,Marge,18.0,https://img.icons8.com/doodle/48/marge-simpson.png
19,20,420,Milhouse,24.0,https://img.icons8.com/doodle/48/milhouse-van-houten.png
19,20,420,Moe,2.0,https://img.icons8.com/doodle/48/bartender-mo.png
19,20,420,Mr. Burns,71.0,https://img.icons8.com/doodle/48/charles-montgomery-burns.png
20,1,421,Bart,47.0,https://img.icons8.com/doodle/48/bart-simpson.png
20,1,421,Chief Wiggum,11.0,https://img.icons8.com/doodle/48/clancy-wiggum.png
20,1,421,Flanders,537.0,https://img.icons8.com/doodle/48/ned-flanders.png
20,1,421,Homer,678.0,https://img.icons8.com/doodle/48/homer-simpson.png
20,1,421,Lisa,84.0,https://img.icons8.com/doodle/48/lisa-simpson.png
20,1,421,Marge,245.0,https://img.icons8.com/doodle/48/marge-simpson.png
20,1,421,Moe,11.0,https://img.icons8.com/doodle/48/bartender-mo.png
20,1,421,Mr. Burns,16.0,https://img.icons8.com/doodle/48/charles-montgomery-burns.png
20,2,422,Bart,511.0,https://img.icons8.com/doodle/48/bart-simpson.png
20,2,422,Homer,144.0,https://img.icons8.com/doodle/48/homer-simpson.png
20,2,422,Krusty,30.0,https://img.icons8.com/doodle/48/krusty-the-clown.png
20,2,422,Lisa,168.0,https://img.icons8.com/doodle/48/lisa-simpson.png
20,2,422,Marge,328.0,https://img.icons8.com/doodle/48/marge-simpson.png
20,2,422,Milhouse,181.0,https://img.icons8.com/doodle/48/milhouse-van-houten.png
20,2,422,Moe,14.0,https://img.icons8.com/doodle/48/bartender-mo.png
20,3,423,Apu,42.0,https://static.simpsonswiki.com/images/0/08/Tapped_Out_Apu_Icon_-_Happy.png
20,3,423,Bart,499.0,https://img.icons8.com/doodle/48/bart-simpson.png
20,3,423,Chief Wiggum,48.0,https://img.icons8.com/doodle/48/clancy-wiggum.png
20,3,423,Grampa,53.0,https://img.icons8.com/doodle/48/abraham-simpson.png
20,3,423,Homer,365.0,https://img.icons8.com/doodle/48/homer-simpson.png
20,3,423,Krusty,9.0,https://img.icons8.com/doodle/48/krusty-the-clown.png
20,3,423,Lenny,159.0,https://static.simpsonswiki.com/images/6/6f/Tapped_Out_Lenny_Icon.png
20,3,423,Lisa,80.0,https://img.icons8.com/doodle/48/lisa-simpson.png
20,3,423,Marge,253.0,https://img.icons8.com/doodle/48/marge-simpson.png
20,3,423,Milhouse,66.0,https://img.icons8.com/doodle/48/milhouse-van-houten.png
20,3,423,Moe,39.0,https://img.icons8.com/doodle/48/bartender-mo.png
20,3,423,Mr. Burns,198.0,https://img.icons8.com/doodle/48/charles-montgomery-burns.png
20,5,425,Bart,131.0,https://img.icons8.com/doodle/48/bart-simpson.png
20,5,425,Flanders,327.0,https://img.icons8.com/doodle/48/ned-flanders.png
20,5,425,Grampa,12.0,https://img.icons8.com/doodle/48/abraham-simpson.png
20,5,425,Homer,786.0,https://img.icons8.com/doodle/48/homer-simpson.png
20,5,425,Lisa,125.0,https://img.icons8.com/doodle/48/lisa-simpson.png
20,5,425,Marge,368.0,https://img.icons8.com/doodle/48/marge-simpson.png
20,6,426,Apu,13.0,https://static.simpsonswiki.com/images/0/08/Tapped_Out_Apu_Icon_-_Happy.png
20,6,426,Bart,100.0,https://img.icons8.com/doodle/48/bart-simpson.png
20,6,426,Grampa,47.0,https://img.icons8.com/doodle/48/abraham-simpson.png
20,6,426,Homer,627.0,https://img.icons8.com/doodle/48/homer-simpson.png
20,6,426,Lenny,24.0,https://static.simpsonswiki.com/images/6/6f/Tapped_Out_Lenny_Icon.png
20,6,426,Lisa,530.0,https://img.icons8.com/doodle/48/lisa-simpson.png
20,6,426,Marge,152.0,https://img.icons8.com/doodle/48/marge-simpson.png
20,6,426,Moe,84.0,https://img.icons8.com/doodle/48/bartender-mo.png
20,7,427,Bart,372.0,https://img.icons8.com/doodle/48/bart-simpson.png
20,7,427,Grampa,7.0,https://img.icons8.com/doodle/48/abraham-simpson.png
20,7,427,Homer,513.0,https://img.icons8.com/doodle/48/homer-simpson.png
20,7,427,Krusty,62.0,https://img.icons8.com/doodle/48/krusty-the-clown.png
20,7,427,Lenny,41.0,https://static.simpsonswiki.com/images/6/6f/Tapped_Out_Lenny_Icon.png
20,7,427,Lisa,199.0,https://img.icons8.com/doodle/48/lisa-simpson.png
20,7,427,Marge,108.0,https://img.icons8.com/doodle/48/marge-simpson.png
20,7,427,Moe,48.0,https://img.icons8.com/doodle/48/bartender-mo.png
20,8,428,Bart,37.0,https://img.icons8.com/doodle/48/bart-simpson.png
20,8,428,Chief Wiggum,9.0,https://img.icons8.com/doodle/48/clancy-wiggum.png
20,8,428,Grampa,16.0,https://img.icons8.com/doodle/48/abraham-simpson.png
20,8,428,Homer,272.0,https://img.icons8.com/doodle/48/homer-simpson.png
20,8,428,Lenny,6.0,https://static.simpsonswiki.com/images/6/6f/Tapped_Out_Lenny_Icon.png
20,8,428,Lisa,302.0,https://img.icons8.com/doodle/48/lisa-simpson.png
20,8,428,Marge,108.0,https://img.icons8.com/doodle/48/marge-simpson.png
20,8,428,Moe,105.0,https://img.icons8.com/doodle/48/bartender-mo.png
20,8,428,Mr. Burns,560.0,https://img.icons8.com/doodle/48/charles-montgomery-burns.png
20,9,429,Apu,27.0,https://static.simpsonswiki.com/images/0/08/Tapped_Out_Apu_Icon_-_Happy.png
20,9,429,Bart,97.0,https://img.icons8.com/doodle/48/bart-simpson.png
20,9,429,Homer,270.0,https://img.icons8.com/doodle/48/homer-simpson.png
20,9,429,Lenny,9.0,https://static.simpsonswiki.com/images/6/6f/Tapped_Out_Lenny_Icon.png
20,9,429,Lisa,577.0,https://img.icons8.com/doodle/48/lisa-simpson.png
20,9,429,Marge,248.0,https://img.icons8.com/doodle/48/marge-simpson.png
20,10,430,Bart,87.0,https://img.icons8.com/doodle/48/bart-simpson.png
20,10,430,Chief Wiggum,4.0,https://img.icons8.com/doodle/48/clancy-wiggum.png
20,10,430,Flanders,22.0,https://img.icons8.com/doodle/48/ned-flanders.png
20,10,430,Grampa,17.0,https://img.icons8.com/doodle/48/abraham-simpson.png
20,10,430,Homer,891.0,https://img.icons8.com/doodle/48/homer-simpson.png
20,10,430,Lenny,78.0,https://static.simpsonswiki.com/images/6/6f/Tapped_Out_Lenny_Icon.png
20,10,430,Lisa,190.0,https://img.icons8.com/doodle/48/lisa-simpson.png
20,10,430,Marge,123.0,https://img.icons8.com/doodle/48/marge-simpson.png
20,10,430,Moe,20.0,https://img.icons8.com/doodle/48/bartender-mo.png
20,10,430,Mr. Burns,68.0,https://img.icons8.com/doodle/48/charles-montgomery-burns.png
20,11,431,Bart,140.0,https://img.icons8.com/doodle/48/bart-simpson.png
20,11,431,Homer,312.0,https://img.icons8.com/doodle/48/homer-simpson.png
20,11,431,Lisa,176.0,https://img.icons8.com/doodle/48/lisa-simpson.png
20,11,431,Marge,110.0,https://img.icons8.com/doodle/48/marge-simpson.png
20,11,431,Milhouse,27.0,https://img.icons8.com/doodle/48/milhouse-van-houten.png
20,11,431,Mr. Burns,1.0,https://img.icons8.com/doodle/48/charles-montgomery-burns.png
20,12,432,Bart,88.0,https://img.icons8.com/doodle/48/bart-simpson.png
20,12,432,Flanders,381.0,https://img.icons8.com/doodle/48/ned-flanders.png
20,12,432,Grampa,42.0,https://img.icons8.com/doodle/48/abraham-simpson.png
20,12,432,Homer,733.0,https://img.icons8.com/doodle/48/homer-simpson.png
20,12,432,Lenny,24.0,https://static.simpsonswiki.com/images/6/6f/Tapped_Out_Lenny_Icon.png
20,12,432,Lisa,123.0,https://img.icons8.com/doodle/48/lisa-simpson.png
20,12,432,Marge,279.0,https://img.icons8.com/doodle/48/marge-simpson.png
20,12,432,Moe,98.0,https://img.icons8.com/doodle/48/bartender-mo.png
20,12,432,Mr. Burns,23.0,https://img.icons8.com/doodle/48/charles-montgomery-burns.png
20,13,433,Bart,35.0,https://img.icons8.com/doodle/48/bart-simpson.png
20,13,433,Homer,509.0,https://img.icons8.com/doodle/48/homer-simpson.png
20,13,433,Lisa,544.0,https://img.icons8.com/doodle/48/lisa-simpson.png
20,13,433,Marge,184.0,https://img.icons8.com/doodle/48/marge-simpson.png
20,13,433,Milhouse,11.0,https://img.icons8.com/doodle/48/milhouse-van-houten.png
20,13,433,Mr. Burns,147.0,https://img.icons8.com/doodle/48/charles-montgomery-burns.png
20,14,434,Bart,139.0,https://img.icons8.com/doodle/48/bart-simpson.png
20,14,434,Chief Wiggum,46.0,https://img.icons8.com/doodle/48/clancy-wiggum.png
20,14,434,Flanders,19.0,https://img.icons8.com/doodle/48/ned-flanders.png
20,14,434,Grampa,351.0,https://img.icons8.com/doodle/48/abraham-simpson.png
20,14,434,Homer,469.0,https://img.icons8.com/doodle/48/homer-simpson.png
20,14,434,Krusty,9.0,https://img.icons8.com/doodle/48/krusty-the-clown.png
20,14,434,Lisa,141.0,https://img.icons8.com/doodle/48/lisa-simpson.png
20,14,434,Marge,237.0,https://img.icons8.com/doodle/48/marge-simpson.png
20,14,434,Moe,106.0,https://img.icons8.com/doodle/48/bartender-mo.png
20,15,435,Apu,54.0,https://static.simpsonswiki.com/images/0/08/Tapped_Out_Apu_Icon_-_Happy.png
20,15,435,Bart,95.0,https://img.icons8.com/doodle/48/bart-simpson.png
20,15,435,Flanders,25.0,https://img.icons8.com/doodle/48/ned-flanders.png
20,15,435,Homer,535.0,https://img.icons8.com/doodle/48/homer-simpson.png
20,15,435,Krusty,86.0,https://img.icons8.com/doodle/48/krusty-the-clown.png
20,15,435,Lenny,18.0,https://static.simpsonswiki.com/images/6/6f/Tapped_Out_Lenny_Icon.png
20,15,435,Lisa,110.0,https://img.icons8.com/doodle/48/lisa-simpson.png
20,15,435,Marge,388.0,https://img.icons8.com/doodle/48/marge-simpson.png
20,15,435,Moe,34.0,https://img.icons8.com/doodle/48/bartender-mo.png
20,16,436,Bart,16.0,https://img.icons8.com/doodle/48/bart-simpson.png
20,16,436,Homer,482.0,https://img.icons8.com/doodle/48/homer-simpson.png
20,16,436,Lenny,94.0,https://static.simpsonswiki.com/images/6/6f/Tapped_Out_Lenny_Icon.png
20,16,436,Lisa,23.0,https://img.icons8.com/doodle/48/lisa-simpson.png
20,16,436,Marge,119.0,https://img.icons8.com/doodle/48/marge-simpson.png
20,16,436,Moe,1147.0,https://img.icons8.com/doodle/48/bartender-mo.png
20,17,437,Apu,68.0,https://static.simpsonswiki.com/images/0/08/Tapped_Out_Apu_Icon_-_Happy.png
20,17,437,Bart,665.0,https://img.icons8.com/doodle/48/bart-simpson.png
20,17,437,Chief Wiggum,2.0,https://img.icons8.com/doodle/48/clancy-wiggum.png
20,17,437,Flanders,17.0,https://img.icons8.com/doodle/48/ned-flanders.png
20,17,437,Grampa,13.0,https://img.icons8.com/doodle/48/abraham-simpson.png
20,17,437,Homer,117.0,https://img.icons8.com/doodle/48/homer-simpson.png
20,17,437,Lenny,56.0,https://static.simpsonswiki.com/images/6/6f/Tapped_Out_Lenny_Icon.png
20,17,437,Lisa,174.0,https://img.icons8.com/doodle/48/lisa-simpson.png
20,17,437,Marge,53.0,https://img.icons8.com/doodle/48/marge-simpson.png
20,17,437,Milhouse,271.0,https://img.icons8.com/doodle/48/milhouse-van-houten.png
20,18,438,Bart,120.0,https://img.icons8.com/doodle/48/bart-simpson.png
20,18,438,Homer,1086.0,https://img.icons8.com/doodle/48/homer-simpson.png
20,18,438,Lenny,35.0,https://static.simpsonswiki.com/images/6/6f/Tapped_Out_Lenny_Icon.png
20,18,438,Lisa,177.0,https://img.icons8.com/doodle/48/lisa-simpson.png
20,18,438,Marge,170.0,https://img.icons8.com/doodle/48/marge-simpson.png
20,18,438,Moe,50.0,https://img.icons8.com/doodle/48/bartender-mo.png
20,19,439,Bart,141.0,https://img.icons8.com/doodle/48/bart-simpson.png
20,19,439,Chief Wiggum,151.0,https://img.icons8.com/doodle/48/clancy-wiggum.png
20,19,439,Homer,534.0,https://img.icons8.com/doodle/48/homer-simpson.png
20,19,439,Krusty,1.0,https://img.icons8.com/doodle/48/krusty-the-clown.png
20,19,439,Lisa,406.0,https://img.icons8.com/doodle/48/lisa-simpson.png
20,19,439,Marge,341.0,https://img.icons8.com/doodle/48/marge-simpson.png
20,19,439,Milhouse,32.0,https://img.icons8.com/doodle/48/milhouse-van-houten.png
20,20,440,Chief Wiggum,7.0,https://img.icons8.com/doodle/48/clancy-wiggum.png
20,20,440,Homer,312.0,https://img.icons8.com/doodle/48/homer-simpson.png
20,20,440,Lenny,20.0,https://static.simpsonswiki.com/images/6/6f/Tapped_Out_Lenny_Icon.png
20,20,440,Lisa,162.0,https://img.icons8.com/doodle/48/lisa-simpson.png
20,20,440,Marge,462.0,https://img.icons8.com/doodle/48/marge-simpson.png
21,1,442,Apu,53.0,https://static.simpsonswiki.com/images/0/08/Tapped_Out_Apu_Icon_-_Happy.png
21,1,442,Bart,101.0,https://img.icons8.com/doodle/48/bart-simpson.png
21,1,442,Homer,492.0,https://img.icons8.com/doodle/48/homer-simpson.png
21,1,442,Krusty,73.0,https://img.icons8.com/doodle/48/krusty-the-clown.png
21,1,442,Lenny,36.0,https://static.simpsonswiki.com/images/6/6f/Tapped_Out_Lenny_Icon.png
21,1,442,Lisa,17.0,https://img.icons8.com/doodle/48/lisa-simpson.png
21,1,442,Marge,47.0,https://img.icons8.com/doodle/48/marge-simpson.png
21,1,442,Milhouse,37.0,https://img.icons8.com/doodle/48/milhouse-van-houten.png
21,1,442,Moe,11.0,https://img.icons8.com/doodle/48/bartender-mo.png
21,2,443,Bart,579.0,https://img.icons8.com/doodle/48/bart-simpson.png
21,2,443,Flanders,7.0,https://img.icons8.com/doodle/48/ned-flanders.png
21,2,443,Homer,151.0,https://img.icons8.com/doodle/48/homer-simpson.png
21,2,443,Lisa,19.0,https://img.icons8.com/doodle/48/lisa-simpson.png
21,2,443,Marge,14.0,https://img.icons8.com/doodle/48/marge-simpson.png
21,2,443,Milhouse,132.0,https://img.icons8.com/doodle/48/milhouse-van-houten.png
21,2,443,Moe,22.0,https://img.icons8.com/doodle/48/bartender-mo.png
21,3,444,Bart,194.0,https://img.icons8.com/doodle/48/bart-simpson.png
21,3,444,Homer,330.0,https://img.icons8.com/doodle/48/homer-simpson.png
21,3,444,Krusty,36.0,https://img.icons8.com/doodle/48/krusty-the-clown.png
21,3,444,Lenny,54.0,https://static.simpsonswiki.com/images/6/6f/Tapped_Out_Lenny_Icon.png
21,3,444,Lisa,97.0,https://img.icons8.com/doodle/48/lisa-simpson.png
21,3,444,Marge,473.0,https://img.icons8.com/doodle/48/marge-simpson.png
21,3,444,Milhouse,9.0,https://img.icons8.com/doodle/48/milhouse-van-houten.png
21,3,444,Moe,67.0,https://img.icons8.com/doodle/48/bartender-mo.png
21,3,444,Mr. Burns,46.0,https://img.icons8.com/doodle/48/charles-montgomery-burns.png
21,4,445,Apu,66.0,https://static.simpsonswiki.com/images/0/08/Tapped_Out_Apu_Icon_-_Happy.png
21,4,445,Bart,320.0,https://img.icons8.com/doodle/48/bart-simpson.png
21,4,445,Grampa,12.0,https://img.icons8.com/doodle/48/abraham-simpson.png
21,4,445,Homer,265.0,https://img.icons8.com/doodle/48/homer-simpson.png
21,4,445,Krusty,39.0,https://img.icons8.com/doodle/48/krusty-the-clown.png
21,4,445,Lenny,2.0,https://static.simpsonswiki.com/images/6/6f/Tapped_Out_Lenny_Icon.png
21,4,445,Lisa,290.0,https://img.icons8.com/doodle/48/lisa-simpson.png
21,4,445,Marge,205.0,https://img.icons8.com/doodle/48/marge-simpson.png
21,4,445,Moe,395.0,https://img.icons8.com/doodle/48/bartender-mo.png
21,5,446,Bart,50.0,https://img.icons8.com/doodle/48/bart-simpson.png
21,5,446,Flanders,167.0,https://img.icons8.com/doodle/48/ned-flanders.png
21,5,446,Homer,447.0,https://img.icons8.com/doodle/48/homer-simpson.png
21,5,446,Lenny,34.0,https://static.simpsonswiki.com/images/6/6f/Tapped_Out_Lenny_Icon.png
21,5,446,Lisa,8.0,https://img.icons8.com/doodle/48/lisa-simpson.png
21,5,446,Marge,354.0,https://img.icons8.com/doodle/48/marge-simpson.png
21,5,446,Milhouse,13.0,https://img.icons8.com/doodle/48/milhouse-van-houten.png
21,5,446,Mr. Burns,83.0,https://img.icons8.com/doodle/48/charles-montgomery-burns.png
21,7,448,Bart,144.0,https://img.icons8.com/doodle/48/bart-simpson.png
21,7,448,Chief Wiggum,77.0,https://img.icons8.com/doodle/48/clancy-wiggum.png
21,7,448,Flanders,33.0,https://img.icons8.com/doodle/48/ned-flanders.png
21,7,448,Homer,164.0,https://img.icons8.com/doodle/48/homer-simpson.png
21,7,448,Krusty,17.0,https://img.icons8.com/doodle/48/krusty-the-clown.png
21,7,448,Lenny,8.0,https://static.simpsonswiki.com/images/6/6f/Tapped_Out_Lenny_Icon.png
21,7,448,Lisa,427.0,https://img.icons8.com/doodle/48/lisa-simpson.png
21,7,448,Marge,50.0,https://img.icons8.com/doodle/48/marge-simpson.png
21,7,448,Moe,148.0,https://img.icons8.com/doodle/48/bartender-mo.png
21,8,449,Apu,29.0,https://static.simpsonswiki.com/images/0/08/Tapped_Out_Apu_Icon_-_Happy.png
21,8,449,Bart,805.0,https://img.icons8.com/doodle/48/bart-simpson.png
21,8,449,Chief Wiggum,41.0,https://img.icons8.com/doodle/48/clancy-wiggum.png
21,8,449,Homer,326.0,https://img.icons8.com/doodle/48/homer-simpson.png
21,8,449,Lisa,258.0,https://img.icons8.com/doodle/48/lisa-simpson.png
21,8,449,Marge,171.0,https://img.icons8.com/doodle/48/marge-simpson.png
21,8,449,Milhouse,25.0,https://img.icons8.com/doodle/48/milhouse-van-houten.png
21,9,450,Bart,178.0,https://img.icons8.com/doodle/48/bart-simpson.png
21,9,450,Chief Wiggum,55.0,https://img.icons8.com/doodle/48/clancy-wiggum.png
21,9,450,Flanders,19.0,https://img.icons8.com/doodle/48/ned-flanders.png
21,9,450,Grampa,532.0,https://img.icons8.com/doodle/48/abraham-simpson.png
21,9,450,Homer,575.0,https://img.icons8.com/doodle/48/homer-simpson.png
21,9,450,Lenny,14.0,https://static.simpsonswiki.com/images/6/6f/Tapped_Out_Lenny_Icon.png
21,9,450,Lisa,199.0,https://img.icons8.com/doodle/48/lisa-simpson.png
21,9,450,Marge,120.0,https://img.icons8.com/doodle/48/marge-simpson.png
21,9,450,Milhouse,4.0,https://img.icons8.com/doodle/48/milhouse-van-houten.png
21,9,450,Moe,16.0,https://img.icons8.com/doodle/48/bartender-mo.png
21,9,450,Mr. Burns,38.0,https://img.icons8.com/doodle/48/charles-montgomery-burns.png
21,10,451,Bart,198.0,https://img.icons8.com/doodle/48/bart-simpson.png
21,10,451,Homer,229.0,https://img.icons8.com/doodle/48/homer-simpson.png
21,10,451,Krusty,506.0,https://img.icons8.com/doodle/48/krusty-the-clown.png
21,10,451,Lenny,81.0,https://static.simpsonswiki.com/images/6/6f/Tapped_Out_Lenny_Icon.png
21,10,451,Lisa,77.0,https://img.icons8.com/doodle/48/lisa-simpson.png
21,10,451,Marge,36.0,https://img.icons8.com/doodle/48/marge-simpson.png
21,10,451,Milhouse,78.0,https://img.icons8.com/doodle/48/milhouse-van-houten.png
21,10,451,Moe,32.0,https://img.icons8.com/doodle/48/bartender-mo.png
21,10,451,Mr. Burns,172.0,https://img.icons8.com/doodle/48/charles-montgomery-burns.png
21,11,452,Apu,49.0,https://static.simpsonswiki.com/images/0/08/Tapped_Out_Apu_Icon_-_Happy.png
21,11,452,Bart,296.0,https://img.icons8.com/doodle/48/bart-simpson.png
21,11,452,Chief Wiggum,14.0,https://img.icons8.com/doodle/48/clancy-wiggum.png
21,11,452,Grampa,56.0,https://img.icons8.com/doodle/48/abraham-simpson.png
21,11,452,Homer,823.0,https://img.icons8.com/doodle/48/homer-simpson.png
21,11,452,Krusty,6.0,https://img.icons8.com/doodle/48/krusty-the-clown.png
21,11,452,Lenny,74.0,https://static.simpsonswiki.com/images/6/6f/Tapped_Out_Lenny_Icon.png
21,11,452,Lisa,154.0,https://img.icons8.com/doodle/48/lisa-simpson.png
21,11,452,Marge,277.0,https://img.icons8.com/doodle/48/marge-simpson.png
21,11,452,Milhouse,15.0,https://img.icons8.com/doodle/48/milhouse-van-houten.png
21,11,452,Moe,31.0,https://img.icons8.com/doodle/48/bartender-mo.png
21,11,452,Mr. Burns,35.0,https://img.icons8.com/doodle/48/charles-montgomery-burns.png
21,12,453,Bart,190.0,https://img.icons8.com/doodle/48/bart-simpson.png
21,12,453,Chief Wiggum,13.0,https://img.icons8.com/doodle/48/clancy-wiggum.png
21,12,453,Homer,344.0,https://img.icons8.com/doodle/48/homer-simpson.png
21,12,453,Lenny,31.0,https://static.simpsonswiki.com/images/6/6f/Tapped_Out_Lenny_Icon.png
21,12,453,Lisa,232.0,https://img.icons8.com/doodle/48/lisa-simpson.png
21,12,453,Marge,316.0,https://img.icons8.com/doodle/48/marge-simpson.png
21,12,453,Moe,22.0,https://img.icons8.com/doodle/48/bartender-mo.png
21,12,453,Mr. Burns,56.0,https://img.icons8.com/doodle/48/charles-montgomery-burns.png
21,13,454,Bart,69.0,https://img.icons8.com/doodle/48/bart-simpson.png
21,13,454,Grampa,251.0,https://img.icons8.com/doodle/48/abraham-simpson.png
21,13,454,Homer,218.0,https://img.icons8.com/doodle/48/homer-simpson.png
21,13,454,Lisa,554.0,https://img.icons8.com/doodle/48/lisa-simpson.png
21,13,454,Marge,187.0,https://img.icons8.com/doodle/48/marge-simpson.png
21,13,454,Milhouse,56.0,https://img.icons8.com/doodle/48/milhouse-van-houten.png
21,13,454,Mr. Burns,189.0,https://img.icons8.com/doodle/48/charles-montgomery-burns.png
21,14,455,Apu,16.0,https://static.simpsonswiki.com/images/0/08/Tapped_Out_Apu_Icon_-_Happy.png
21,14,455,Bart,363.0,https://img.icons8.com/doodle/48/bart-simpson.png
21,14,455,Chief Wiggum,11.0,https://img.icons8.com/doodle/48/clancy-wiggum.png
21,14,455,Flanders,58.0,https://img.icons8.com/doodle/48/ned-flanders.png
21,14,455,Homer,571.0,https://img.icons8.com/doodle/48/homer-simpson.png
21,14,455,Lisa,181.0,https://img.icons8.com/doodle/48/lisa-simpson.png
21,14,455,Marge,367.0,https://img.icons8.com/doodle/48/marge-simpson.png
21,14,455,Milhouse,52.0,https://img.icons8.com/doodle/48/milhouse-van-houten.png
21,14,455,Moe,10.0,https://img.icons8.com/doodle/48/bartender-mo.png
21,15,456,Bart,360.0,https://img.icons8.com/doodle/48/bart-simpson.png
21,15,456,Grampa,48.0,https://img.icons8.com/doodle/48/abraham-simpson.png
21,15,456,Homer,147.0,https://img.icons8.com/doodle/48/homer-simpson.png
21,15,456,Lisa,194.0,https://img.icons8.com/doodle/48/lisa-simpson.png
21,15,456,Marge,52.0,https://img.icons8.com/doodle/48/marge-simpson.png
21,15,456,Milhouse,41.0,https://img.icons8.com/doodle/48/milhouse-van-houten.png
21,16,457,Bart,148.0,https://img.icons8.com/doodle/48/bart-simpson.png
21,16,457,Flanders,533.0,https://img.icons8.com/doodle/48/ned-flanders.png
21,16,457,Homer,655.0,https://img.icons8.com/doodle/48/homer-simpson.png
21,16,457,Krusty,41.0,https://img.icons8.com/doodle/48/krusty-the-clown.png
21,16,457,Lisa,93.0,https://img.icons8.com/doodle/48/lisa-simpson.png
21,16,457,Marge,149.0,https://img.icons8.com/doodle/48/marge-simpson.png
21,17,458,Bart,209.0,https://img.icons8.com/doodle/48/bart-simpson.png
21,17,458,Chief Wiggum,36.0,https://img.icons8.com/doodle/48/clancy-wiggum.png
21,17,458,Grampa,11.0,https://img.icons8.com/doodle/48/abraham-simpson.png
21,17,458,Homer,215.0,https://img.icons8.com/doodle/48/homer-simpson.png
21,17,458,Lenny,177.0,https://static.simpsonswiki.com/images/6/6f/Tapped_Out_Lenny_Icon.png
21,17,458,Lisa,157.0,https://img.icons8.com/doodle/48/lisa-simpson.png
21,17,458,Marge,59.0,https://img.icons8.com/doodle/48/marge-simpson.png
21,17,458,Milhouse,5.0,https://img.icons8.com/doodle/48/milhouse-van-houten.png
21,17,458,Moe,79.0,https://img.icons8.com/doodle/48/bartender-mo.png
21,17,458,Mr. Burns,810.0,https://img.icons8.com/doodle/48/charles-montgomery-burns.png
21,18,459,Bart,105.0,https://img.icons8.com/doodle/48/bart-simpson.png
21,18,459,Chief Wiggum,820.0,https://img.icons8.com/doodle/48/clancy-wiggum.png
21,18,459,Flanders,4.0,https://img.icons8.com/doodle/48/ned-flanders.png
21,18,459,Homer,468.0,https://img.icons8.com/doodle/48/homer-simpson.png
21,18,459,Krusty,12.0,https://img.icons8.com/doodle/48/krusty-the-clown.png
21,18,459,Lenny,8.0,https://static.simpsonswiki.com/images/6/6f/Tapped_Out_Lenny_Icon.png
21,18,459,Marge,140.0,https://img.icons8.com/doodle/48/marge-simpson.png
21,18,459,Milhouse,12.0,https://img.icons8.com/doodle/48/milhouse-van-houten.png
21,18,459,Moe,9.0,https://img.icons8.com/doodle/48/bartender-mo.png
21,19,460,Apu,6.0,https://static.simpsonswiki.com/images/0/08/Tapped_Out_Apu_Icon_-_Happy.png
21,19,460,Bart,88.0,https://img.icons8.com/doodle/48/bart-simpson.png
21,19,460,Chief Wiggum,34.0,https://img.icons8.com/doodle/48/clancy-wiggum.png
21,19,460,Flanders,9.0,https://img.icons8.com/doodle/48/ned-flanders.png
21,19,460,Homer,774.0,https://img.icons8.com/doodle/48/homer-simpson.png
21,19,460,Lenny,11.0,https://static.simpsonswiki.com/images/6/6f/Tapped_Out_Lenny_Icon.png
21,19,460,Lisa,424.0,https://img.icons8.com/doodle/48/lisa-simpson.png
21,19,460,Marge,101.0,https://img.icons8.com/doodle/48/marge-simpson.png
21,19,460,Milhouse,19.0,https://img.icons8.com/doodle/48/milhouse-van-houten.png
21,19,460,Moe,15.0,https://img.icons8.com/doodle/48/bartender-mo.png
21,20,461,Bart,68.0,https://img.icons8.com/doodle/48/bart-simpson.png
21,20,461,Chief Wiggum,210.0,https://img.icons8.com/doodle/48/clancy-wiggum.png
21,20,461,Flanders,314.0,https://img.icons8.com/doodle/48/ned-flanders.png
21,20,461,Grampa,5.0,https://img.icons8.com/doodle/48/abraham-simpson.png
21,20,461,Homer,231.0,https://img.icons8.com/doodle/48/homer-simpson.png
21,20,461,Krusty,32.0,https://img.icons8.com/doodle/48/krusty-the-clown.png
21,20,461,Lenny,10.0,https://static.simpsonswiki.com/images/6/6f/Tapped_Out_Lenny_Icon.png
21,20,461,Lisa,304.0,https://img.icons8.com/doodle/48/lisa-simpson.png
21,20,461,Marge,155.0,https://img.icons8.com/doodle/48/marge-simpson.png
21,20,461,Milhouse,12.0,https://img.icons8.com/doodle/48/milhouse-van-houten.png
21,20,461,Moe,15.0,https://img.icons8.com/doodle/48/bartender-mo.png
21,20,461,Mr. Burns,29.0,https://img.icons8.com/doodle/48/charles-montgomery-burns.png
21,21,462,Apu,350.0,https://static.simpsonswiki.com/images/0/08/Tapped_Out_Apu_Icon_-_Happy.png
21,21,462,Bart,53.0,https://img.icons8.com/doodle/48/bart-simpson.png
21,21,462,Flanders,29.0,https://img.icons8.com/doodle/48/ned-flanders.png
21,21,462,Homer,307.0,https://img.icons8.com/doodle/48/homer-simpson.png
21,21,462,Krusty,80.0,https://img.icons8.com/doodle/48/krusty-the-clown.png
21,21,462,Lisa,31.0,https://img.icons8.com/doodle/48/lisa-simpson.png
21,21,462,Marge,147.0,https://img.icons8.com/doodle/48/marge-simpson.png
21,21,462,Milhouse,7.0,https://img.icons8.com/doodle/48/milhouse-van-houten.png
21,21,462,Moe,619.0,https://img.icons8.com/doodle/48/bartender-mo.png
21,22,463,Apu,8.0,https://static.simpsonswiki.com/images/0/08/Tapped_Out_Apu_Icon_-_Happy.png
21,22,463,Bart,349.0,https://img.icons8.com/doodle/48/bart-simpson.png
21,22,463,Chief Wiggum,89.0,https://img.icons8.com/doodle/48/clancy-wiggum.png
21,22,463,Flanders,19.0,https://img.icons8.com/doodle/48/ned-flanders.png
21,22,463,Homer,189.0,https://img.icons8.com/doodle/48/homer-simpson.png
21,22,463,Lenny,9.0,https://static.simpsonswiki.com/images/6/6f/Tapped_Out_Lenny_Icon.png
21,22,463,Lisa,51.0,https://img.icons8.com/doodle/48/lisa-simpson.png
21,22,463,Marge,278.0,https://img.icons8.com/doodle/48/marge-simpson.png
21,22,463,Milhouse,87.0,https://img.icons8.com/doodle/48/milhouse-van-houten.png
21,23,464,Apu,5.0,https://static.simpsonswiki.com/images/0/08/Tapped_Out_Apu_Icon_-_Happy.png
21,23,464,Bart,59.0,https://img.icons8.com/doodle/48/bart-simpson.png
21,23,464,Flanders,44.0,https://img.icons8.com/doodle/48/ned-flanders.png
21,23,464,Grampa,50.0,https://img.icons8.com/doodle/48/abraham-simpson.png
21,23,464,Homer,293.0,https://img.icons8.com/doodle/48/homer-simpson.png
21,23,464,Krusty,47.0,https://img.icons8.com/doodle/48/krusty-the-clown.png
21,23,464,Lenny,4.0,https://static.simpsonswiki.com/images/6/6f/Tapped_Out_Lenny_Icon.png
21,23,464,Lisa,120.0,https://img.icons8.com/doodle/48/lisa-simpson.png
21,23,464,Marge,169.0,https://img.icons8.com/doodle/48/marge-simpson.png
21,23,464,Moe,675.0,https://img.icons8.com/doodle/48/bartender-mo.png
21,23,464,Mr. Burns,6.0,https://img.icons8.com/doodle/48/charles-montgomery-burns.png
22,1,465,Bart,105.0,https://img.icons8.com/doodle/48/bart-simpson.png
22,1,465,Grampa,35.0,https://img.icons8.com/doodle/48/abraham-simpson.png
22,1,465,Homer,90.0,https://img.icons8.com/doodle/48/homer-simpson.png
22,1,465,Krusty,390.0,https://img.icons8.com/doodle/48/krusty-the-clown.png
22,1,465,Lisa,466.0,https://img.icons8.com/doodle/48/lisa-simpson.png
22,1,465,Marge,114.0,https://img.icons8.com/doodle/48/marge-simpson.png
22,1,465,Moe,20.0,https://img.icons8.com/doodle/48/bartender-mo.png
22,2,466,Bart,48.0,https://img.icons8.com/doodle/48/bart-simpson.png
22,2,466,Chief Wiggum,62.0,https://img.icons8.com/doodle/48/clancy-wiggum.png
22,2,466,Grampa,197.0,https://img.icons8.com/doodle/48/abraham-simpson.png
22,2,466,Homer,340.0,https://img.icons8.com/doodle/48/homer-simpson.png
22,2,466,Krusty,13.0,https://img.icons8.com/doodle/48/krusty-the-clown.png
22,2,466,Lenny,29.0,https://static.simpsonswiki.com/images/6/6f/Tapped_Out_Lenny_Icon.png
22,2,466,Lisa,322.0,https://img.icons8.com/doodle/48/lisa-simpson.png
22,2,466,Marge,202.0,https://img.icons8.com/doodle/48/marge-simpson.png
22,2,466,Milhouse,39.0,https://img.icons8.com/doodle/48/milhouse-van-houten.png
22,3,467,Bart,295.0,https://img.icons8.com/doodle/48/bart-simpson.png
22,3,467,Flanders,90.0,https://img.icons8.com/doodle/48/ned-flanders.png
22,3,467,Homer,149.0,https://img.icons8.com/doodle/48/homer-simpson.png
22,3,467,Lenny,23.0,https://static.simpsonswiki.com/images/6/6f/Tapped_Out_Lenny_Icon.png
22,3,467,Lisa,535.0,https://img.icons8.com/doodle/48/lisa-simpson.png
22,3,467,Marge,138.0,https://img.icons8.com/doodle/48/marge-simpson.png
22,3,467,Milhouse,42.0,https://img.icons8.com/doodle/48/milhouse-van-houten.png
22,3,467,Moe,62.0,https://img.icons8.com/doodle/48/bartender-mo.png
22,3,467,Mr. Burns,19.0,https://img.icons8.com/doodle/48/charles-montgomery-burns.png
22,4,468,Apu,1.0,https://static.simpsonswiki.com/images/0/08/Tapped_Out_Apu_Icon_-_Happy.png
22,4,468,Bart,199.0,https://img.icons8.com/doodle/48/bart-simpson.png
22,4,468,Chief Wiggum,34.0,https://img.icons8.com/doodle/48/clancy-wiggum.png
22,4,468,Grampa,9.0,https://img.icons8.com/doodle/48/abraham-simpson.png
22,4,468,Homer,463.0,https://img.icons8.com/doodle/48/homer-simpson.png
22,4,468,Lisa,161.0,https://img.icons8.com/doodle/48/lisa-simpson.png
22,4,468,Marge,232.0,https://img.icons8.com/doodle/48/marge-simpson.png
22,4,468,Milhouse,102.0,https://img.icons8.com/doodle/48/milhouse-van-houten.png
22,4,468,Moe,7.0,https://img.icons8.com/doodle/48/bartender-mo.png
22,5,469,Bart,230.0,https://img.icons8.com/doodle/48/bart-simpson.png
22,5,469,Homer,402.0,https://img.icons8.com/doodle/48/homer-simpson.png
22,5,469,Krusty,59.0,https://img.icons8.com/doodle/48/krusty-the-clown.png
22,5,469,Lisa,527.0,https://img.icons8.com/doodle/48/lisa-simpson.png
22,5,469,Marge,380.0,https://img.icons8.com/doodle/48/marge-simpson.png
22,5,469,Moe,13.0,https://img.icons8.com/doodle/48/bartender-mo.png
22,6,470,Apu,74.0,https://static.simpsonswiki.com/images/0/08/Tapped_Out_Apu_Icon_-_Happy.png
22,6,470,Bart,125.0,https://img.icons8.com/doodle/48/bart-simpson.png
22,6,470,Chief Wiggum,26.0,https://img.icons8.com/doodle/48/clancy-wiggum.png
22,6,470,Flanders,17.0,https://img.icons8.com/doodle/48/ned-flanders.png
22,6,470,Homer,157.0,https://img.icons8.com/doodle/48/homer-simpson.png
22,6,470,Krusty,29.0,https://img.icons8.com/doodle/48/krusty-the-clown.png
22,6,470,Lenny,25.0,https://static.simpsonswiki.com/images/6/6f/Tapped_Out_Lenny_Icon.png
22,6,470,Lisa,201.0,https://img.icons8.com/doodle/48/lisa-simpson.png
22,6,470,Marge,149.0,https://img.icons8.com/doodle/48/marge-simpson.png
22,6,470,Mr. Burns,473.0,https://img.icons8.com/doodle/48/charles-montgomery-burns.png
22,7,471,Bart,378.0,https://img.icons8.com/doodle/48/bart-simpson.png
22,7,471,Flanders,10.0,https://img.icons8.com/doodle/48/ned-flanders.png
22,7,471,Homer,381.0,https://img.icons8.com/doodle/48/homer-simpson.png
22,7,471,Lenny,7.0,https://static.simpsonswiki.com/images/6/6f/Tapped_Out_Lenny_Icon.png
22,7,471,Lisa,230.0,https://img.icons8.com/doodle/48/lisa-simpson.png
22,7,471,Marge,172.0,https://img.icons8.com/doodle/48/marge-simpson.png
22,7,471,Milhouse,46.0,https://img.icons8.com/doodle/48/milhouse-van-houten.png
22,7,471,Moe,73.0,https://img.icons8.com/doodle/48/bartender-mo.png
22,7,471,Mr. Burns,25.0,https://img.icons8.com/doodle/48/charles-montgomery-burns.png
22,8,472,Bart,305.0,https://img.icons8.com/doodle/48/bart-simpson.png
22,8,472,Chief Wiggum,2.0,https://img.icons8.com/doodle/48/clancy-wiggum.png
22,8,472,Flanders,5.0,https://img.icons8.com/doodle/48/ned-flanders.png
22,8,472,Grampa,40.0,https://img.icons8.com/doodle/48/abraham-simpson.png
22,8,472,Homer,271.0,https://img.icons8.com/doodle/48/homer-simpson.png
22,8,472,Lisa,303.0,https://img.icons8.com/doodle/48/lisa-simpson.png
22,8,472,Marge,178.0,https://img.icons8.com/doodle/48/marge-simpson.png
22,8,472,Milhouse,11.0,https://img.icons8.com/doodle/48/milhouse-van-houten.png
22,8,472,Moe,261.0,https://img.icons8.com/doodle/48/bartender-mo.png
22,8,472,Mr. Burns,123.0,https://img.icons8.com/doodle/48/charles-montgomery-burns.png
22,9,473,Bart,70.0,https://img.icons8.com/doodle/48/bart-simpson.png
22,9,473,Chief Wiggum,161.0,https://img.icons8.com/doodle/48/clancy-wiggum.png
22,9,473,Homer,749.0,https://img.icons8.com/doodle/48/homer-simpson.png
22,9,473,Krusty,15.0,https://img.icons8.com/doodle/48/krusty-the-clown.png
22,9,473,Lenny,22.0,https://static.simpsonswiki.com/images/6/6f/Tapped_Out_Lenny_Icon.png
22,9,473,Lisa,29.0,https://img.icons8.com/doodle/48/lisa-simpson.png
22,9,473,Marge,82.0,https://img.icons8.com/doodle/48/marge-simpson.png
22,9,473,Moe,150.0,https://img.icons8.com/doodle/48/bartender-mo.png
22,9,473,Mr. Burns,9.0,https://img.icons8.com/doodle/48/charles-montgomery-burns.png
22,10,474,Bart,359.0,https://img.icons8.com/doodle/48/bart-simpson.png
22,10,474,Flanders,10.0,https://img.icons8.com/doodle/48/ned-flanders.png
22,10,474,Homer,190.0,https://img.icons8.com/doodle/48/homer-simpson.png
22,10,474,Lisa,57.0,https://img.icons8.com/doodle/48/lisa-simpson.png
22,10,474,Marge,363.0,https://img.icons8.com/doodle/48/marge-simpson.png
22,10,474,Milhouse,78.0,https://img.icons8.com/doodle/48/milhouse-van-houten.png
22,10,474,Moe,27.0,https://img.icons8.com/doodle/48/bartender-mo.png
22,11,475,Bart,111.0,https://img.icons8.com/doodle/48/bart-simpson.png
22,11,475,Grampa,4.0,https://img.icons8.com/doodle/48/abraham-simpson.png
22,11,475,Homer,69.0,https://img.icons8.com/doodle/48/homer-simpson.png
22,11,475,Lenny,59.0,https://static.simpsonswiki.com/images/6/6f/Tapped_Out_Lenny_Icon.png
22,11,475,Lisa,8.0,https://img.icons8.com/doodle/48/lisa-simpson.png
22,11,475,Marge,45.0,https://img.icons8.com/doodle/48/marge-simpson.png
22,11,475,Milhouse,3.0,https://img.icons8.com/doodle/48/milhouse-van-houten.png
22,11,475,Moe,711.0,https://img.icons8.com/doodle/48/bartender-mo.png
22,11,475,Mr. Burns,188.0,https://img.icons8.com/doodle/48/charles-montgomery-burns.png
22,12,476,Apu,63.0,https://static.simpsonswiki.com/images/0/08/Tapped_Out_Apu_Icon_-_Happy.png
22,12,476,Bart,426.0,https://img.icons8.com/doodle/48/bart-simpson.png
22,12,476,Flanders,5.0,https://img.icons8.com/doodle/48/ned-flanders.png
22,12,476,Homer,558.0,https://img.icons8.com/doodle/48/homer-simpson.png
22,12,476,Lisa,41.0,https://img.icons8.com/doodle/48/lisa-simpson.png
22,12,476,Marge,84.0,https://img.icons8.com/doodle/48/marge-simpson.png
22,12,476,Milhouse,24.0,https://img.icons8.com/doodle/48/milhouse-van-houten.png
22,13,477,Bart,74.0,https://img.icons8.com/doodle/48/bart-simpson.png
22,13,477,Flanders,6.0,https://img.icons8.com/doodle/48/ned-flanders.png
22,13,477,Homer,355.0,https://img.icons8.com/doodle/48/homer-simpson.png
22,13,477,Lenny,61.0,https://static.simpsonswiki.com/images/6/6f/Tapped_Out_Lenny_Icon.png
22,13,477,Lisa,96.0,https://img.icons8.com/doodle/48/lisa-simpson.png
22,13,477,Marge,320.0,https://img.icons8.com/doodle/48/marge-simpson.png
22,13,477,Milhouse,47.0,https://img.icons8.com/doodle/48/milhouse-van-houten.png
22,13,477,Moe,221.0,https://img.icons8.com/doodle/48/bartender-mo.png
22,13,477,Mr. Burns,55.0,https://img.icons8.com/doodle/48/charles-montgomery-burns.png
22,14,478,Bart,372.0,https://img.icons8.com/doodle/48/bart-simpson.png
22,14,478,Homer,411.0,https://img.icons8.com/doodle/48/homer-simpson.png
22,14,478,Lenny,1.0,https://static.simpsonswiki.com/images/6/6f/Tapped_Out_Lenny_Icon.png
22,14,478,Lisa,131.0,https://img.icons8.com/doodle/48/lisa-simpson.png
22,14,478,Marge,48.0,https://img.icons8.com/doodle/48/marge-simpson.png
22,15,479,Bart,129.0,https://img.icons8.com/doodle/48/bart-simpson.png
22,15,479,Grampa,502.0,https://img.icons8.com/doodle/48/abraham-simpson.png
22,15,479,Homer,278.0,https://img.icons8.com/doodle/48/homer-simpson.png
22,15,479,Lenny,27.0,https://static.simpsonswiki.com/images/6/6f/Tapped_Out_Lenny_Icon.png
22,15,479,Lisa,250.0,https://img.icons8.com/doodle/48/lisa-simpson.png
22,15,479,Marge,75.0,https://img.icons8.com/doodle/48/marge-simpson.png
22,15,479,Milhouse,14.0,https://img.icons8.com/doodle/48/milhouse-van-houten.png
22,15,479,Moe,17.0,https://img.icons8.com/doodle/48/bartender-mo.png
22,15,479,Mr. Burns,10.0,https://img.icons8.com/doodle/48/charles-montgomery-burns.png
22,16,480,Bart,95.0,https://img.icons8.com/doodle/48/bart-simpson.png
22,16,480,Chief Wiggum,26.0,https://img.icons8.com/doodle/48/clancy-wiggum.png
22,16,480,Grampa,18.0,https://img.icons8.com/doodle/48/abraham-simpson.png
22,16,480,Homer,495.0,https://img.icons8.com/doodle/48/homer-simpson.png
22,16,480,Krusty,48.0,https://img.icons8.com/doodle/48/krusty-the-clown.png
22,16,480,Lenny,20.0,https://static.simpsonswiki.com/images/6/6f/Tapped_Out_Lenny_Icon.png
22,16,480,Lisa,117.0,https://img.icons8.com/doodle/48/lisa-simpson.png
22,16,480,Marge,238.0,https://img.icons8.com/doodle/48/marge-simpson.png
22,16,480,Moe,10.0,https://img.icons8.com/doodle/48/bartender-mo.png
22,16,480,Mr. Burns,8.0,https://img.icons8.com/doodle/48/charles-montgomery-burns.png
22,17,481,Bart,254.0,https://img.icons8.com/doodle/48/bart-simpson.png
22,17,481,Grampa,19.0,https://img.icons8.com/doodle/48/abraham-simpson.png
22,17,481,Homer,617.0,https://img.icons8.com/doodle/48/homer-simpson.png
22,17,481,Lenny,26.0,https://static.simpsonswiki.com/images/6/6f/Tapped_Out_Lenny_Icon.png
22,17,481,Lisa,30.0,https://img.icons8.com/doodle/48/lisa-simpson.png
22,17,481,Marge,293.0,https://img.icons8.com/doodle/48/marge-simpson.png
22,17,481,Moe,55.0,https://img.icons8.com/doodle/48/bartender-mo.png
22,17,481,Mr. Burns,68.0,https://img.icons8.com/doodle/48/charles-montgomery-burns.png
22,18,482,Bart,117.0,https://img.icons8.com/doodle/48/bart-simpson.png
22,18,482,Chief Wiggum,39.0,https://img.icons8.com/doodle/48/clancy-wiggum.png
22,18,482,Flanders,20.0,https://img.icons8.com/doodle/48/ned-flanders.png
22,18,482,Grampa,66.0,https://img.icons8.com/doodle/48/abraham-simpson.png
22,18,482,Homer,212.0,https://img.icons8.com/doodle/48/homer-simpson.png
22,18,482,Lisa,449.0,https://img.icons8.com/doodle/48/lisa-simpson.png
22,18,482,Marge,71.0,https://img.icons8.com/doodle/48/marge-simpson.png
22,18,482,Milhouse,2.0,https://img.icons8.com/doodle/48/milhouse-van-houten.png
22,19,483,Bart,240.0,https://img.icons8.com/doodle/48/bart-simpson.png
22,19,483,Chief Wiggum,12.0,https://img.icons8.com/doodle/48/clancy-wiggum.png
22,19,483,Homer,401.0,https://img.icons8.com/doodle/48/homer-simpson.png
22,19,483,Krusty,7.0,https://img.icons8.com/doodle/48/krusty-the-clown.png
22,19,483,Lisa,173.0,https://img.icons8.com/doodle/48/lisa-simpson.png
22,19,483,Marge,241.0,https://img.icons8.com/doodle/48/marge-simpson.png
22,20,484,Bart,125.0,https://img.icons8.com/doodle/48/bart-simpson.png
22,20,484,Chief Wiggum,44.0,https://img.icons8.com/doodle/48/clancy-wiggum.png
22,20,484,Flanders,18.0,https://img.icons8.com/doodle/48/ned-flanders.png
22,20,484,Grampa,18.0,https://img.icons8.com/doodle/48/abraham-simpson.png
22,20,484,Homer,523.0,https://img.icons8.com/doodle/48/homer-simpson.png
22,20,484,Lenny,21.0,https://static.simpsonswiki.com/images/6/6f/Tapped_Out_Lenny_Icon.png
22,20,484,Lisa,238.0,https://img.icons8.com/doodle/48/lisa-simpson.png
22,20,484,Marge,135.0,https://img.icons8.com/doodle/48/marge-simpson.png
22,20,484,Milhouse,392.0,https://img.icons8.com/doodle/48/milhouse-van-houten.png
22,20,484,Moe,16.0,https://img.icons8.com/doodle/48/bartender-mo.png
22,21,485,Bart,172.0,https://img.icons8.com/doodle/48/bart-simpson.png
22,21,485,Chief Wiggum,62.0,https://img.icons8.com/doodle/48/clancy-wiggum.png
22,21,485,Flanders,41.0,https://img.icons8.com/doodle/48/ned-flanders.png
22,21,485,Homer,349.0,https://img.icons8.com/doodle/48/homer-simpson.png
22,21,485,Lisa,385.0,https://img.icons8.com/doodle/48/lisa-simpson.png
22,21,485,Marge,152.0,https://img.icons8.com/doodle/48/marge-simpson.png
22,21,485,Milhouse,3.0,https://img.icons8.com/doodle/48/milhouse-van-houten.png
22,22,486,Bart,185.0,https://img.icons8.com/doodle/48/bart-simpson.png
22,22,486,Flanders,684.0,https://img.icons8.com/doodle/48/ned-flanders.png
22,22,486,Homer,466.0,https://img.icons8.com/doodle/48/homer-simpson.png
22,22,486,Lenny,7.0,https://static.simpsonswiki.com/images/6/6f/Tapped_Out_Lenny_Icon.png
22,22,486,Lisa,34.0,https://img.icons8.com/doodle/48/lisa-simpson.png
22,22,486,Marge,135.0,https://img.icons8.com/doodle/48/marge-simpson.png
22,22,486,Milhouse,10.0,https://img.icons8.com/doodle/48/milhouse-van-houten.png
22,22,486,Moe,40.0,https://img.icons8.com/doodle/48/bartender-mo.png
22,22,486,Mr. Burns,3.0,https://img.icons8.com/doodle/48/charles-montgomery-burns.png
23,1,487,Bart,59.0,https://img.icons8.com/doodle/48/bart-simpson.png
23,1,487,Flanders,59.0,https://img.icons8.com/doodle/48/ned-flanders.png
23,1,487,Grampa,37.0,https://img.icons8.com/doodle/48/abraham-simpson.png
23,1,487,Homer,567.0,https://img.icons8.com/doodle/48/homer-simpson.png
23,1,487,Lenny,28.0,https://static.simpsonswiki.com/images/6/6f/Tapped_Out_Lenny_Icon.png
23,1,487,Lisa,11.0,https://img.icons8.com/doodle/48/lisa-simpson.png
23,1,487,Marge,174.0,https://img.icons8.com/doodle/48/marge-simpson.png
23,1,487,Moe,78.0,https://img.icons8.com/doodle/48/bartender-mo.png
23,1,487,Mr. Burns,35.0,https://img.icons8.com/doodle/48/charles-montgomery-burns.png
23,2,488,Bart,538.0,https://img.icons8.com/doodle/48/bart-simpson.png
23,2,488,Chief Wiggum,50.0,https://img.icons8.com/doodle/48/clancy-wiggum.png
23,2,488,Grampa,42.0,https://img.icons8.com/doodle/48/abraham-simpson.png
23,2,488,Homer,203.0,https://img.icons8.com/doodle/48/homer-simpson.png
23,2,488,Lisa,65.0,https://img.icons8.com/doodle/48/lisa-simpson.png
23,2,488,Marge,57.0,https://img.icons8.com/doodle/48/marge-simpson.png
23,2,488,Milhouse,35.0,https://img.icons8.com/doodle/48/milhouse-van-houten.png
23,3,489,Bart,264.0,https://img.icons8.com/doodle/48/bart-simpson.png
23,3,489,Chief Wiggum,13.0,https://img.icons8.com/doodle/48/clancy-wiggum.png
23,3,489,Flanders,194.0,https://img.icons8.com/doodle/48/ned-flanders.png
23,3,489,Grampa,7.0,https://img.icons8.com/doodle/48/abraham-simpson.png
23,3,489,Homer,312.0,https://img.icons8.com/doodle/48/homer-simpson.png
23,3,489,Krusty,36.0,https://img.icons8.com/doodle/48/krusty-the-clown.png
23,3,489,Lisa,258.0,https://img.icons8.com/doodle/48/lisa-simpson.png
23,3,489,Marge,91.0,https://img.icons8.com/doodle/48/marge-simpson.png
23,3,489,Milhouse,37.0,https://img.icons8.com/doodle/48/milhouse-van-houten.png
23,3,489,Moe,24.0,https://img.icons8.com/doodle/48/bartender-mo.png
23,4,490,Bart,201.0,https://img.icons8.com/doodle/48/bart-simpson.png
23,4,490,Chief Wiggum,40.0,https://img.icons8.com/doodle/48/clancy-wiggum.png
23,4,490,Flanders,142.0,https://img.icons8.com/doodle/48/ned-flanders.png
23,4,490,Grampa,67.0,https://img.icons8.com/doodle/48/abraham-simpson.png
23,4,490,Homer,524.0,https://img.icons8.com/doodle/48/homer-simpson.png
23,4,490,Lenny,31.0,https://static.simpsonswiki.com/images/6/6f/Tapped_Out_Lenny_Icon.png
23,4,490,Lisa,101.0,https://img.icons8.com/doodle/48/lisa-simpson.png
23,4,490,Marge,38.0,https://img.icons8.com/doodle/48/marge-simpson.png
23,4,490,Milhouse,46.0,https://img.icons8.com/doodle/48/milhouse-van-houten.png
23,4,490,Moe,23.0,https://img.icons8.com/doodle/48/bartender-mo.png
23,4,490,Mr. Burns,59.0,https://img.icons8.com/doodle/48/charles-montgomery-burns.png
23,5,491,Bart,220.0,https://img.icons8.com/doodle/48/bart-simpson.png
23,5,491,Chief Wiggum,26.0,https://img.icons8.com/doodle/48/clancy-wiggum.png
23,5,491,Flanders,31.0,https://img.icons8.com/doodle/48/ned-flanders.png
23,5,491,Homer,646.0,https://img.icons8.com/doodle/48/homer-simpson.png
23,5,491,Krusty,31.0,https://img.icons8.com/doodle/48/krusty-the-clown.png
23,5,491,Lisa,196.0,https://img.icons8.com/doodle/48/lisa-simpson.png
23,5,491,Marge,568.0,https://img.icons8.com/doodle/48/marge-simpson.png
23,6,492,Apu,8.0,https://static.simpsonswiki.com/images/0/08/Tapped_Out_Apu_Icon_-_Happy.png
23,6,492,Bart,425.0,https://img.icons8.com/doodle/48/bart-simpson.png
23,6,492,Homer,420.0,https://img.icons8.com/doodle/48/homer-simpson.png
23,6,492,Lenny,18.0,https://static.simpsonswiki.com/images/6/6f/Tapped_Out_Lenny_Icon.png
23,6,492,Lisa,640.0,https://img.icons8.com/doodle/48/lisa-simpson.png
23,6,492,Marge,66.0,https://img.icons8.com/doodle/48/marge-simpson.png
23,6,492,Milhouse,5.0,https://img.icons8.com/doodle/48/milhouse-van-houten.png
23,6,492,Moe,181.0,https://img.icons8.com/doodle/48/bartender-mo.png
23,7,493,Bart,192.0,https://img.icons8.com/doodle/48/bart-simpson.png
23,7,493,Flanders,2.0,https://img.icons8.com/doodle/48/ned-flanders.png
23,7,493,Homer,677.0,https://img.icons8.com/doodle/48/homer-simpson.png
23,7,493,Krusty,144.0,https://img.icons8.com/doodle/48/krusty-the-clown.png
23,7,493,Lenny,13.0,https://static.simpsonswiki.com/images/6/6f/Tapped_Out_Lenny_Icon.png
23,7,493,Lisa,98.0,https://img.icons8.com/doodle/48/lisa-simpson.png
23,7,493,Marge,235.0,https://img.icons8.com/doodle/48/marge-simpson.png
23,7,493,Milhouse,18.0,https://img.icons8.com/doodle/48/milhouse-van-houten.png
23,7,493,Mr. Burns,296.0,https://img.icons8.com/doodle/48/charles-montgomery-burns.png
23,8,494,Bart,83.0,https://img.icons8.com/doodle/48/bart-simpson.png
23,8,494,Homer,147.0,https://img.icons8.com/doodle/48/homer-simpson.png
23,8,494,Krusty,915.0,https://img.icons8.com/doodle/48/krusty-the-clown.png
23,8,494,Lisa,124.0,https://img.icons8.com/doodle/48/lisa-simpson.png
23,8,494,Marge,92.0,https://img.icons8.com/doodle/48/marge-simpson.png
23,8,494,Moe,31.0,https://img.icons8.com/doodle/48/bartender-mo.png
23,9,495,Apu,36.0,https://static.simpsonswiki.com/images/0/08/Tapped_Out_Apu_Icon_-_Happy.png
23,9,495,Bart,428.0,https://img.icons8.com/doodle/48/bart-simpson.png
23,9,495,Flanders,16.0,https://img.icons8.com/doodle/48/ned-flanders.png
23,9,495,Grampa,92.0,https://img.icons8.com/doodle/48/abraham-simpson.png
23,9,495,Homer,295.0,https://img.icons8.com/doodle/48/homer-simpson.png
23,9,495,Krusty,31.0,https://img.icons8.com/doodle/48/krusty-the-clown.png
23,9,495,Lenny,29.0,https://static.simpsonswiki.com/images/6/6f/Tapped_Out_Lenny_Icon.png
23,9,495,Lisa,363.0,https://img.icons8.com/doodle/48/lisa-simpson.png
23,9,495,Marge,194.0,https://img.icons8.com/doodle/48/marge-simpson.png
23,9,495,Milhouse,88.0,https://img.icons8.com/doodle/48/milhouse-van-houten.png
23,9,495,Moe,16.0,https://img.icons8.com/doodle/48/bartender-mo.png
23,9,495,Mr. Burns,3.0,https://img.icons8.com/doodle/48/charles-montgomery-burns.png
23,10,496,Apu,22.0,https://static.simpsonswiki.com/images/0/08/Tapped_Out_Apu_Icon_-_Happy.png
23,10,496,Bart,105.0,https://img.icons8.com/doodle/48/bart-simpson.png
23,10,496,Flanders,36.0,https://img.icons8.com/doodle/48/ned-flanders.png
23,10,496,Homer,1307.0,https://img.icons8.com/doodle/48/homer-simpson.png
23,10,496,Lenny,14.0,https://static.simpsonswiki.com/images/6/6f/Tapped_Out_Lenny_Icon.png
23,10,496,Lisa,172.0,https://img.icons8.com/doodle/48/lisa-simpson.png
23,10,496,Marge,166.0,https://img.icons8.com/doodle/48/marge-simpson.png
23,10,496,Moe,8.0,https://img.icons8.com/doodle/48/bartender-mo.png
23,10,496,Mr. Burns,22.0,https://img.icons8.com/doodle/48/charles-montgomery-burns.png
23,11,497,Bart,101.0,https://img.icons8.com/doodle/48/bart-simpson.png
23,11,497,Grampa,23.0,https://img.icons8.com/doodle/48/abraham-simpson.png
23,11,497,Homer,375.0,https://img.icons8.com/doodle/48/homer-simpson.png
23,11,497,Lenny,148.0,https://static.simpsonswiki.com/images/6/6f/Tapped_Out_Lenny_Icon.png
23,11,497,Lisa,376.0,https://img.icons8.com/doodle/48/lisa-simpson.png
23,11,497,Marge,132.0,https://img.icons8.com/doodle/48/marge-simpson.png
23,11,497,Milhouse,19.0,https://img.icons8.com/doodle/48/milhouse-van-houten.png
23,12,498,Bart,211.0,https://img.icons8.com/doodle/48/bart-simpson.png
23,12,498,Chief Wiggum,79.0,https://img.icons8.com/doodle/48/clancy-wiggum.png
23,12,498,Flanders,10.0,https://img.icons8.com/doodle/48/ned-flanders.png
23,12,498,Homer,73.0,https://img.icons8.com/doodle/48/homer-simpson.png
23,12,498,Lenny,58.0,https://static.simpsonswiki.com/images/6/6f/Tapped_Out_Lenny_Icon.png
23,12,498,Lisa,46.0,https://img.icons8.com/doodle/48/lisa-simpson.png
23,12,498,Marge,64.0,https://img.icons8.com/doodle/48/marge-simpson.png
23,12,498,Milhouse,126.0,https://img.icons8.com/doodle/48/milhouse-van-houten.png
23,12,498,Moe,170.0,https://img.icons8.com/doodle/48/bartender-mo.png
23,13,499,Bart,219.0,https://img.icons8.com/doodle/48/bart-simpson.png
23,13,499,Chief Wiggum,26.0,https://img.icons8.com/doodle/48/clancy-wiggum.png
23,13,499,Grampa,132.0,https://img.icons8.com/doodle/48/abraham-simpson.png
23,13,499,Homer,168.0,https://img.icons8.com/doodle/48/homer-simpson.png
23,13,499,Lisa,296.0,https://img.icons8.com/doodle/48/lisa-simpson.png
23,13,499,Marge,292.0,https://img.icons8.com/doodle/48/marge-simpson.png
23,13,499,Milhouse,104.0,https://img.icons8.com/doodle/48/milhouse-van-houten.png
23,13,499,Moe,18.0,https://img.icons8.com/doodle/48/bartender-mo.png
23,14,500,Bart,96.0,https://img.icons8.com/doodle/48/bart-simpson.png
23,14,500,Chief Wiggum,113.0,https://img.icons8.com/doodle/48/clancy-wiggum.png
23,14,500,Flanders,40.0,https://img.icons8.com/doodle/48/ned-flanders.png
23,14,500,Grampa,10.0,https://img.icons8.com/doodle/48/abraham-simpson.png
23,14,500,Homer,572.0,https://img.icons8.com/doodle/48/homer-simpson.png
23,14,500,Krusty,5.0,https://img.icons8.com/doodle/48/krusty-the-clown.png
23,14,500,Lenny,53.0,https://static.simpsonswiki.com/images/6/6f/Tapped_Out_Lenny_Icon.png
23,14,500,Lisa,159.0,https://img.icons8.com/doodle/48/lisa-simpson.png
23,14,500,Marge,311.0,https://img.icons8.com/doodle/48/marge-simpson.png
23,14,500,Moe,36.0,https://img.icons8.com/doodle/48/bartender-mo.png
23,14,500,Mr. Burns,16.0,https://img.icons8.com/doodle/48/charles-montgomery-burns.png
23,15,501,Apu,168.0,https://static.simpsonswiki.com/images/0/08/Tapped_Out_Apu_Icon_-_Happy.png
23,15,501,Bart,418.0,https://img.icons8.com/doodle/48/bart-simpson.png
23,15,501,Chief Wiggum,187.0,https://img.icons8.com/doodle/48/clancy-wiggum.png
23,15,501,Grampa,14.0,https://img.icons8.com/doodle/48/abraham-simpson.png
23,15,501,Homer,633.0,https://img.icons8.com/doodle/48/homer-simpson.png
23,15,501,Lenny,10.0,https://static.simpsonswiki.com/images/6/6f/Tapped_Out_Lenny_Icon.png
23,15,501,Lisa,111.0,https://img.icons8.com/doodle/48/lisa-simpson.png
23,15,501,Marge,126.0,https://img.icons8.com/doodle/48/marge-simpson.png
23,15,501,Milhouse,74.0,https://img.icons8.com/doodle/48/milhouse-van-houten.png
23,15,501,Moe,36.0,https://img.icons8.com/doodle/48/bartender-mo.png
23,15,501,Mr. Burns,14.0,https://img.icons8.com/doodle/48/charles-montgomery-burns.png
23,16,502,Apu,47.0,https://static.simpsonswiki.com/images/0/08/Tapped_Out_Apu_Icon_-_Happy.png
23,16,502,Bart,118.0,https://img.icons8.com/doodle/48/bart-simpson.png
23,16,502,Chief Wiggum,19.0,https://img.icons8.com/doodle/48/clancy-wiggum.png
23,16,502,Flanders,8.0,https://img.icons8.com/doodle/48/ned-flanders.png
23,16,502,Grampa,76.0,https://img.icons8.com/doodle/48/abraham-simpson.png
23,16,502,Homer,793.0,https://img.icons8.com/doodle/48/homer-simpson.png
23,16,502,Lenny,49.0,https://static.simpsonswiki.com/images/6/6f/Tapped_Out_Lenny_Icon.png
23,16,502,Lisa,58.0,https://img.icons8.com/doodle/48/lisa-simpson.png
23,16,502,Marge,203.0,https://img.icons8.com/doodle/48/marge-simpson.png
23,16,502,Moe,23.0,https://img.icons8.com/doodle/48/bartender-mo.png
23,16,502,Mr. Burns,123.0,https://img.icons8.com/doodle/48/charles-montgomery-burns.png
23,17,503,Bart,51.0,https://img.icons8.com/doodle/48/bart-simpson.png
23,17,503,Flanders,26.0,https://img.icons8.com/doodle/48/ned-flanders.png
23,17,503,Grampa,19.0,https://img.icons8.com/doodle/48/abraham-simpson.png
23,17,503,Homer,906.0,https://img.icons8.com/doodle/48/homer-simpson.png
23,17,503,Lenny,106.0,https://static.simpsonswiki.com/images/6/6f/Tapped_Out_Lenny_Icon.png
23,17,503,Lisa,41.0,https://img.icons8.com/doodle/48/lisa-simpson.png
23,17,503,Marge,88.0,https://img.icons8.com/doodle/48/marge-simpson.png
23,17,503,Milhouse,9.0,https://img.icons8.com/doodle/48/milhouse-van-houten.png
23,17,503,Moe,95.0,https://img.icons8.com/doodle/48/bartender-mo.png
23,17,503,Mr. Burns,323.0,https://img.icons8.com/doodle/48/charles-montgomery-burns.png
23,18,504,Bart,314.0,https://img.icons8.com/doodle/48/bart-simpson.png
23,18,504,Chief Wiggum,4.0,https://img.icons8.com/doodle/48/clancy-wiggum.png
23,18,504,Grampa,36.0,https://img.icons8.com/doodle/48/abraham-simpson.png
23,18,504,Homer,445.0,https://img.icons8.com/doodle/48/homer-simpson.png
23,18,504,Lenny,31.0,https://static.simpsonswiki.com/images/6/6f/Tapped_Out_Lenny_Icon.png
23,18,504,Lisa,101.0,https://img.icons8.com/doodle/48/lisa-simpson.png
23,18,504,Marge,231.0,https://img.icons8.com/doodle/48/marge-simpson.png
23,18,504,Milhouse,8.0,https://img.icons8.com/doodle/48/milhouse-van-houten.png
23,18,504,Moe,12.0,https://img.icons8.com/doodle/48/bartender-mo.png
23,19,505,Bart,638.0,https://img.icons8.com/doodle/48/bart-simpson.png
23,19,505,Homer,334.0,https://img.icons8.com/doodle/48/homer-simpson.png
23,19,505,Lisa,249.0,https://img.icons8.com/doodle/48/lisa-simpson.png
23,19,505,Marge,273.0,https://img.icons8.com/doodle/48/marge-simpson.png
23,19,505,Milhouse,10.0,https://img.icons8.com/doodle/48/milhouse-van-houten.png
23,19,505,Moe,11.0,https://img.icons8.com/doodle/48/bartender-mo.png
23,20,506,Bart,65.0,https://img.icons8.com/doodle/48/bart-simpson.png
23,20,506,Chief Wiggum,11.0,https://img.icons8.com/doodle/48/clancy-wiggum.png
23,20,506,Grampa,11.0,https://img.icons8.com/doodle/48/abraham-simpson.png
23,20,506,Homer,635.0,https://img.icons8.com/doodle/48/homer-simpson.png
23,20,506,Krusty,94.0,https://img.icons8.com/doodle/48/krusty-the-clown.png
23,20,506,Lenny,113.0,https://static.simpsonswiki.com/images/6/6f/Tapped_Out_Lenny_Icon.png
23,20,506,Lisa,83.0,https://img.icons8.com/doodle/48/lisa-simpson.png
23,20,506,Marge,185.0,https://img.icons8.com/doodle/48/marge-simpson.png
23,20,506,Milhouse,9.0,https://img.icons8.com/doodle/48/milhouse-van-houten.png
23,20,506,Moe,41.0,https://img.icons8.com/doodle/48/bartender-mo.png
23,20,506,Mr. Burns,70.0,https://img.icons8.com/doodle/48/charles-montgomery-burns.png
23,21,507,Bart,147.0,https://img.icons8.com/doodle/48/bart-simpson.png
23,21,507,Chief Wiggum,45.0,https://img.icons8.com/doodle/48/clancy-wiggum.png
23,21,507,Flanders,690.0,https://img.icons8.com/doodle/48/ned-flanders.png
23,21,507,Grampa,2.0,https://img.icons8.com/doodle/48/abraham-simpson.png
23,21,507,Homer,424.0,https://img.icons8.com/doodle/48/homer-simpson.png
23,21,507,Krusty,2.0,https://img.icons8.com/doodle/48/krusty-the-clown.png
23,21,507,Lenny,36.0,https://static.simpsonswiki.com/images/6/6f/Tapped_Out_Lenny_Icon.png
23,21,507,Lisa,136.0,https://img.icons8.com/doodle/48/lisa-simpson.png
23,21,507,Marge,228.0,https://img.icons8.com/doodle/48/marge-simpson.png
23,21,507,Milhouse,21.0,https://img.icons8.com/doodle/48/milhouse-van-houten.png
23,21,507,Moe,30.0,https://img.icons8.com/doodle/48/bartender-mo.png
23,22,508,Bart,137.0,https://img.icons8.com/doodle/48/bart-simpson.png
23,22,508,Chief Wiggum,24.0,https://img.icons8.com/doodle/48/clancy-wiggum.png
23,22,508,Flanders,75.0,https://img.icons8.com/doodle/48/ned-flanders.png
23,22,508,Grampa,7.0,https://img.icons8.com/doodle/48/abraham-simpson.png
23,22,508,Homer,286.0,https://img.icons8.com/doodle/48/homer-simpson.png
23,22,508,Lenny,10.0,https://static.simpsonswiki.com/images/6/6f/Tapped_Out_Lenny_Icon.png
23,22,508,Lisa,551.0,https://img.icons8.com/doodle/48/lisa-simpson.png
23,22,508,Marge,134.0,https://img.icons8.com/doodle/48/marge-simpson.png
23,22,508,Milhouse,77.0,https://img.icons8.com/doodle/48/milhouse-van-houten.png
23,22,508,Moe,36.0,https://img.icons8.com/doodle/48/bartender-mo.png
24,1,509,Bart,514.0,https://img.icons8.com/doodle/48/bart-simpson.png
24,1,509,Chief Wiggum,10.0,https://img.icons8.com/doodle/48/clancy-wiggum.png
24,1,509,Flanders,6.0,https://img.icons8.com/doodle/48/ned-flanders.png
24,1,509,Homer,466.0,https://img.icons8.com/doodle/48/homer-simpson.png
24,1,509,Lisa,210.0,https://img.icons8.com/doodle/48/lisa-simpson.png
24,1,509,Marge,132.0,https://img.icons8.com/doodle/48/marge-simpson.png
24,1,509,Milhouse,64.0,https://img.icons8.com/doodle/48/milhouse-van-houten.png
24,1,509,Moe,30.0,https://img.icons8.com/doodle/48/bartender-mo.png
24,1,509,Mr. Burns,11.0,https://img.icons8.com/doodle/48/charles-montgomery-burns.png
24,2,510,Bart,188.0,https://img.icons8.com/doodle/48/bart-simpson.png
24,2,510,Chief Wiggum,44.0,https://img.icons8.com/doodle/48/clancy-wiggum.png
24,2,510,Flanders,5.0,https://img.icons8.com/doodle/48/ned-flanders.png
24,2,510,Homer,544.0,https://img.icons8.com/doodle/48/homer-simpson.png
24,2,510,Lenny,8.0,https://static.simpsonswiki.com/images/6/6f/Tapped_Out_Lenny_Icon.png
24,2,510,Lisa,187.0,https://img.icons8.com/doodle/48/lisa-simpson.png
24,2,510,Marge,224.0,https://img.icons8.com/doodle/48/marge-simpson.png
24,2,510,Milhouse,8.0,https://img.icons8.com/doodle/48/milhouse-van-houten.png
24,3,511,Bart,216.0,https://img.icons8.com/doodle/48/bart-simpson.png
24,3,511,Chief Wiggum,31.0,https://img.icons8.com/doodle/48/clancy-wiggum.png
24,3,511,Homer,699.0,https://img.icons8.com/doodle/48/homer-simpson.png
24,3,511,Lenny,9.0,https://static.simpsonswiki.com/images/6/6f/Tapped_Out_Lenny_Icon.png
24,3,511,Lisa,86.0,https://img.icons8.com/doodle/48/lisa-simpson.png
24,3,511,Marge,603.0,https://img.icons8.com/doodle/48/marge-simpson.png
24,3,511,Milhouse,105.0,https://img.icons8.com/doodle/48/milhouse-van-houten.png
24,3,511,Moe,62.0,https://img.icons8.com/doodle/48/bartender-mo.png
24,4,512,Bart,147.0,https://img.icons8.com/doodle/48/bart-simpson.png
24,4,512,Flanders,7.0,https://img.icons8.com/doodle/48/ned-flanders.png
24,4,512,Grampa,319.0,https://img.icons8.com/doodle/48/abraham-simpson.png
24,4,512,Homer,630.0,https://img.icons8.com/doodle/48/homer-simpson.png
24,4,512,Krusty,11.0,https://img.icons8.com/doodle/48/krusty-the-clown.png
24,4,512,Lenny,51.0,https://static.simpsonswiki.com/images/6/6f/Tapped_Out_Lenny_Icon.png
24,4,512,Lisa,297.0,https://img.icons8.com/doodle/48/lisa-simpson.png
24,4,512,Marge,186.0,https://img.icons8.com/doodle/48/marge-simpson.png
24,4,512,Milhouse,14.0,https://img.icons8.com/doodle/48/milhouse-van-houten.png
24,4,512,Moe,67.0,https://img.icons8.com/doodle/48/bartender-mo.png
24,5,513,Apu,8.0,https://static.simpsonswiki.com/images/0/08/Tapped_Out_Apu_Icon_-_Happy.png
24,5,513,Bart,85.0,https://img.icons8.com/doodle/48/bart-simpson.png
24,5,513,Chief Wiggum,36.0,https://img.icons8.com/doodle/48/clancy-wiggum.png
24,5,513,Flanders,11.0,https://img.icons8.com/doodle/48/ned-flanders.png
24,5,513,Homer,435.0,https://img.icons8.com/doodle/48/homer-simpson.png
24,5,513,Lenny,17.0,https://static.simpsonswiki.com/images/6/6f/Tapped_Out_Lenny_Icon.png
24,5,513,Lisa,169.0,https://img.icons8.com/doodle/48/lisa-simpson.png
24,5,513,Marge,19.0,https://img.icons8.com/doodle/48/marge-simpson.png
24,5,513,Milhouse,10.0,https://img.icons8.com/doodle/48/milhouse-van-houten.png
24,5,513,Moe,148.0,https://img.icons8.com/doodle/48/bartender-mo.png
24,6,514,Apu,2.0,https://static.simpsonswiki.com/images/0/08/Tapped_Out_Apu_Icon_-_Happy.png
24,6,514,Bart,53.0,https://img.icons8.com/doodle/48/bart-simpson.png
24,6,514,Chief Wiggum,41.0,https://img.icons8.com/doodle/48/clancy-wiggum.png
24,6,514,Flanders,107.0,https://img.icons8.com/doodle/48/ned-flanders.png
24,6,514,Homer,737.0,https://img.icons8.com/doodle/48/homer-simpson.png
24,6,514,Krusty,16.0,https://img.icons8.com/doodle/48/krusty-the-clown.png
24,6,514,Lenny,21.0,https://static.simpsonswiki.com/images/6/6f/Tapped_Out_Lenny_Icon.png
24,6,514,Lisa,47.0,https://img.icons8.com/doodle/48/lisa-simpson.png
24,6,514,Marge,215.0,https://img.icons8.com/doodle/48/marge-simpson.png
24,6,514,Moe,153.0,https://img.icons8.com/doodle/48/bartender-mo.png
24,6,514,Mr. Burns,14.0,https://img.icons8.com/doodle/48/charles-montgomery-burns.png
24,7,515,Bart,191.0,https://img.icons8.com/doodle/48/bart-simpson.png
24,7,515,Chief Wiggum,54.0,https://img.icons8.com/doodle/48/clancy-wiggum.png
24,7,515,Flanders,35.0,https://img.icons8.com/doodle/48/ned-flanders.png
24,7,515,Homer,945.0,https://img.icons8.com/doodle/48/homer-simpson.png
24,7,515,Lenny,27.0,https://static.simpsonswiki.com/images/6/6f/Tapped_Out_Lenny_Icon.png
24,7,515,Lisa,83.0,https://img.icons8.com/doodle/48/lisa-simpson.png
24,7,515,Marge,380.0,https://img.icons8.com/doodle/48/marge-simpson.png
24,7,515,Moe,13.0,https://img.icons8.com/doodle/48/bartender-mo.png
24,7,515,Mr. Burns,74.0,https://img.icons8.com/doodle/48/charles-montgomery-burns.png
24,8,516,Apu,41.0,https://static.simpsonswiki.com/images/0/08/Tapped_Out_Apu_Icon_-_Happy.png
24,8,516,Bart,123.0,https://img.icons8.com/doodle/48/bart-simpson.png
24,8,516,Chief Wiggum,47.0,https://img.icons8.com/doodle/48/clancy-wiggum.png
24,8,516,Grampa,646.0,https://img.icons8.com/doodle/48/abraham-simpson.png
24,8,516,Homer,660.0,https://img.icons8.com/doodle/48/homer-simpson.png
24,8,516,Krusty,41.0,https://img.icons8.com/doodle/48/krusty-the-clown.png
24,8,516,Lisa,136.0,https://img.icons8.com/doodle/48/lisa-simpson.png
24,8,516,Marge,117.0,https://img.icons8.com/doodle/48/marge-simpson.png
24,8,516,Mr. Burns,305.0,https://img.icons8.com/doodle/48/charles-montgomery-burns.png
24,9,517,Bart,148.0,https://img.icons8.com/doodle/48/bart-simpson.png
24,9,517,Chief Wiggum,6.0,https://img.icons8.com/doodle/48/clancy-wiggum.png
24,9,517,Flanders,53.0,https://img.icons8.com/doodle/48/ned-flanders.png
24,9,517,Homer,781.0,https://img.icons8.com/doodle/48/homer-simpson.png
24,9,517,Lenny,6.0,https://static.simpsonswiki.com/images/6/6f/Tapped_Out_Lenny_Icon.png
24,9,517,Lisa,100.0,https://img.icons8.com/doodle/48/lisa-simpson.png
24,9,517,Marge,277.0,https://img.icons8.com/doodle/48/marge-simpson.png
24,9,517,Milhouse,3.0,https://img.icons8.com/doodle/48/milhouse-van-houten.png
24,9,517,Moe,38.0,https://img.icons8.com/doodle/48/bartender-mo.png
24,10,518,Bart,253.0,https://img.icons8.com/doodle/48/bart-simpson.png
24,10,518,Chief Wiggum,100.0,https://img.icons8.com/doodle/48/clancy-wiggum.png
24,10,518,Flanders,17.0,https://img.icons8.com/doodle/48/ned-flanders.png
24,10,518,Homer,253.0,https://img.icons8.com/doodle/48/homer-simpson.png
24,10,518,Krusty,24.0,https://img.icons8.com/doodle/48/krusty-the-clown.png
24,10,518,Lisa,160.0,https://img.icons8.com/doodle/48/lisa-simpson.png
24,10,518,Marge,134.0,https://img.icons8.com/doodle/48/marge-simpson.png
24,10,518,Milhouse,18.0,https://img.icons8.com/doodle/48/milhouse-van-houten.png
24,10,518,Moe,7.0,https://img.icons8.com/doodle/48/bartender-mo.png
24,10,518,Mr. Burns,81.0,https://img.icons8.com/doodle/48/charles-montgomery-burns.png
24,11,519,Bart,167.0,https://img.icons8.com/doodle/48/bart-simpson.png
24,11,519,Chief Wiggum,73.0,https://img.icons8.com/doodle/48/clancy-wiggum.png
24,11,519,Grampa,38.0,https://img.icons8.com/doodle/48/abraham-simpson.png
24,11,519,Homer,850.0,https://img.icons8.com/doodle/48/homer-simpson.png
24,11,519,Lenny,145.0,https://static.simpsonswiki.com/images/6/6f/Tapped_Out_Lenny_Icon.png
24,11,519,Lisa,111.0,https://img.icons8.com/doodle/48/lisa-simpson.png
24,11,519,Marge,445.0,https://img.icons8.com/doodle/48/marge-simpson.png
24,11,519,Moe,18.0,https://img.icons8.com/doodle/48/bartender-mo.png
24,12,520,Bart,592.0,https://img.icons8.com/doodle/48/bart-simpson.png
24,12,520,Chief Wiggum,12.0,https://img.icons8.com/doodle/48/clancy-wiggum.png
24,12,520,Homer,338.0,https://img.icons8.com/doodle/48/homer-simpson.png
24,12,520,Lisa,130.0,https://img.icons8.com/doodle/48/lisa-simpson.png
24,12,520,Marge,136.0,https://img.icons8.com/doodle/48/marge-simpson.png
24,12,520,Milhouse,29.0,https://img.icons8.com/doodle/48/milhouse-van-houten.png
24,13,521,Apu,28.0,https://static.simpsonswiki.com/images/0/08/Tapped_Out_Apu_Icon_-_Happy.png
24,13,521,Bart,281.0,https://img.icons8.com/doodle/48/bart-simpson.png
24,13,521,Homer,275.0,https://img.icons8.com/doodle/48/homer-simpson.png
24,13,521,Krusty,10.0,https://img.icons8.com/doodle/48/krusty-the-clown.png
24,13,521,Lisa,267.0,https://img.icons8.com/doodle/48/lisa-simpson.png
24,13,521,Marge,286.0,https://img.icons8.com/doodle/48/marge-simpson.png
24,13,521,Milhouse,531.0,https://img.icons8.com/doodle/48/milhouse-van-houten.png
24,13,521,Moe,35.0,https://img.icons8.com/doodle/48/bartender-mo.png
24,14,522,Apu,16.0,https://static.simpsonswiki.com/images/0/08/Tapped_Out_Apu_Icon_-_Happy.png
24,14,522,Bart,217.0,https://img.icons8.com/doodle/48/bart-simpson.png
24,14,522,Grampa,419.0,https://img.icons8.com/doodle/48/abraham-simpson.png
24,14,522,Homer,427.0,https://img.icons8.com/doodle/48/homer-simpson.png
24,14,522,Lisa,120.0,https://img.icons8.com/doodle/48/lisa-simpson.png
24,14,522,Marge,362.0,https://img.icons8.com/doodle/48/marge-simpson.png
24,14,522,Milhouse,8.0,https://img.icons8.com/doodle/48/milhouse-van-houten.png
24,14,522,Moe,19.0,https://img.icons8.com/doodle/48/bartender-mo.png
24,14,522,Mr. Burns,466.0,https://img.icons8.com/doodle/48/charles-montgomery-burns.png
24,15,523,Apu,13.0,https://static.simpsonswiki.com/images/0/08/Tapped_Out_Apu_Icon_-_Happy.png
24,15,523,Bart,7.0,https://img.icons8.com/doodle/48/bart-simpson.png
24,15,523,Flanders,456.0,https://img.icons8.com/doodle/48/ned-flanders.png
24,15,523,Grampa,61.0,https://img.icons8.com/doodle/48/abraham-simpson.png
24,15,523,Homer,445.0,https://img.icons8.com/doodle/48/homer-simpson.png
24,15,523,Lenny,6.0,https://static.simpsonswiki.com/images/6/6f/Tapped_Out_Lenny_Icon.png
24,15,523,Lisa,283.0,https://img.icons8.com/doodle/48/lisa-simpson.png
24,15,523,Marge,128.0,https://img.icons8.com/doodle/48/marge-simpson.png
24,15,523,Mr. Burns,22.0,https://img.icons8.com/doodle/48/charles-montgomery-burns.png
24,16,524,Apu,8.0,https://static.simpsonswiki.com/images/0/08/Tapped_Out_Apu_Icon_-_Happy.png
24,16,524,Bart,136.0,https://img.icons8.com/doodle/48/bart-simpson.png
24,16,524,Chief Wiggum,15.0,https://img.icons8.com/doodle/48/clancy-wiggum.png
24,16,524,Grampa,96.0,https://img.icons8.com/doodle/48/abraham-simpson.png
24,16,524,Homer,82.0,https://img.icons8.com/doodle/48/homer-simpson.png
24,16,524,Krusty,15.0,https://img.icons8.com/doodle/48/krusty-the-clown.png
24,16,524,Lenny,3.0,https://static.simpsonswiki.com/images/6/6f/Tapped_Out_Lenny_Icon.png
24,16,524,Lisa,324.0,https://img.icons8.com/doodle/48/lisa-simpson.png
24,16,524,Marge,48.0,https://img.icons8.com/doodle/48/marge-simpson.png
24,16,524,Milhouse,19.0,https://img.icons8.com/doodle/48/milhouse-van-houten.png
24,16,524,Moe,82.0,https://img.icons8.com/doodle/48/bartender-mo.png
24,16,524,Mr. Burns,428.0,https://img.icons8.com/doodle/48/charles-montgomery-burns.png
24,17,525,Bart,36.0,https://img.icons8.com/doodle/48/bart-simpson.png
24,17,525,Flanders,7.0,https://img.icons8.com/doodle/48/ned-flanders.png
24,17,525,Grampa,14.0,https://img.icons8.com/doodle/48/abraham-simpson.png
24,17,525,Homer,694.0,https://img.icons8.com/doodle/48/homer-simpson.png
24,17,525,Lenny,8.0,https://static.simpsonswiki.com/images/6/6f/Tapped_Out_Lenny_Icon.png
24,17,525,Lisa,198.0,https://img.icons8.com/doodle/48/lisa-simpson.png
24,17,525,Marge,360.0,https://img.icons8.com/doodle/48/marge-simpson.png
24,17,525,Milhouse,303.0,https://img.icons8.com/doodle/48/milhouse-van-houten.png
24,17,525,Moe,98.0,https://img.icons8.com/doodle/48/bartender-mo.png
24,18,526,Apu,48.0,https://static.simpsonswiki.com/images/0/08/Tapped_Out_Apu_Icon_-_Happy.png
24,18,526,Bart,222.0,https://img.icons8.com/doodle/48/bart-simpson.png
24,18,526,Chief Wiggum,5.0,https://img.icons8.com/doodle/48/clancy-wiggum.png
24,18,526,Flanders,142.0,https://img.icons8.com/doodle/48/ned-flanders.png
24,18,526,Grampa,2.0,https://img.icons8.com/doodle/48/abraham-simpson.png
24,18,526,Homer,436.0,https://img.icons8.com/doodle/48/homer-simpson.png
24,18,526,Krusty,57.0,https://img.icons8.com/doodle/48/krusty-the-clown.png
24,18,526,Lenny,33.0,https://static.simpsonswiki.com/images/6/6f/Tapped_Out_Lenny_Icon.png
24,18,526,Lisa,165.0,https://img.icons8.com/doodle/48/lisa-simpson.png
24,18,526,Marge,227.0,https://img.icons8.com/doodle/48/marge-simpson.png
24,18,526,Milhouse,40.0,https://img.icons8.com/doodle/48/milhouse-van-houten.png
24,18,526,Moe,92.0,https://img.icons8.com/doodle/48/bartender-mo.png
24,19,527,Bart,307.0,https://img.icons8.com/doodle/48/bart-simpson.png
24,19,527,Grampa,215.0,https://img.icons8.com/doodle/48/abraham-simpson.png
24,19,527,Homer,198.0,https://img.icons8.com/doodle/48/homer-simpson.png
24,19,527,Lenny,122.0,https://static.simpsonswiki.com/images/6/6f/Tapped_Out_Lenny_Icon.png
24,19,527,Lisa,147.0,https://img.icons8.com/doodle/48/lisa-simpson.png
24,19,527,Marge,288.0,https://img.icons8.com/doodle/48/marge-simpson.png
24,19,527,Milhouse,3.0,https://img.icons8.com/doodle/48/milhouse-van-houten.png
24,19,527,Moe,705.0,https://img.icons8.com/doodle/48/bartender-mo.png
24,20,528,Apu,27.0,https://static.simpsonswiki.com/images/0/08/Tapped_Out_Apu_Icon_-_Happy.png
24,20,528,Bart,251.0,https://img.icons8.com/doodle/48/bart-simpson.png
24,20,528,Chief Wiggum,40.0,https://img.icons8.com/doodle/48/clancy-wiggum.png
24,20,528,Flanders,29.0,https://img.icons8.com/doodle/48/ned-flanders.png
24,20,528,Grampa,6.0,https://img.icons8.com/doodle/48/abraham-simpson.png
24,20,528,Homer,177.0,https://img.icons8.com/doodle/48/homer-simpson.png
24,20,528,Krusty,25.0,https://img.icons8.com/doodle/48/krusty-the-clown.png
24,20,528,Lenny,41.0,https://static.simpsonswiki.com/images/6/6f/Tapped_Out_Lenny_Icon.png
24,20,528,Lisa,51.0,https://img.icons8.com/doodle/48/lisa-simpson.png
24,20,528,Marge,393.0,https://img.icons8.com/doodle/48/marge-simpson.png
24,20,528,Milhouse,11.0,https://img.icons8.com/doodle/48/milhouse-van-houten.png
24,20,528,Moe,75.0,https://img.icons8.com/doodle/48/bartender-mo.png
24,21,529,Bart,35.0,https://img.icons8.com/doodle/48/bart-simpson.png
24,21,529,Grampa,4.0,https://img.icons8.com/doodle/48/abraham-simpson.png
24,21,529,Homer,748.0,https://img.icons8.com/doodle/48/homer-simpson.png
24,21,529,Lenny,327.0,https://static.simpsonswiki.com/images/6/6f/Tapped_Out_Lenny_Icon.png
24,21,529,Lisa,107.0,https://img.icons8.com/doodle/48/lisa-simpson.png
24,21,529,Marge,181.0,https://img.icons8.com/doodle/48/marge-simpson.png
24,21,529,Moe,554.0,https://img.icons8.com/doodle/48/bartender-mo.png
24,22,530,Apu,17.0,https://static.simpsonswiki.com/images/0/08/Tapped_Out_Apu_Icon_-_Happy.png
24,22,530,Bart,33.0,https://img.icons8.com/doodle/48/bart-simpson.png
24,22,530,Chief Wiggum,12.0,https://img.icons8.com/doodle/48/clancy-wiggum.png
24,22,530,Flanders,17.0,https://img.icons8.com/doodle/48/ned-flanders.png
24,22,530,Grampa,39.0,https://img.icons8.com/doodle/48/abraham-simpson.png
24,22,530,Homer,655.0,https://img.icons8.com/doodle/48/homer-simpson.png
24,22,530,Lenny,6.0,https://static.simpsonswiki.com/images/6/6f/Tapped_Out_Lenny_Icon.png
24,22,530,Lisa,76.0,https://img.icons8.com/doodle/48/lisa-simpson.png
24,22,530,Marge,732.0,https://img.icons8.com/doodle/48/marge-simpson.png
24,22,530,Moe,56.0,https://img.icons8.com/doodle/48/bartender-mo.png
25,1,531,Apu,16.0,https://static.simpsonswiki.com/images/0/08/Tapped_Out_Apu_Icon_-_Happy.png
25,1,531,Bart,113.0,https://img.icons8.com/doodle/48/bart-simpson.png
25,1,531,Chief Wiggum,126.0,https://img.icons8.com/doodle/48/clancy-wiggum.png
25,1,531,Grampa,3.0,https://img.icons8.com/doodle/48/abraham-simpson.png
25,1,531,Homer,713.0,https://img.icons8.com/doodle/48/homer-simpson.png
25,1,531,Lenny,68.0,https://static.simpsonswiki.com/images/6/6f/Tapped_Out_Lenny_Icon.png
25,1,531,Lisa,296.0,https://img.icons8.com/doodle/48/lisa-simpson.png
25,1,531,Marge,176.0,https://img.icons8.com/doodle/48/marge-simpson.png
25,1,531,Milhouse,13.0,https://img.icons8.com/doodle/48/milhouse-van-houten.png
25,1,531,Moe,33.0,https://img.icons8.com/doodle/48/bartender-mo.png
25,1,531,Mr. Burns,50.0,https://img.icons8.com/doodle/48/charles-montgomery-burns.png
25,2,532,Apu,20.0,https://static.simpsonswiki.com/images/0/08/Tapped_Out_Apu_Icon_-_Happy.png
25,2,532,Bart,263.0,https://img.icons8.com/doodle/48/bart-simpson.png
25,2,532,Grampa,27.0,https://img.icons8.com/doodle/48/abraham-simpson.png
25,2,532,Homer,424.0,https://img.icons8.com/doodle/48/homer-simpson.png
25,2,532,Krusty,24.0,https://img.icons8.com/doodle/48/krusty-the-clown.png
25,2,532,Lenny,13.0,https://static.simpsonswiki.com/images/6/6f/Tapped_Out_Lenny_Icon.png
25,2,532,Lisa,210.0,https://img.icons8.com/doodle/48/lisa-simpson.png
25,2,532,Marge,124.0,https://img.icons8.com/doodle/48/marge-simpson.png
25,2,532,Milhouse,11.0,https://img.icons8.com/doodle/48/milhouse-van-houten.png
25,2,532,Moe,164.0,https://img.icons8.com/doodle/48/bartender-mo.png
25,2,532,Mr. Burns,177.0,https://img.icons8.com/doodle/48/charles-montgomery-burns.png
25,3,533,Bart,77.0,https://img.icons8.com/doodle/48/bart-simpson.png
25,3,533,Chief Wiggum,99.0,https://img.icons8.com/doodle/48/clancy-wiggum.png
25,3,533,Flanders,21.0,https://img.icons8.com/doodle/48/ned-flanders.png
25,3,533,Homer,234.0,https://img.icons8.com/doodle/48/homer-simpson.png
25,3,533,Krusty,94.0,https://img.icons8.com/doodle/48/krusty-the-clown.png
25,3,533,Lenny,6.0,https://static.simpsonswiki.com/images/6/6f/Tapped_Out_Lenny_Icon.png
25,3,533,Lisa,15.0,https://img.icons8.com/doodle/48/lisa-simpson.png
25,3,533,Marge,185.0,https://img.icons8.com/doodle/48/marge-simpson.png
25,3,533,Milhouse,13.0,https://img.icons8.com/doodle/48/milhouse-van-houten.png
25,3,533,Mr. Burns,363.0,https://img.icons8.com/doodle/48/charles-montgomery-burns.png
25,4,534,Bart,114.0,https://img.icons8.com/doodle/48/bart-simpson.png
25,4,534,Flanders,18.0,https://img.icons8.com/doodle/48/ned-flanders.png
25,4,534,Homer,560.0,https://img.icons8.com/doodle/48/homer-simpson.png
25,4,534,Lisa,208.0,https://img.icons8.com/doodle/48/lisa-simpson.png
25,4,534,Marge,269.0,https://img.icons8.com/doodle/48/marge-simpson.png
25,4,534,Milhouse,72.0,https://img.icons8.com/doodle/48/milhouse-van-houten.png
25,4,534,Moe,22.0,https://img.icons8.com/doodle/48/bartender-mo.png
25,5,535,Bart,41.0,https://img.icons8.com/doodle/48/bart-simpson.png
25,5,535,Grampa,9.0,https://img.icons8.com/doodle/48/abraham-simpson.png
25,5,535,Homer,959.0,https://img.icons8.com/doodle/48/homer-simpson.png
25,5,535,Lenny,16.0,https://static.simpsonswiki.com/images/6/6f/Tapped_Out_Lenny_Icon.png
25,5,535,Lisa,237.0,https://img.icons8.com/doodle/48/lisa-simpson.png
25,5,535,Marge,233.0,https://img.icons8.com/doodle/48/marge-simpson.png
25,5,535,Milhouse,21.0,https://img.icons8.com/doodle/48/milhouse-van-houten.png
25,5,535,Moe,46.0,https://img.icons8.com/doodle/48/bartender-mo.png
25,6,536,Bart,276.0,https://img.icons8.com/doodle/48/bart-simpson.png
25,6,536,Homer,137.0,https://img.icons8.com/doodle/48/homer-simpson.png
25,6,536,Krusty,24.0,https://img.icons8.com/doodle/48/krusty-the-clown.png
25,6,536,Lisa,658.0,https://img.icons8.com/doodle/48/lisa-simpson.png
25,6,536,Marge,144.0,https://img.icons8.com/doodle/48/marge-simpson.png
25,6,536,Milhouse,72.0,https://img.icons8.com/doodle/48/milhouse-van-houten.png
25,6,536,Mr. Burns,117.0,https://img.icons8.com/doodle/48/charles-montgomery-burns.png
25,7,537,Bart,279.0,https://img.icons8.com/doodle/48/bart-simpson.png
25,7,537,Chief Wiggum,19.0,https://img.icons8.com/doodle/48/clancy-wiggum.png
25,7,537,Homer,330.0,https://img.icons8.com/doodle/48/homer-simpson.png
25,7,537,Krusty,372.0,https://img.icons8.com/doodle/48/krusty-the-clown.png
25,7,537,Lisa,77.0,https://img.icons8.com/doodle/48/lisa-simpson.png
25,7,537,Marge,75.0,https://img.icons8.com/doodle/48/marge-simpson.png
25,7,537,Milhouse,7.0,https://img.icons8.com/doodle/48/milhouse-van-houten.png
25,8,538,Apu,52.0,https://static.simpsonswiki.com/images/0/08/Tapped_Out_Apu_Icon_-_Happy.png
25,8,538,Bart,185.0,https://img.icons8.com/doodle/48/bart-simpson.png
25,8,538,Chief Wiggum,46.0,https://img.icons8.com/doodle/48/clancy-wiggum.png
25,8,538,Flanders,59.0,https://img.icons8.com/doodle/48/ned-flanders.png
25,8,538,Homer,248.0,https://img.icons8.com/doodle/48/homer-simpson.png
25,8,538,Krusty,17.0,https://img.icons8.com/doodle/48/krusty-the-clown.png
25,8,538,Lenny,14.0,https://static.simpsonswiki.com/images/6/6f/Tapped_Out_Lenny_Icon.png
25,8,538,Lisa,278.0,https://img.icons8.com/doodle/48/lisa-simpson.png
25,8,538,Marge,339.0,https://img.icons8.com/doodle/48/marge-simpson.png
25,8,538,Milhouse,17.0,https://img.icons8.com/doodle/48/milhouse-van-houten.png
25,8,538,Moe,23.0,https://img.icons8.com/doodle/48/bartender-mo.png
25,9,539,Bart,124.0,https://img.icons8.com/doodle/48/bart-simpson.png
25,9,539,Chief Wiggum,29.0,https://img.icons8.com/doodle/48/clancy-wiggum.png
25,9,539,Flanders,24.0,https://img.icons8.com/doodle/48/ned-flanders.png
25,9,539,Homer,926.0,https://img.icons8.com/doodle/48/homer-simpson.png
25,9,539,Lenny,131.0,https://static.simpsonswiki.com/images/6/6f/Tapped_Out_Lenny_Icon.png
25,9,539,Lisa,152.0,https://img.icons8.com/doodle/48/lisa-simpson.png
25,9,539,Marge,268.0,https://img.icons8.com/doodle/48/marge-simpson.png
25,9,539,Milhouse,8.0,https://img.icons8.com/doodle/48/milhouse-van-houten.png
25,10,540,Apu,5.0,https://static.simpsonswiki.com/images/0/08/Tapped_Out_Apu_Icon_-_Happy.png
25,10,540,Bart,67.0,https://img.icons8.com/doodle/48/bart-simpson.png
25,10,540,Homer,210.0,https://img.icons8.com/doodle/48/homer-simpson.png
25,10,540,Krusty,5.0,https://img.icons8.com/doodle/48/krusty-the-clown.png
25,10,540,Lisa,64.0,https://img.icons8.com/doodle/48/lisa-simpson.png
25,10,540,Marge,112.0,https://img.icons8.com/doodle/48/marge-simpson.png
25,10,540,Milhouse,73.0,https://img.icons8.com/doodle/48/milhouse-van-houten.png
25,11,541,Bart,217.0,https://img.icons8.com/doodle/48/bart-simpson.png
25,11,541,Grampa,6.0,https://img.icons8.com/doodle/48/abraham-simpson.png
25,11,541,Homer,690.0,https://img.icons8.com/doodle/48/homer-simpson.png
25,11,541,Lenny,56.0,https://static.simpsonswiki.com/images/6/6f/Tapped_Out_Lenny_Icon.png
25,11,541,Lisa,63.0,https://img.icons8.com/doodle/48/lisa-simpson.png
25,11,541,Marge,347.0,https://img.icons8.com/doodle/48/marge-simpson.png
25,11,541,Milhouse,39.0,https://img.icons8.com/doodle/48/milhouse-van-houten.png
25,11,541,Moe,153.0,https://img.icons8.com/doodle/48/bartender-mo.png
25,11,541,Mr. Burns,121.0,https://img.icons8.com/doodle/48/charles-montgomery-burns.png
25,12,542,Bart,531.0,https://img.icons8.com/doodle/48/bart-simpson.png
25,12,542,Flanders,12.0,https://img.icons8.com/doodle/48/ned-flanders.png
25,12,542,Grampa,8.0,https://img.icons8.com/doodle/48/abraham-simpson.png
25,12,542,Homer,346.0,https://img.icons8.com/doodle/48/homer-simpson.png
25,12,542,Krusty,15.0,https://img.icons8.com/doodle/48/krusty-the-clown.png
25,12,542,Lenny,5.0,https://static.simpsonswiki.com/images/6/6f/Tapped_Out_Lenny_Icon.png
25,12,542,Lisa,100.0,https://img.icons8.com/doodle/48/lisa-simpson.png
25,12,542,Marge,115.0,https://img.icons8.com/doodle/48/marge-simpson.png
25,12,542,Milhouse,116.0,https://img.icons8.com/doodle/48/milhouse-van-houten.png
25,12,542,Mr. Burns,5.0,https://img.icons8.com/doodle/48/charles-montgomery-burns.png
25,13,543,Bart,139.0,https://img.icons8.com/doodle/48/bart-simpson.png
25,13,543,Chief Wiggum,50.0,https://img.icons8.com/doodle/48/clancy-wiggum.png
25,13,543,Flanders,78.0,https://img.icons8.com/doodle/48/ned-flanders.png
25,13,543,Homer,179.0,https://img.icons8.com/doodle/48/homer-simpson.png
25,13,543,Krusty,9.0,https://img.icons8.com/doodle/48/krusty-the-clown.png
25,13,543,Lenny,23.0,https://static.simpsonswiki.com/images/6/6f/Tapped_Out_Lenny_Icon.png
25,13,543,Lisa,386.0,https://img.icons8.com/doodle/48/lisa-simpson.png
25,13,543,Marge,282.0,https://img.icons8.com/doodle/48/marge-simpson.png
25,14,544,Bart,116.0,https://img.icons8.com/doodle/48/bart-simpson.png
25,14,544,Chief Wiggum,65.0,https://img.icons8.com/doodle/48/clancy-wiggum.png
25,14,544,Grampa,150.0,https://img.icons8.com/doodle/48/abraham-simpson.png
25,14,544,Homer,442.0,https://img.icons8.com/doodle/48/homer-simpson.png
25,14,544,Lisa,69.0,https://img.icons8.com/doodle/48/lisa-simpson.png
25,14,544,Marge,183.0,https://img.icons8.com/doodle/48/marge-simpson.png
25,14,544,Milhouse,4.0,https://img.icons8.com/doodle/48/milhouse-van-houten.png
25,14,544,Moe,30.0,https://img.icons8.com/doodle/48/bartender-mo.png
25,15,545,Apu,4.0,https://static.simpsonswiki.com/images/0/08/Tapped_Out_Apu_Icon_-_Happy.png
25,15,545,Bart,78.0,https://img.icons8.com/doodle/48/bart-simpson.png
25,15,545,Homer,838.0,https://img.icons8.com/doodle/48/homer-simpson.png
25,15,545,Lenny,12.0,https://static.simpsonswiki.com/images/6/6f/Tapped_Out_Lenny_Icon.png
25,15,545,Lisa,413.0,https://img.icons8.com/doodle/48/lisa-simpson.png
25,15,545,Marge,425.0,https://img.icons8.com/doodle/48/marge-simpson.png
25,15,545,Milhouse,55.0,https://img.icons8.com/doodle/48/milhouse-van-houten.png
25,15,545,Moe,11.0,https://img.icons8.com/doodle/48/bartender-mo.png
25,16,546,Bart,168.0,https://img.icons8.com/doodle/48/bart-simpson.png
25,16,546,Flanders,4.0,https://img.icons8.com/doodle/48/ned-flanders.png
25,16,546,Homer,533.0,https://img.icons8.com/doodle/48/homer-simpson.png
25,16,546,Krusty,18.0,https://img.icons8.com/doodle/48/krusty-the-clown.png
25,16,546,Lisa,296.0,https://img.icons8.com/doodle/48/lisa-simpson.png
25,16,546,Marge,134.0,https://img.icons8.com/doodle/48/marge-simpson.png
25,17,547,Bart,291.0,https://img.icons8.com/doodle/48/bart-simpson.png
25,17,547,Chief Wiggum,160.0,https://img.icons8.com/doodle/48/clancy-wiggum.png
25,17,547,Homer,544.0,https://img.icons8.com/doodle/48/homer-simpson.png
25,17,547,Lenny,40.0,https://static.simpsonswiki.com/images/6/6f/Tapped_Out_Lenny_Icon.png
25,17,547,Lisa,217.0,https://img.icons8.com/doodle/48/lisa-simpson.png
25,17,547,Marge,365.0,https://img.icons8.com/doodle/48/marge-simpson.png
25,17,547,Milhouse,183.0,https://img.icons8.com/doodle/48/milhouse-van-houten.png
25,17,547,Moe,63.0,https://img.icons8.com/doodle/48/bartender-mo.png
25,18,548,Bart,537.0,https://img.icons8.com/doodle/48/bart-simpson.png
25,18,548,Chief Wiggum,4.0,https://img.icons8.com/doodle/48/clancy-wiggum.png
25,18,548,Grampa,17.0,https://img.icons8.com/doodle/48/abraham-simpson.png
25,18,548,Homer,278.0,https://img.icons8.com/doodle/48/homer-simpson.png
25,18,548,Krusty,18.0,https://img.icons8.com/doodle/48/krusty-the-clown.png
25,18,548,Lenny,13.0,https://static.simpsonswiki.com/images/6/6f/Tapped_Out_Lenny_Icon.png
25,18,548,Lisa,195.0,https://img.icons8.com/doodle/48/lisa-simpson.png
25,18,548,Marge,214.0,https://img.icons8.com/doodle/48/marge-simpson.png
25,18,548,Milhouse,88.0,https://img.icons8.com/doodle/48/milhouse-van-houten.png
25,18,548,Moe,115.0,https://img.icons8.com/doodle/48/bartender-mo.png
25,18,548,Mr. Burns,2.0,https://img.icons8.com/doodle/48/charles-montgomery-burns.png
25,19,549,Bart,448.0,https://img.icons8.com/doodle/48/bart-simpson.png
25,19,549,Flanders,13.0,https://img.icons8.com/doodle/48/ned-flanders.png
25,19,549,Homer,440.0,https://img.icons8.com/doodle/48/homer-simpson.png
25,19,549,Lenny,34.0,https://static.simpsonswiki.com/images/6/6f/Tapped_Out_Lenny_Icon.png
25,19,549,Lisa,16.0,https://img.icons8.com/doodle/48/lisa-simpson.png
25,19,549,Marge,63.0,https://img.icons8.com/doodle/48/marge-simpson.png
25,19,549,Milhouse,52.0,https://img.icons8.com/doodle/48/milhouse-van-houten.png
25,19,549,Moe,170.0,https://img.icons8.com/doodle/48/bartender-mo.png
25,21,551,Bart,158.0,https://img.icons8.com/doodle/48/bart-simpson.png
25,21,551,Chief Wiggum,10.0,https://img.icons8.com/doodle/48/clancy-wiggum.png
25,21,551,Flanders,5.0,https://img.icons8.com/doodle/48/ned-flanders.png
25,21,551,Grampa,98.0,https://img.icons8.com/doodle/48/abraham-simpson.png
25,21,551,Homer,295.0,https://img.icons8.com/doodle/48/homer-simpson.png
25,21,551,Lisa,284.0,https://img.icons8.com/doodle/48/lisa-simpson.png
25,21,551,Marge,430.0,https://img.icons8.com/doodle/48/marge-simpson.png
25,21,551,Milhouse,12.0,https://img.icons8.com/doodle/48/milhouse-van-houten.png
25,22,552,Bart,303.0,https://img.icons8.com/doodle/48/bart-simpson.png
25,22,552,Chief Wiggum,53.0,https://img.icons8.com/doodle/48/clancy-wiggum.png
25,22,552,Grampa,135.0,https://img.icons8.com/doodle/48/abraham-simpson.png
25,22,552,Homer,289.0,https://img.icons8.com/doodle/48/homer-simpson.png
25,22,552,Krusty,4.0,https://img.icons8.com/doodle/48/krusty-the-clown.png
25,22,552,Lenny,9.0,https://static.simpsonswiki.com/images/6/6f/Tapped_Out_Lenny_Icon.png
25,22,552,Lisa,311.0,https://img.icons8.com/doodle/48/lisa-simpson.png
25,22,552,Marge,36.0,https://img.icons8.com/doodle/48/marge-simpson.png
25,22,552,Milhouse,190.0,https://img.icons8.com/doodle/48/milhouse-van-houten.png
26,1,553,Bart,142.0,https://img.icons8.com/doodle/48/bart-simpson.png
26,1,553,Chief Wiggum,28.0,https://img.icons8.com/doodle/48/clancy-wiggum.png
26,1,553,Homer,98.0,https://img.icons8.com/doodle/48/homer-simpson.png
26,1,553,Krusty,728.0,https://img.icons8.com/doodle/48/krusty-the-clown.png
26,1,553,Lisa,111.0,https://img.icons8.com/doodle/48/lisa-simpson.png
26,1,553,Marge,135.0,https://img.icons8.com/doodle/48/marge-simpson.png
26,1,553,Milhouse,5.0,https://img.icons8.com/doodle/48/milhouse-van-houten.png
26,2,554,Apu,9.0,https://static.simpsonswiki.com/images/0/08/Tapped_Out_Apu_Icon_-_Happy.png
26,2,554,Bart,285.0,https://img.icons8.com/doodle/48/bart-simpson.png
26,2,554,Flanders,26.0,https://img.icons8.com/doodle/48/ned-flanders.png
26,2,554,Homer,494.0,https://img.icons8.com/doodle/48/homer-simpson.png
26,2,554,Lisa,108.0,https://img.icons8.com/doodle/48/lisa-simpson.png
26,2,554,Marge,214.0,https://img.icons8.com/doodle/48/marge-simpson.png
26,2,554,Milhouse,25.0,https://img.icons8.com/doodle/48/milhouse-van-houten.png
26,2,554,Moe,13.0,https://img.icons8.com/doodle/48/bartender-mo.png
26,3,555,Bart,131.0,https://img.icons8.com/doodle/48/bart-simpson.png
26,3,555,Chief Wiggum,36.0,https://img.icons8.com/doodle/48/clancy-wiggum.png
26,3,555,Flanders,99.0,https://img.icons8.com/doodle/48/ned-flanders.png
26,3,555,Grampa,33.0,https://img.icons8.com/doodle/48/abraham-simpson.png
26,3,555,Homer,330.0,https://img.icons8.com/doodle/48/homer-simpson.png
26,3,555,Krusty,45.0,https://img.icons8.com/doodle/48/krusty-the-clown.png
26,3,555,Lenny,3.0,https://static.simpsonswiki.com/images/6/6f/Tapped_Out_Lenny_Icon.png
26,3,555,Lisa,104.0,https://img.icons8.com/doodle/48/lisa-simpson.png
26,3,555,Marge,596.0,https://img.icons8.com/doodle/48/marge-simpson.png
26,3,555,Moe,54.0,https://img.icons8.com/doodle/48/bartender-mo.png
26,3,555,Mr. Burns,56.0,https://img.icons8.com/doodle/48/charles-montgomery-burns.png
26,4,556,Bart,206.0,https://img.icons8.com/doodle/48/bart-simpson.png
26,4,556,Grampa,12.0,https://img.icons8.com/doodle/48/abraham-simpson.png
26,4,556,Homer,438.0,https://img.icons8.com/doodle/48/homer-simpson.png
26,4,556,Lisa,149.0,https://img.icons8.com/doodle/48/lisa-simpson.png
26,4,556,Marge,261.0,https://img.icons8.com/doodle/48/marge-simpson.png
26,4,556,Mr. Burns,64.0,https://img.icons8.com/doodle/48/charles-montgomery-burns.png
26,5,557,Bart,25.0,https://img.icons8.com/doodle/48/bart-simpson.png
26,5,557,Homer,581.0,https://img.icons8.com/doodle/48/homer-simpson.png
26,5,557,Lenny,13.0,https://static.simpsonswiki.com/images/6/6f/Tapped_Out_Lenny_Icon.png
26,5,557,Lisa,140.0,https://img.icons8.com/doodle/48/lisa-simpson.png
26,5,557,Marge,142.0,https://img.icons8.com/doodle/48/marge-simpson.png
26,5,557,Moe,11.0,https://img.icons8.com/doodle/48/bartender-mo.png
26,5,557,Mr. Burns,629.0,https://img.icons8.com/doodle/48/charles-montgomery-burns.png
26,6,558,Bart,122.0,https://img.icons8.com/doodle/48/bart-simpson.png
26,6,558,Chief Wiggum,25.0,https://img.icons8.com/doodle/48/clancy-wiggum.png
26,6,558,Homer,377.0,https://img.icons8.com/doodle/48/homer-simpson.png
26,6,558,Krusty,6.0,https://img.icons8.com/doodle/48/krusty-the-clown.png
26,6,558,Lisa,206.0,https://img.icons8.com/doodle/48/lisa-simpson.png
26,6,558,Marge,102.0,https://img.icons8.com/doodle/48/marge-simpson.png
26,6,558,Milhouse,14.0,https://img.icons8.com/doodle/48/milhouse-van-houten.png
26,6,558,Moe,32.0,https://img.icons8.com/doodle/48/bartender-mo.png
26,6,558,Mr. Burns,6.0,https://img.icons8.com/doodle/48/charles-montgomery-burns.png
26,7,559,Bart,236.0,https://img.icons8.com/doodle/48/bart-simpson.png
26,7,559,Homer,430.0,https://img.icons8.com/doodle/48/homer-simpson.png
26,7,559,Lisa,74.0,https://img.icons8.com/doodle/48/lisa-simpson.png
26,7,559,Marge,239.0,https://img.icons8.com/doodle/48/marge-simpson.png
26,7,559,Milhouse,178.0,https://img.icons8.com/doodle/48/milhouse-van-houten.png
26,8,560,Apu,434.0,https://static.simpsonswiki.com/images/0/08/Tapped_Out_Apu_Icon_-_Happy.png
26,8,560,Bart,23.0,https://img.icons8.com/doodle/48/bart-simpson.png
26,8,560,Chief Wiggum,19.0,https://img.icons8.com/doodle/48/clancy-wiggum.png
26,8,560,Homer,897.0,https://img.icons8.com/doodle/48/homer-simpson.png
26,8,560,Lisa,73.0,https://img.icons8.com/doodle/48/lisa-simpson.png
26,8,560,Marge,165.0,https://img.icons8.com/doodle/48/marge-simpson.png
26,8,560,Moe,69.0,https://img.icons8.com/doodle/48/bartender-mo.png
26,9,561,Apu,96.0,https://static.simpsonswiki.com/images/0/08/Tapped_Out_Apu_Icon_-_Happy.png
26,9,561,Bart,181.0,https://img.icons8.com/doodle/48/bart-simpson.png
26,9,561,Chief Wiggum,11.0,https://img.icons8.com/doodle/48/clancy-wiggum.png
26,9,561,Flanders,114.0,https://img.icons8.com/doodle/48/ned-flanders.png
26,9,561,Grampa,19.0,https://img.icons8.com/doodle/48/abraham-simpson.png
26,9,561,Homer,505.0,https://img.icons8.com/doodle/48/homer-simpson.png
26,9,561,Lisa,119.0,https://img.icons8.com/doodle/48/lisa-simpson.png
26,9,561,Marge,280.0,https://img.icons8.com/doodle/48/marge-simpson.png
26,9,561,Moe,299.0,https://img.icons8.com/doodle/48/bartender-mo.png
26,9,561,Mr. Burns,41.0,https://img.icons8.com/doodle/48/charles-montgomery-burns.png
26,10,562,Bart,114.0,https://img.icons8.com/doodle/48/bart-simpson.png
26,10,562,Grampa,16.0,https://img.icons8.com/doodle/48/abraham-simpson.png
26,10,562,Homer,503.0,https://img.icons8.com/doodle/48/homer-simpson.png
26,10,562,Lisa,274.0,https://img.icons8.com/doodle/48/lisa-simpson.png
26,10,562,Marge,96.0,https://img.icons8.com/doodle/48/marge-simpson.png
26,11,563,Bart,310.0,https://img.icons8.com/doodle/48/bart-simpson.png
26,11,563,Chief Wiggum,146.0,https://img.icons8.com/doodle/48/clancy-wiggum.png
26,11,563,Grampa,18.0,https://img.icons8.com/doodle/48/abraham-simpson.png
26,11,563,Homer,868.0,https://img.icons8.com/doodle/48/homer-simpson.png
26,11,563,Krusty,5.0,https://img.icons8.com/doodle/48/krusty-the-clown.png
26,11,563,Lenny,38.0,https://static.simpsonswiki.com/images/6/6f/Tapped_Out_Lenny_Icon.png
26,11,563,Lisa,105.0,https://img.icons8.com/doodle/48/lisa-simpson.png
26,11,563,Marge,234.0,https://img.icons8.com/doodle/48/marge-simpson.png
26,11,563,Milhouse,22.0,https://img.icons8.com/doodle/48/milhouse-van-houten.png
26,11,563,Mr. Burns,7.0,https://img.icons8.com/doodle/48/charles-montgomery-burns.png
26,12,564,Bart,40.0,https://img.icons8.com/doodle/48/bart-simpson.png
26,12,564,Chief Wiggum,12.0,https://img.icons8.com/doodle/48/clancy-wiggum.png
26,12,564,Grampa,2.0,https://img.icons8.com/doodle/48/abraham-simpson.png
26,12,564,Homer,644.0,https://img.icons8.com/doodle/48/homer-simpson.png
26,12,564,Lenny,24.0,https://static.simpsonswiki.com/images/6/6f/Tapped_Out_Lenny_Icon.png
26,12,564,Lisa,260.0,https://img.icons8.com/doodle/48/lisa-simpson.png
26,12,564,Marge,90.0,https://img.icons8.com/doodle/48/marge-simpson.png
26,12,564,Milhouse,5.0,https://img.icons8.com/doodle/48/milhouse-van-houten.png
26,12,564,Mr. Burns,429.0,https://img.icons8.com/doodle/48/charles-montgomery-burns.png
26,13,565,Bart,213.0,https://img.icons8.com/doodle/48/bart-simpson.png
26,13,565,Chief Wiggum,52.0,https://img.icons8.com/doodle/48/clancy-wiggum.png
26,13,565,Grampa,9.0,https://img.icons8.com/doodle/48/abraham-simpson.png
26,13,565,Homer,720.0,https://img.icons8.com/doodle/48/homer-simpson.png
26,13,565,Lenny,12.0,https://static.simpsonswiki.com/images/6/6f/Tapped_Out_Lenny_Icon.png
26,13,565,Lisa,224.0,https://img.icons8.com/doodle/48/lisa-simpson.png
26,13,565,Marge,236.0,https://img.icons8.com/doodle/48/marge-simpson.png
26,13,565,Milhouse,65.0,https://img.icons8.com/doodle/48/milhouse-van-houten.png
26,13,565,Moe,111.0,https://img.icons8.com/doodle/48/bartender-mo.png
26,13,565,Mr. Burns,4.0,https://img.icons8.com/doodle/48/charles-montgomery-burns.png
26,14,566,Chief Wiggum,4.0,https://img.icons8.com/doodle/48/clancy-wiggum.png
26,14,566,Grampa,35.0,https://img.icons8.com/doodle/48/abraham-simpson.png
26,14,566,Homer,246.0,https://img.icons8.com/doodle/48/homer-simpson.png
26,14,566,Krusty,3.0,https://img.icons8.com/doodle/48/krusty-the-clown.png
26,14,566,Lenny,127.0,https://static.simpsonswiki.com/images/6/6f/Tapped_Out_Lenny_Icon.png
26,14,566,Lisa,10.0,https://img.icons8.com/doodle/48/lisa-simpson.png
26,14,566,Marge,228.0,https://img.icons8.com/doodle/48/marge-simpson.png
26,14,566,Milhouse,11.0,https://img.icons8.com/doodle/48/milhouse-van-houten.png
26,14,566,Moe,663.0,https://img.icons8.com/doodle/48/bartender-mo.png
26,14,566,Mr. Burns,107.0,https://img.icons8.com/doodle/48/charles-montgomery-burns.png
26,15,567,Apu,8.0,https://static.simpsonswiki.com/images/0/08/Tapped_Out_Apu_Icon_-_Happy.png
26,15,567,Bart,14.0,https://img.icons8.com/doodle/48/bart-simpson.png
26,15,567,Chief Wiggum,55.0,https://img.icons8.com/doodle/48/clancy-wiggum.png
26,15,567,Homer,380.0,https://img.icons8.com/doodle/48/homer-simpson.png
26,15,567,Lenny,49.0,https://static.simpsonswiki.com/images/6/6f/Tapped_Out_Lenny_Icon.png
26,15,567,Lisa,49.0,https://img.icons8.com/doodle/48/lisa-simpson.png
26,15,567,Marge,32.0,https://img.icons8.com/doodle/48/marge-simpson.png
26,15,567,Moe,657.0,https://img.icons8.com/doodle/48/bartender-mo.png
26,15,567,Mr. Burns,346.0,https://img.icons8.com/doodle/48/charles-montgomery-burns.png
26,16,568,Apu,354.0,https://static.simpsonswiki.com/images/0/08/Tapped_Out_Apu_Icon_-_Happy.png
26,16,568,Bart,66.0,https://img.icons8.com/doodle/48/bart-simpson.png
26,16,568,Chief Wiggum,78.0,https://img.icons8.com/doodle/48/clancy-wiggum.png
26,16,568,Flanders,82.0,https://img.icons8.com/doodle/48/ned-flanders.png
26,16,568,Homer,309.0,https://img.icons8.com/doodle/48/homer-simpson.png
26,16,568,Lisa,94.0,https://img.icons8.com/doodle/48/lisa-simpson.png
26,16,568,Marge,450.0,https://img.icons8.com/doodle/48/marge-simpson.png
