character,episode_id,image,count_type,count
Apu,12,https://static.simpsonswiki.com/images/0/08/Tapped_Out_Apu_Icon_-_Happy.png,word_count,101.0
Apu,26,https://static.simpsonswiki.com/images/0/08/Tapped_Out_Apu_Icon_-_Happy.png,word_count,79.0
Apu,27,https://static.simpsonswiki.com/images/0/08/Tapped_Out_Apu_Icon_-_Happy.png,word_count,35.0
Apu,29,https://static.simpsonswiki.com/images/0/08/Tapped_Out_Apu_Icon_-_Happy.png,word_count,11.0
Apu,31,https://static.simpsonswiki.com/images/0/08/Tapped_Out_Apu_Icon_-_Happy.png,word_count,46.0
Apu,34,https://static.simpsonswiki.com/images/0/08/Tapped_Out_Apu_Icon_-_Happy.png,word_count,28.0
Apu,36,https://static.simpsonswiki.com/images/0/08/Tapped_Out_Apu_Icon_-_Happy.png,word_count,23.0
Apu,40,https://static.simpsonswiki.com/images/0/08/Tapped_Out_Apu_Icon_-_Happy.png,word_count,15.0
Apu,41,https://static.simpsonswiki.com/images/0/08/Tapped_Out_Apu_Icon_-_Happy.png,word_count,22.0
Apu,42,https://static.simpsonswiki.com/images/0/08/Tapped_Out_Apu_Icon_-_Happy.png,word_count,6.0
Apu,43,https://static.simpsonswiki.com/images/0/08/Tapped_Out_Apu_Icon_-_Happy.png,word_count,251.0
Apu,48,https://static.simpsonswiki.com/images/0/08/Tapped_Out_Apu_Icon_-_Happy.png,word_count,2.0
Apu,51,https://static.simpsonswiki.com/images/0/08/Tapped_Out_Apu_Icon_-_Happy.png,word_count,20.0
Apu,52,https://static.simpsonswiki.com/images/0/08/Tapped_Out_Apu_Icon_-_Happy.png,word_count,4.0
Apu,53,https://static.simpsonswiki.com/images/0/08/Tapped_Out_Apu_Icon_-_Happy.png,word_count,16.0
Apu,54,https://static.simpsonswiki.com/images/0/08/Tapped_Out_Apu_Icon_-_Happy.png,word_count,32.0
Apu,57,https://static.simpsonswiki.com/images/0/08/Tapped_Out_Apu_Icon_-_Happy.png,word_count,22.0
Apu,61,https://static.simpsonswiki.com/images/0/08/Tapped_Out_Apu_Icon_-_Happy.png,word_count,51.0
Apu,62,https://static.simpsonswiki.com/images/0/08/Tapped_Out_Apu_Icon_-_Happy.png,word_count,82.0
Apu,67,https://static.simpsonswiki.com/images/0/08/Tapped_Out_Apu_Icon_-_Happy.png,word_count,24.0
Apu,68,https://static.simpsonswiki.com/images/0/08/Tapped_Out_Apu_Icon_-_Happy.png,word_count,10.0
Apu,70,https://static.simpsonswiki.com/images/0/08/Tapped_Out_Apu_Icon_-_Happy.png,word_count,23.0
Apu,71,https://static.simpsonswiki.com/images/0/08/Tapped_Out_Apu_Icon_-_Happy.png,word_count,59.0
Apu,74,https://static.simpsonswiki.com/images/0/08/Tapped_Out_Apu_Icon_-_Happy.png,word_count,43.0
Apu,79,https://static.simpsonswiki.com/images/0/08/Tapped_Out_Apu_Icon_-_Happy.png,word_count,12.0
Apu,80,https://static.simpsonswiki.com/images/0/08/Tapped_Out_Apu_Icon_-_Happy.png,word_count,163.0
Apu,82,https://static.simpsonswiki.com/images/0/08/Tapped_Out_Apu_Icon_-_Happy.png,word_count,90.0
Apu,85,https://static.simpsonswiki.com/images/0/08/Tapped_Out_Apu_Icon_-_Happy.png,word_count,27.0
Apu,87,https://static.simpsonswiki.com/images/0/08/Tapped_Out_Apu_Icon_-_Happy.png,word_count,5.0
Apu,88,https://static.simpsonswiki.com/images/0/08/Tapped_Out_Apu_Icon_-_Happy.png,word_count,22.0
Apu,89,https://static.simpsonswiki.com/images/0/08/Tapped_Out_Apu_Icon_-_Happy.png,word_count,41.0
Apu,91,https://static.simpsonswiki.com/images/0/08/Tapped_Out_Apu_Icon_-_Happy.png,word_count,7.0
Apu,92,https://static.simpsonswiki.com/images/0/08/Tapped_Out_Apu_Icon_-_Happy.png,word_count,12.0
Apu,93,https://static.simpsonswiki.com/images/0/08/Tapped_Out_Apu_Icon_-_Happy.png,word_count,4.0
Apu,94,https://static.simpsonswiki.com/images/0/08/Tapped_Out_Apu_Icon_-_Happy.png,word_count,754.0
Apu,100,https://static.simpsonswiki.com/images/0/08/Tapped_Out_Apu_Icon_-_Happy.png,word_count,97.0
Apu,101,https://static.simpsonswiki.com/images/0/08/Tapped_Out_Apu_Icon_-_Happy.png,word_count,25.0
Apu,102,https://static.simpsonswiki.com/images/0/08/Tapped_Out_Apu_Icon_-_Happy.png,word_count,18.0
Apu,103,https://static.simpsonswiki.com/images/0/08/Tapped_Out_Apu_Icon_-_Happy.png,word_count,35.0
Apu,111,https://static.simpsonswiki.com/images/0/08/Tapped_Out_Apu_Icon_-_Happy.png,word_count,120.0
Apu,112,https://static.simpsonswiki.com/images/0/08/Tapped_Out_Apu_Icon_-_Happy.png,word_count,24.0
Apu,116,https://static.simpsonswiki.com/images/0/08/Tapped_Out_Apu_Icon_-_Happy.png,word_count,15.0
Apu,117,https://static.simpsonswiki.com/images/0/08/Tapped_Out_Apu_Icon_-_Happy.png,word_count,6.0
Apu,118,https://static.simpsonswiki.com/images/0/08/Tapped_Out_Apu_Icon_-_Happy.png,word_count,34.0
Apu,121,https://static.simpsonswiki.com/images/0/08/Tapped_Out_Apu_Icon_-_Happy.png,word_count,3.0
Apu,126,https://static.simpsonswiki.com/images/0/08/Tapped_Out_Apu_Icon_-_Happy.png,word_count,46.0
Apu,128,https://static.simpsonswiki.com/images/0/08/Tapped_Out_Apu_Icon_-_Happy.png,word_count,19.0
Apu,129,https://static.simpsonswiki.com/images/0/08/Tapped_Out_Apu_Icon_-_Happy.png,word_count,21.0
Apu,132,https://static.simpsonswiki.com/images/0/08/Tapped_Out_Apu_Icon_-_Happy.png,word_count,14.0
Apu,133,https://static.simpsonswiki.com/images/0/08/Tapped_Out_Apu_Icon_-_Happy.png,word_count,198.0
Apu,138,https://static.simpsonswiki.com/images/0/08/Tapped_Out_Apu_Icon_-_Happy.png,word_count,14.0
Apu,140,https://static.simpsonswiki.com/images/0/08/Tapped_Out_Apu_Icon_-_Happy.png,word_count,130.0
Apu,141,https://static.simpsonswiki.com/images/0/08/Tapped_Out_Apu_Icon_-_Happy.png,word_count,59.0
Apu,142,https://static.simpsonswiki.com/images/0/08/Tapped_Out_Apu_Icon_-_Happy.png,word_count,54.0
Apu,143,https://static.simpsonswiki.com/images/0/08/Tapped_Out_Apu_Icon_-_Happy.png,word_count,9.0
Apu,144,https://static.simpsonswiki.com/images/0/08/Tapped_Out_Apu_Icon_-_Happy.png,word_count,54.0
Apu,146,https://static.simpsonswiki.com/images/0/08/Tapped_Out_Apu_Icon_-_Happy.png,word_count,41.0
Apu,149,https://static.simpsonswiki.com/images/0/08/Tapped_Out_Apu_Icon_-_Happy.png,word_count,129.0
Apu,151,https://static.simpsonswiki.com/images/0/08/Tapped_Out_Apu_Icon_-_Happy.png,word_count,759.0
Apu,153,https://static.simpsonswiki.com/images/0/08/Tapped_Out_Apu_Icon_-_Happy.png,word_count,44.0
Apu,155,https://static.simpsonswiki.com/images/0/08/Tapped_Out_Apu_Icon_-_Happy.png,word_count,45.0
Apu,158,https://static.simpsonswiki.com/images/0/08/Tapped_Out_Apu_Icon_-_Happy.png,word_count,5.0
Apu,160,https://static.simpsonswiki.com/images/0/08/Tapped_Out_Apu_Icon_-_Happy.png,word_count,75.0
Apu,161,https://static.simpsonswiki.com/images/0/08/Tapped_Out_Apu_Icon_-_Happy.png,word_count,72.0
Apu,166,https://static.simpsonswiki.com/images/0/08/Tapped_Out_Apu_Icon_-_Happy.png,word_count,11.0
Apu,171,https://static.simpsonswiki.com/images/0/08/Tapped_Out_Apu_Icon_-_Happy.png,word_count,15.0
Apu,172,https://static.simpsonswiki.com/images/0/08/Tapped_Out_Apu_Icon_-_Happy.png,word_count,1.0
Apu,180,https://static.simpsonswiki.com/images/0/08/Tapped_Out_Apu_Icon_-_Happy.png,word_count,12.0
Apu,181,https://static.simpsonswiki.com/images/0/08/Tapped_Out_Apu_Icon_-_Happy.png,word_count,23.0
Apu,183,https://static.simpsonswiki.com/images/0/08/Tapped_Out_Apu_Icon_-_Happy.png,word_count,10.0
Apu,184,https://static.simpsonswiki.com/images/0/08/Tapped_Out_Apu_Icon_-_Happy.png,word_count,14.0
Apu,185,https://static.simpsonswiki.com/images/0/08/Tapped_Out_Apu_Icon_-_Happy.png,word_count,758.0
Apu,188,https://static.simpsonswiki.com/images/0/08/Tapped_Out_Apu_Icon_-_Happy.png,word_count,21.0
Apu,191,https://static.simpsonswiki.com/images/0/08/Tapped_Out_Apu_Icon_-_Happy.png,word_count,12.0
Apu,193,https://static.simpsonswiki.com/images/0/08/Tapped_Out_Apu_Icon_-_Happy.png,word_count,9.0
Apu,195,https://static.simpsonswiki.com/images/0/08/Tapped_Out_Apu_Icon_-_Happy.png,word_count,194.0
Apu,197,https://static.simpsonswiki.com/images/0/08/Tapped_Out_Apu_Icon_-_Happy.png,word_count,21.0
Apu,198,https://static.simpsonswiki.com/images/0/08/Tapped_Out_Apu_Icon_-_Happy.png,word_count,1.0
Apu,199,https://static.simpsonswiki.com/images/0/08/Tapped_Out_Apu_Icon_-_Happy.png,word_count,26.0
Apu,200,https://static.simpsonswiki.com/images/0/08/Tapped_Out_Apu_Icon_-_Happy.png,word_count,2.0
Apu,201,https://static.simpsonswiki.com/images/0/08/Tapped_Out_Apu_Icon_-_Happy.png,word_count,52.0
Apu,204,https://static.simpsonswiki.com/images/0/08/Tapped_Out_Apu_Icon_-_Happy.png,word_count,64.0
Apu,206,https://static.simpsonswiki.com/images/0/08/Tapped_Out_Apu_Icon_-_Happy.png,word_count,7.0
Apu,207,https://static.simpsonswiki.com/images/0/08/Tapped_Out_Apu_Icon_-_Happy.png,word_count,36.0
Apu,208,https://static.simpsonswiki.com/images/0/08/Tapped_Out_Apu_Icon_-_Happy.png,word_count,41.0
Apu,215,https://static.simpsonswiki.com/images/0/08/Tapped_Out_Apu_Icon_-_Happy.png,word_count,14.0
Apu,217,https://static.simpsonswiki.com/images/0/08/Tapped_Out_Apu_Icon_-_Happy.png,word_count,368.0
Apu,224,https://static.simpsonswiki.com/images/0/08/Tapped_Out_Apu_Icon_-_Happy.png,word_count,6.0
Apu,228,https://static.simpsonswiki.com/images/0/08/Tapped_Out_Apu_Icon_-_Happy.png,word_count,33.0
Apu,231,https://static.simpsonswiki.com/images/0/08/Tapped_Out_Apu_Icon_-_Happy.png,word_count,8.0
Apu,233,https://static.simpsonswiki.com/images/0/08/Tapped_Out_Apu_Icon_-_Happy.png,word_count,734.0
Apu,234,https://static.simpsonswiki.com/images/0/08/Tapped_Out_Apu_Icon_-_Happy.png,word_count,20.0
Apu,238,https://static.simpsonswiki.com/images/0/08/Tapped_Out_Apu_Icon_-_Happy.png,word_count,21.0
Apu,240,https://static.simpsonswiki.com/images/0/08/Tapped_Out_Apu_Icon_-_Happy.png,word_count,57.0
Apu,244,https://static.simpsonswiki.com/images/0/08/Tapped_Out_Apu_Icon_-_Happy.png,word_count,18.0
Apu,248,https://static.simpsonswiki.com/images/0/08/Tapped_Out_Apu_Icon_-_Happy.png,word_count,26.0
Apu,249,https://static.simpsonswiki.com/images/0/08/Tapped_Out_Apu_Icon_-_Happy.png,word_count,2.0
Apu,250,https://static.simpsonswiki.com/images/0/08/Tapped_Out_Apu_Icon_-_Happy.png,word_count,38.0
Apu,251,https://static.simpsonswiki.com/images/0/08/Tapped_Out_Apu_Icon_-_Happy.png,word_count,2.0
Apu,252,https://static.simpsonswiki.com/images/0/08/Tapped_Out_Apu_Icon_-_Happy.png,word_count,4.0
Apu,254,https://static.simpsonswiki.com/images/0/08/Tapped_Out_Apu_Icon_-_Happy.png,word_count,20.0
Apu,256,https://static.simpsonswiki.com/images/0/08/Tapped_Out_Apu_Icon_-_Happy.png,word_count,4.0
Apu,258,https://static.simpsonswiki.com/images/0/08/Tapped_Out_Apu_Icon_-_Happy.png,word_count,16.0
Apu,259,https://static.simpsonswiki.com/images/0/08/Tapped_Out_Apu_Icon_-_Happy.png,word_count,32.0
Apu,264,https://static.simpsonswiki.com/images/0/08/Tapped_Out_Apu_Icon_-_Happy.png,word_count,12.0
Apu,267,https://static.simpsonswiki.com/images/0/08/Tapped_Out_Apu_Icon_-_Happy.png,word_count,4.0
Apu,268,https://static.simpsonswiki.com/images/0/08/Tapped_Out_Apu_Icon_-_Happy.png,word_count,24.0
Apu,269,https://static.simpsonswiki.com/images/0/08/Tapped_Out_Apu_Icon_-_Happy.png,word_count,35.0
Apu,277,https://static.simpsonswiki.com/images/0/08/Tapped_Out_Apu_Icon_-_Happy.png,word_count,98.0
Apu,278,https://static.simpsonswiki.com/images/0/08/Tapped_Out_Apu_Icon_-_Happy.png,word_count,11.0
Apu,281,https://static.simpsonswiki.com/images/0/08/Tapped_Out_Apu_Icon_-_Happy.png,word_count,20.0
Apu,282,https://static.simpsonswiki.com/images/0/08/Tapped_Out_Apu_Icon_-_Happy.png,word_count,41.0
Apu,283,https://static.simpsonswiki.com/images/0/08/Tapped_Out_Apu_Icon_-_Happy.png,word_count,16.0
Apu,288,https://static.simpsonswiki.com/images/0/08/Tapped_Out_Apu_Icon_-_Happy.png,word_count,563.0
Apu,291,https://static.simpsonswiki.com/images/0/08/Tapped_Out_Apu_Icon_-_Happy.png,word_count,29.0
Apu,293,https://static.simpsonswiki.com/images/0/08/Tapped_Out_Apu_Icon_-_Happy.png,word_count,28.0
Apu,296,https://static.simpsonswiki.com/images/0/08/Tapped_Out_Apu_Icon_-_Happy.png,word_count,49.0
Apu,297,https://static.simpsonswiki.com/images/0/08/Tapped_Out_Apu_Icon_-_Happy.png,word_count,32.0
Apu,300,https://static.simpsonswiki.com/images/0/08/Tapped_Out_Apu_Icon_-_Happy.png,word_count,57.0
Apu,303,https://static.simpsonswiki.com/images/0/08/Tapped_Out_Apu_Icon_-_Happy.png,word_count,38.0
Apu,304,https://static.simpsonswiki.com/images/0/08/Tapped_Out_Apu_Icon_-_Happy.png,word_count,24.0
Apu,305,https://static.simpsonswiki.com/images/0/08/Tapped_Out_Apu_Icon_-_Happy.png,word_count,6.0
Apu,309,https://static.simpsonswiki.com/images/0/08/Tapped_Out_Apu_Icon_-_Happy.png,word_count,9.0
Apu,311,https://static.simpsonswiki.com/images/0/08/Tapped_Out_Apu_Icon_-_Happy.png,word_count,21.0
Apu,312,https://static.simpsonswiki.com/images/0/08/Tapped_Out_Apu_Icon_-_Happy.png,word_count,39.0
Apu,313,https://static.simpsonswiki.com/images/0/08/Tapped_Out_Apu_Icon_-_Happy.png,word_count,16.0
Apu,323,https://static.simpsonswiki.com/images/0/08/Tapped_Out_Apu_Icon_-_Happy.png,word_count,52.0
Apu,325,https://static.simpsonswiki.com/images/0/08/Tapped_Out_Apu_Icon_-_Happy.png,word_count,40.0
Apu,326,https://static.simpsonswiki.com/images/0/08/Tapped_Out_Apu_Icon_-_Happy.png,word_count,36.0
Apu,332,https://static.simpsonswiki.com/images/0/08/Tapped_Out_Apu_Icon_-_Happy.png,word_count,76.0
Apu,334,https://static.simpsonswiki.com/images/0/08/Tapped_Out_Apu_Icon_-_Happy.png,word_count,60.0
Apu,336,https://static.simpsonswiki.com/images/0/08/Tapped_Out_Apu_Icon_-_Happy.png,word_count,22.0
Apu,337,https://static.simpsonswiki.com/images/0/08/Tapped_Out_Apu_Icon_-_Happy.png,word_count,45.0
Apu,340,https://static.simpsonswiki.com/images/0/08/Tapped_Out_Apu_Icon_-_Happy.png,word_count,9.0
Apu,341,https://static.simpsonswiki.com/images/0/08/Tapped_Out_Apu_Icon_-_Happy.png,word_count,184.0
Apu,344,https://static.simpsonswiki.com/images/0/08/Tapped_Out_Apu_Icon_-_Happy.png,word_count,28.0
Apu,350,https://static.simpsonswiki.com/images/0/08/Tapped_Out_Apu_Icon_-_Happy.png,word_count,32.0
Apu,353,https://static.simpsonswiki.com/images/0/08/Tapped_Out_Apu_Icon_-_Happy.png,word_count,16.0
Apu,355,https://static.simpsonswiki.com/images/0/08/Tapped_Out_Apu_Icon_-_Happy.png,word_count,13.0
Apu,360,https://static.simpsonswiki.com/images/0/08/Tapped_Out_Apu_Icon_-_Happy.png,word_count,40.0
Apu,361,https://static.simpsonswiki.com/images/0/08/Tapped_Out_Apu_Icon_-_Happy.png,word_count,34.0
Apu,365,https://static.simpsonswiki.com/images/0/08/Tapped_Out_Apu_Icon_-_Happy.png,word_count,35.0
Apu,386,https://static.simpsonswiki.com/images/0/08/Tapped_Out_Apu_Icon_-_Happy.png,word_count,8.0
Apu,389,https://static.simpsonswiki.com/images/0/08/Tapped_Out_Apu_Icon_-_Happy.png,word_count,37.0
Apu,392,https://static.simpsonswiki.com/images/0/08/Tapped_Out_Apu_Icon_-_Happy.png,word_count,28.0
Apu,394,https://static.simpsonswiki.com/images/0/08/Tapped_Out_Apu_Icon_-_Happy.png,word_count,12.0
Apu,395,https://static.simpsonswiki.com/images/0/08/Tapped_Out_Apu_Icon_-_Happy.png,word_count,64.0
Apu,396,https://static.simpsonswiki.com/images/0/08/Tapped_Out_Apu_Icon_-_Happy.png,word_count,35.0
Apu,397,https://static.simpsonswiki.com/images/0/08/Tapped_Out_Apu_Icon_-_Happy.png,word_count,61.0
Apu,399,https://static.simpsonswiki.com/images/0/08/Tapped_Out_Apu_Icon_-_Happy.png,word_count,50.0
Apu,403,https://static.simpsonswiki.com/images/0/08/Tapped_Out_Apu_Icon_-_Happy.png,word_count,22.0
Apu,405,https://static.simpsonswiki.com/images/0/08/Tapped_Out_Apu_Icon_-_Happy.png,word_count,6.0
Apu,410,https://static.simpsonswiki.com/images/0/08/Tapped_Out_Apu_Icon_-_Happy.png,word_count,5.0
Apu,415,https://static.simpsonswiki.com/images/0/08/Tapped_Out_Apu_Icon_-_Happy.png,word_count,51.0
Apu,417,https://static.simpsonswiki.com/images/0/08/Tapped_Out_Apu_Icon_-_Happy.png,word_count,28.0
Apu,419,https://static.simpsonswiki.com/images/0/08/Tapped_Out_Apu_Icon_-_Happy.png,word_count,66.0
Apu,423,https://static.simpsonswiki.com/images/0/08/Tapped_Out_Apu_Icon_-_Happy.png,word_count,42.0
Apu,426,https://static.simpsonswiki.com/images/0/08/Tapped_Out_Apu_Icon_-_Happy.png,word_count,13.0
Apu,429,https://static.simpsonswiki.com/images/0/08/Tapped_Out_Apu_Icon_-_Happy.png,word_count,27.0
Apu,435,https://static.simpsonswiki.com/images/0/08/Tapped_Out_Apu_Icon_-_Happy.png,word_count,54.0
Apu,437,https://static.simpsonswiki.com/images/0/08/Tapped_Out_Apu_Icon_-_Happy.png,word_count,68.0
Apu,442,https://static.simpsonswiki.com/images/0/08/Tapped_Out_Apu_Icon_-_Happy.png,word_count,53.0
Apu,445,https://static.simpsonswiki.com/images/0/08/Tapped_Out_Apu_Icon_-_Happy.png,word_count,66.0
Apu,449,https://static.simpsonswiki.com/images/0/08/Tapped_Out_Apu_Icon_-_Happy.png,word_count,29.0
Apu,452,https://static.simpsonswiki.com/images/0/08/Tapped_Out_Apu_Icon_-_Happy.png,word_count,49.0
Apu,455,https://static.simpsonswiki.com/images/0/08/Tapped_Out_Apu_Icon_-_Happy.png,word_count,16.0
Apu,460,https://static.simpsonswiki.com/images/0/08/Tapped_Out_Apu_Icon_-_Happy.png,word_count,6.0
Apu,462,https://static.simpsonswiki.com/images/0/08/Tapped_Out_Apu_Icon_-_Happy.png,word_count,350.0
Apu,463,https://static.simpsonswiki.com/images/0/08/Tapped_Out_Apu_Icon_-_Happy.png,word_count,8.0
Apu,464,https://static.simpsonswiki.com/images/0/08/Tapped_Out_Apu_Icon_-_Happy.png,word_count,5.0
Apu,468,https://static.simpsonswiki.com/images/0/08/Tapped_Out_Apu_Icon_-_Happy.png,word_count,1.0
Apu,470,https://static.simpsonswiki.com/images/0/08/Tapped_Out_Apu_Icon_-_Happy.png,word_count,74.0
Apu,476,https://static.simpsonswiki.com/images/0/08/Tapped_Out_Apu_Icon_-_Happy.png,word_count,63.0
Apu,492,https://static.simpsonswiki.com/images/0/08/Tapped_Out_Apu_Icon_-_Happy.png,word_count,8.0
Apu,495,https://static.simpsonswiki.com/images/0/08/Tapped_Out_Apu_Icon_-_Happy.png,word_count,36.0
Apu,496,https://static.simpsonswiki.com/images/0/08/Tapped_Out_Apu_Icon_-_Happy.png,word_count,22.0
Apu,501,https://static.simpsonswiki.com/images/0/08/Tapped_Out_Apu_Icon_-_Happy.png,word_count,168.0
Apu,502,https://static.simpsonswiki.com/images/0/08/Tapped_Out_Apu_Icon_-_Happy.png,word_count,47.0
Apu,513,https://static.simpsonswiki.com/images/0/08/Tapped_Out_Apu_Icon_-_Happy.png,word_count,8.0
Apu,514,https://static.simpsonswiki.com/images/0/08/Tapped_Out_Apu_Icon_-_Happy.png,word_count,2.0
Apu,516,https://static.simpsonswiki.com/images/0/08/Tapped_Out_Apu_Icon_-_Happy.png,word_count,41.0
Apu,521,https://static.simpsonswiki.com/images/0/08/Tapped_Out_Apu_Icon_-_Happy.png,word_count,28.0
Apu,522,https://static.simpsonswiki.com/images/0/08/Tapped_Out_Apu_Icon_-_Happy.png,word_count,16.0
Apu,523,https://static.simpsonswiki.com/images/0/08/Tapped_Out_Apu_Icon_-_Happy.png,word_count,13.0
Apu,524,https://static.simpsonswiki.com/images/0/08/Tapped_Out_Apu_Icon_-_Happy.png,word_count,8.0
Apu,526,https://static.simpsonswiki.com/images/0/08/Tapped_Out_Apu_Icon_-_Happy.png,word_count,48.0
Apu,528,https://static.simpsonswiki.com/images/0/08/Tapped_Out_Apu_Icon_-_Happy.png,word_count,27.0
Apu,530,https://static.simpsonswiki.com/images/0/08/Tapped_Out_Apu_Icon_-_Happy.png,word_count,17.0
Apu,531,https://static.simpsonswiki.com/images/0/08/Tapped_Out_Apu_Icon_-_Happy.png,word_count,16.0
Apu,532,https://static.simpsonswiki.com/images/0/08/Tapped_Out_Apu_Icon_-_Happy.png,word_count,20.0
Apu,538,https://static.simpsonswiki.com/images/0/08/Tapped_Out_Apu_Icon_-_Happy.png,word_count,52.0
Apu,540,https://static.simpsonswiki.com/images/0/08/Tapped_Out_Apu_Icon_-_Happy.png,word_count,5.0
Apu,545,https://static.simpsonswiki.com/images/0/08/Tapped_Out_Apu_Icon_-_Happy.png,word_count,4.0
Apu,554,https://static.simpsonswiki.com/images/0/08/Tapped_Out_Apu_Icon_-_Happy.png,word_count,9.0
Apu,560,https://static.simpsonswiki.com/images/0/08/Tapped_Out_Apu_Icon_-_Happy.png,word_count,434.0
Apu,561,https://static.simpsonswiki.com/images/0/08/Tapped_Out_Apu_Icon_-_Happy.png,word_count,96.0
Apu,567,https://static.simpsonswiki.com/images/0/08/Tapped_Out_Apu_Icon_-_Happy.png,word_count,8.0
Apu,568,https://static.simpsonswiki.com/images/0/08/Tapped_Out_Apu_Icon_-_Happy.png,word_count,354.0
Bart,1,https://img.icons8.com/doodle/48/bart-simpson.png,word_count,337.0
Bart,2,https://img.icons8.com/doodle/48/bart-simpson.png,word_count,631.0
Bart,3,https://img.icons8.com/doodle/48/bart-simpson.png,word_count,209.0
Bart,4,https://img.icons8.com/doodle/48/bart-simpson.png,word_count,189.0
Bart,5,https://img.icons8.com/doodle/48/bart-simpson.png,word_count,796.0
Bart,6,https://img.icons8.com/doodle/48/bart-simpson.png,word_count,400.0
Bart,7,https://img.icons8.com/doodle/48/bart-simpson.png,word_count,179.0
Bart,8,https://img.icons8.com/doodle/48/bart-simpson.png,word_count,560.0
Bart,9,https://img.icons8.com/doodle/48/bart-simpson.png,word_count,294.0
Bart,10,https://img.icons8.com/doodle/48/bart-simpson.png,word_count,261.0
Bart,11,https://img.icons8.com/doodle/48/bart-simpson.png,word_count,391.0
Bart,12,https://img.icons8.com/doodle/48/bart-simpson.png,word_count,395.0
Bart,13,https://img.icons8.com/doodle/48/bart-simpson.png,word_count,260.0
Bart,14,https://img.icons8.com/doodle/48/bart-simpson.png,word_count,1067.0
Bart,15,https://img.icons8.com/doodle/48/bart-simpson.png,word_count,29.0
Bart,16,https://img.icons8.com/doodle/48/bart-simpson.png,word_count,237.0
Bart,17,https://img.icons8.com/doodle/48/bart-simpson.png,word_count,65.0
Bart,18,https://img.icons8.com/doodle/48/bart-simpson.png,word_count,152.0
Bart,19,https://img.icons8.com/doodle/48/bart-simpson.png,word_count,234.0
Bart,20,https://img.icons8.com/doodle/48/bart-simpson.png,word_count,518.0
Bart,21,https://img.icons8.com/doodle/48/bart-simpson.png,word_count,357.0
Bart,22,https://img.icons8.com/doodle/48/bart-simpson.png,word_count,102.0
Bart,23,https://img.icons8.com/doodle/48/bart-simpson.png,word_count,193.0
Bart,24,https://img.icons8.com/doodle/48/bart-simpson.png,word_count,162.0
Bart,25,https://img.icons8.com/doodle/48/bart-simpson.png,word_count,71.0
Bart,26,https://img.icons8.com/doodle/48/bart-simpson.png,word_count,214.0
Bart,27,https://img.icons8.com/doodle/48/bart-simpson.png,word_count,106.0
Bart,28,https://img.icons8.com/doodle/48/bart-simpson.png,word_count,116.0
Bart,29,https://img.icons8.com/doodle/48/bart-simpson.png,word_count,323.0
Bart,30,https://img.icons8.com/doodle/48/bart-simpson.png,word_count,93.0
Bart,31,https://img.icons8.com/doodle/48/bart-simpson.png,word_count,111.0
Bart,32,https://img.icons8.com/doodle/48/bart-simpson.png,word_count,197.0
Bart,33,https://img.icons8.com/doodle/48/bart-simpson.png,word_count,266.0
Bart,34,https://img.icons8.com/doodle/48/bart-simpson.png,word_count,924.0
Bart,35,https://img.icons8.com/doodle/48/bart-simpson.png,word_count,191.0
Bart,36,https://img.icons8.com/doodle/48/bart-simpson.png,word_count,539.0
Bart,37,https://img.icons8.com/doodle/48/bart-simpson.png,word_count,143.0
Bart,38,https://img.icons8.com/doodle/48/bart-simpson.png,word_count,210.0
Bart,39,https://img.icons8.com/doodle/48/bart-simpson.png,word_count,355.0
Bart,40,https://img.icons8.com/doodle/48/bart-simpson.png,word_count,272.0
Bart,41,https://img.icons8.com/doodle/48/bart-simpson.png,word_count,490.0
Bart,42,https://img.icons8.com/doodle/48/bart-simpson.png,word_count,223.0
Bart,43,https://img.icons8.com/doodle/48/bart-simpson.png,word_count,147.0
Bart,44,https://img.icons8.com/doodle/48/bart-simpson.png,word_count,382.0
Bart,45,https://img.icons8.com/doodle/48/bart-simpson.png,word_count,146.0
Bart,46,https://img.icons8.com/doodle/48/bart-simpson.png,word_count,159.0
Bart,47,https://img.icons8.com/doodle/48/bart-simpson.png,word_count,89.0
Bart,48,https://img.icons8.com/doodle/48/bart-simpson.png,word_count,459.0
Bart,49,https://img.icons8.com/doodle/48/bart-simpson.png,word_count,152.0
Bart,50,https://img.icons8.com/doodle/48/bart-simpson.png,word_count,81.0
Bart,51,https://img.icons8.com/doodle/48/bart-simpson.png,word_count,400.0
Bart,52,https://img.icons8.com/doodle/48/bart-simpson.png,word_count,85.0
Bart,53,https://img.icons8.com/doodle/48/bart-simpson.png,word_count,394.0
Bart,54,https://img.icons8.com/doodle/48/bart-simpson.png,word_count,171.0
Bart,55,https://img.icons8.com/doodle/48/bart-simpson.png,word_count,96.0
Bart,56,https://img.icons8.com/doodle/48/bart-simpson.png,word_count,303.0
Bart,57,https://img.icons8.com/doodle/48/bart-simpson.png,word_count,266.0
Bart,58,https://img.icons8.com/doodle/48/bart-simpson.png,word_count,600.0
Bart,59,https://img.icons8.com/doodle/48/bart-simpson.png,word_count,171.0
Bart,60,https://img.icons8.com/doodle/48/bart-simpson.png,word_count,539.0
Bart,61,https://img.icons8.com/doodle/48/bart-simpson.png,word_count,65.0
Bart,62,https://img.icons8.com/doodle/48/bart-simpson.png,word_count,78.0
Bart,63,https://img.icons8.com/doodle/48/bart-simpson.png,word_count,195.0
Bart,64,https://img.icons8.com/doodle/48/bart-simpson.png,word_count,251.0
Bart,65,https://img.icons8.com/doodle/48/bart-simpson.png,word_count,335.0
Bart,66,https://img.icons8.com/doodle/48/bart-simpson.png,word_count,127.0
Bart,67,https://img.icons8.com/doodle/48/bart-simpson.png,word_count,330.0
Bart,68,https://img.icons8.com/doodle/48/bart-simpson.png,word_count,40.0
Bart,69,https://img.icons8.com/doodle/48/bart-simpson.png,word_count,308.0
Bart,70,https://img.icons8.com/doodle/48/bart-simpson.png,word_count,69.0
Bart,71,https://img.icons8.com/doodle/48/bart-simpson.png,word_count,113.0
Bart,72,https://img.icons8.com/doodle/48/bart-simpson.png,word_count,155.0
Bart,73,https://img.icons8.com/doodle/48/bart-simpson.png,word_count,305.0
Bart,74,https://img.icons8.com/doodle/48/bart-simpson.png,word_count,162.0
Bart,75,https://img.icons8.com/doodle/48/bart-simpson.png,word_count,127.0
Bart,76,https://img.icons8.com/doodle/48/bart-simpson.png,word_count,67.0
Bart,77,https://img.icons8.com/doodle/48/bart-simpson.png,word_count,199.0
Bart,78,https://img.icons8.com/doodle/48/bart-simpson.png,word_count,242.0
Bart,79,https://img.icons8.com/doodle/48/bart-simpson.png,word_count,252.0
Bart,80,https://img.icons8.com/doodle/48/bart-simpson.png,word_count,126.0
Bart,81,https://img.icons8.com/doodle/48/bart-simpson.png,word_count,166.0
Bart,82,https://img.icons8.com/doodle/48/bart-simpson.png,word_count,109.0
Bart,83,https://img.icons8.com/doodle/48/bart-simpson.png,word_count,173.0
Bart,84,https://img.icons8.com/doodle/48/bart-simpson.png,word_count,128.0
Bart,85,https://img.icons8.com/doodle/48/bart-simpson.png,word_count,75.0
Bart,86,https://img.icons8.com/doodle/48/bart-simpson.png,word_count,382.0
Bart,87,https://img.icons8.com/doodle/48/bart-simpson.png,word_count,61.0
Bart,88,https://img.icons8.com/doodle/48/bart-simpson.png,word_count,155.0
Bart,89,https://img.icons8.com/doodle/48/bart-simpson.png,word_count,421.0
Bart,90,https://img.icons8.com/doodle/48/bart-simpson.png,word_count,114.0
Bart,91,https://img.icons8.com/doodle/48/bart-simpson.png,word_count,67.0
Bart,92,https://img.icons8.com/doodle/48/bart-simpson.png,word_count,47.0
Bart,93,https://img.icons8.com/doodle/48/bart-simpson.png,word_count,507.0
Bart,94,https://img.icons8.com/doodle/48/bart-simpson.png,word_count,32.0
Bart,95,https://img.icons8.com/doodle/48/bart-simpson.png,word_count,80.0
Bart,96,https://img.icons8.com/doodle/48/bart-simpson.png,word_count,66.0
Bart,97,https://img.icons8.com/doodle/48/bart-simpson.png,word_count,68.0
Bart,98,https://img.icons8.com/doodle/48/bart-simpson.png,word_count,415.0
Bart,99,https://img.icons8.com/doodle/48/bart-simpson.png,word_count,293.0
Bart,100,https://img.icons8.com/doodle/48/bart-simpson.png,word_count,388.0
Bart,101,https://img.icons8.com/doodle/48/bart-simpson.png,word_count,391.0
Bart,102,https://img.icons8.com/doodle/48/bart-simpson.png,word_count,256.0
Bart,103,https://img.icons8.com/doodle/48/bart-simpson.png,word_count,90.0
Bart,104,https://img.icons8.com/doodle/48/bart-simpson.png,word_count,540.0
Bart,105,https://img.icons8.com/doodle/48/bart-simpson.png,word_count,346.0
Bart,106,https://img.icons8.com/doodle/48/bart-simpson.png,word_count,93.0
Bart,107,https://img.icons8.com/doodle/48/bart-simpson.png,word_count,263.0
Bart,108,https://img.icons8.com/doodle/48/bart-simpson.png,word_count,178.0
Bart,109,https://img.icons8.com/doodle/48/bart-simpson.png,word_count,129.0
Bart,110,https://img.icons8.com/doodle/48/bart-simpson.png,word_count,864.0
Bart,111,https://img.icons8.com/doodle/48/bart-simpson.png,word_count,240.0
Bart,112,https://img.icons8.com/doodle/48/bart-simpson.png,word_count,141.0
Bart,113,https://img.icons8.com/doodle/48/bart-simpson.png,word_count,195.0
Bart,114,https://img.icons8.com/doodle/48/bart-simpson.png,word_count,74.0
Bart,115,https://img.icons8.com/doodle/48/bart-simpson.png,word_count,48.0
Bart,116,https://img.icons8.com/doodle/48/bart-simpson.png,word_count,87.0
Bart,117,https://img.icons8.com/doodle/48/bart-simpson.png,word_count,219.0
Bart,118,https://img.icons8.com/doodle/48/bart-simpson.png,word_count,92.0
Bart,119,https://img.icons8.com/doodle/48/bart-simpson.png,word_count,431.0
Bart,120,https://img.icons8.com/doodle/48/bart-simpson.png,word_count,302.0
Bart,121,https://img.icons8.com/doodle/48/bart-simpson.png,word_count,153.0
Bart,122,https://img.icons8.com/doodle/48/bart-simpson.png,word_count,142.0
Bart,123,https://img.icons8.com/doodle/48/bart-simpson.png,word_count,308.0
Bart,124,https://img.icons8.com/doodle/48/bart-simpson.png,word_count,358.0
Bart,125,https://img.icons8.com/doodle/48/bart-simpson.png,word_count,258.0
Bart,126,https://img.icons8.com/doodle/48/bart-simpson.png,word_count,64.0
Bart,127,https://img.icons8.com/doodle/48/bart-simpson.png,word_count,639.0
Bart,128,https://img.icons8.com/doodle/48/bart-simpson.png,word_count,76.0
Bart,129,https://img.icons8.com/doodle/48/bart-simpson.png,word_count,31.0
Bart,130,https://img.icons8.com/doodle/48/bart-simpson.png,word_count,429.0
Bart,131,https://img.icons8.com/doodle/48/bart-simpson.png,word_count,126.0
Bart,132,https://img.icons8.com/doodle/48/bart-simpson.png,word_count,508.0
Bart,133,https://img.icons8.com/doodle/48/bart-simpson.png,word_count,148.0
Bart,134,https://img.icons8.com/doodle/48/bart-simpson.png,word_count,227.0
Bart,135,https://img.icons8.com/doodle/48/bart-simpson.png,word_count,167.0
Bart,136,https://img.icons8.com/doodle/48/bart-simpson.png,word_count,119.0
Bart,137,https://img.icons8.com/doodle/48/bart-simpson.png,word_count,189.0
Bart,138,https://img.icons8.com/doodle/48/bart-simpson.png,word_count,126.0
Bart,139,https://img.icons8.com/doodle/48/bart-simpson.png,word_count,526.0
Bart,140,https://img.icons8.com/doodle/48/bart-simpson.png,word_count,116.0
Bart,141,https://img.icons8.com/doodle/48/bart-simpson.png,word_count,181.0
Bart,142,https://img.icons8.com/doodle/48/bart-simpson.png,word_count,82.0
Bart,143,https://img.icons8.com/doodle/48/bart-simpson.png,word_count,533.0
Bart,144,https://img.icons8.com/doodle/48/bart-simpson.png,word_count,52.0
Bart,145,https://img.icons8.com/doodle/48/bart-simpson.png,word_count,49.0
Bart,146,https://img.icons8.com/doodle/48/bart-simpson.png,word_count,551.0
Bart,147,https://img.icons8.com/doodle/48/bart-simpson.png,word_count,14.0
Bart,148,https://img.icons8.com/doodle/48/bart-simpson.png,word_count,475.0
Bart,149,https://img.icons8.com/doodle/48/bart-simpson.png,word_count,77.0
Bart,150,https://img.icons8.com/doodle/48/bart-simpson.png,word_count,358.0
Bart,151,https://img.icons8.com/doodle/48/bart-simpson.png,word_count,44.0
Bart,152,https://img.icons8.com/doodle/48/bart-simpson.png,word_count,166.0
Bart,153,https://img.icons8.com/doodle/48/bart-simpson.png,word_count,261.0
Bart,154,https://img.icons8.com/doodle/48/bart-simpson.png,word_count,169.0
Bart,155,https://img.icons8.com/doodle/48/bart-simpson.png,word_count,132.0
Bart,156,https://img.icons8.com/doodle/48/bart-simpson.png,word_count,161.0
Bart,157,https://img.icons8.com/doodle/48/bart-simpson.png,word_count,54.0
Bart,158,https://img.icons8.com/doodle/48/bart-simpson.png,word_count,263.0
Bart,159,https://img.icons8.com/doodle/48/bart-simpson.png,word_count,95.0
Bart,160,https://img.icons8.com/doodle/48/bart-simpson.png,word_count,49.0
Bart,161,https://img.icons8.com/doodle/48/bart-simpson.png,word_count,36.0
Bart,162,https://img.icons8.com/doodle/48/bart-simpson.png,word_count,74.0
Bart,163,https://img.icons8.com/doodle/48/bart-simpson.png,word_count,144.0
Bart,164,https://img.icons8.com/doodle/48/bart-simpson.png,word_count,42.0
Bart,165,https://img.icons8.com/doodle/48/bart-simpson.png,word_count,113.0
Bart,166,https://img.icons8.com/doodle/48/bart-simpson.png,word_count,171.0
Bart,167,https://img.icons8.com/doodle/48/bart-simpson.png,word_count,176.0
Bart,168,https://img.icons8.com/doodle/48/bart-simpson.png,word_count,231.0
Bart,169,https://img.icons8.com/doodle/48/bart-simpson.png,word_count,316.0
Bart,170,https://img.icons8.com/doodle/48/bart-simpson.png,word_count,399.0
Bart,171,https://img.icons8.com/doodle/48/bart-simpson.png,word_count,161.0
Bart,172,https://img.icons8.com/doodle/48/bart-simpson.png,word_count,341.0
Bart,173,https://img.icons8.com/doodle/48/bart-simpson.png,word_count,903.0
Bart,174,https://img.icons8.com/doodle/48/bart-simpson.png,word_count,50.0
Bart,175,https://img.icons8.com/doodle/48/bart-simpson.png,word_count,85.0
Bart,176,https://img.icons8.com/doodle/48/bart-simpson.png,word_count,130.0
Bart,177,https://img.icons8.com/doodle/48/bart-simpson.png,word_count,58.0
Bart,178,https://img.icons8.com/doodle/48/bart-simpson.png,word_count,347.0
Bart,179,https://img.icons8.com/doodle/48/bart-simpson.png,word_count,147.0
Bart,180,https://img.icons8.com/doodle/48/bart-simpson.png,word_count,116.0
Bart,181,https://img.icons8.com/doodle/48/bart-simpson.png,word_count,178.0
Bart,182,https://img.icons8.com/doodle/48/bart-simpson.png,word_count,193.0
Bart,183,https://img.icons8.com/doodle/48/bart-simpson.png,word_count,145.0
Bart,184,https://img.icons8.com/doodle/48/bart-simpson.png,word_count,224.0
Bart,185,https://img.icons8.com/doodle/48/bart-simpson.png,word_count,52.0
Bart,186,https://img.icons8.com/doodle/48/bart-simpson.png,word_count,69.0
Bart,187,https://img.icons8.com/doodle/48/bart-simpson.png,word_count,48.0
Bart,188,https://img.icons8.com/doodle/48/bart-simpson.png,word_count,384.0
Bart,189,https://img.icons8.com/doodle/48/bart-simpson.png,word_count,81.0
Bart,190,https://img.icons8.com/doodle/48/bart-simpson.png,word_count,365.0
Bart,191,https://img.icons8.com/doodle/48/bart-simpson.png,word_count,121.0
Bart,192,https://img.icons8.com/doodle/48/bart-simpson.png,word_count,410.0
Bart,193,https://img.icons8.com/doodle/48/bart-simpson.png,word_count,304.0
Bart,194,https://img.icons8.com/doodle/48/bart-simpson.png,word_count,46.0
Bart,195,https://img.icons8.com/doodle/48/bart-simpson.png,word_count,148.0
Bart,196,https://img.icons8.com/doodle/48/bart-simpson.png,word_count,715.0
Bart,197,https://img.icons8.com/doodle/48/bart-simpson.png,word_count,156.0
Bart,198,https://img.icons8.com/doodle/48/bart-simpson.png,word_count,33.0
Bart,199,https://img.icons8.com/doodle/48/bart-simpson.png,word_count,664.0
Bart,200,https://img.icons8.com/doodle/48/bart-simpson.png,word_count,57.0
Bart,201,https://img.icons8.com/doodle/48/bart-simpson.png,word_count,252.0
Bart,202,https://img.icons8.com/doodle/48/bart-simpson.png,word_count,232.0
Bart,203,https://img.icons8.com/doodle/48/bart-simpson.png,word_count,175.0
Bart,204,https://img.icons8.com/doodle/48/bart-simpson.png,word_count,152.0
Bart,205,https://img.icons8.com/doodle/48/bart-simpson.png,word_count,175.0
Bart,206,https://img.icons8.com/doodle/48/bart-simpson.png,word_count,526.0
Bart,207,https://img.icons8.com/doodle/48/bart-simpson.png,word_count,181.0
Bart,208,https://img.icons8.com/doodle/48/bart-simpson.png,word_count,98.0
Bart,209,https://img.icons8.com/doodle/48/bart-simpson.png,word_count,72.0
Bart,210,https://img.icons8.com/doodle/48/bart-simpson.png,word_count,181.0
Bart,211,https://img.icons8.com/doodle/48/bart-simpson.png,word_count,91.0
Bart,212,https://img.icons8.com/doodle/48/bart-simpson.png,word_count,89.0
Bart,213,https://img.icons8.com/doodle/48/bart-simpson.png,word_count,27.0
Bart,214,https://img.icons8.com/doodle/48/bart-simpson.png,word_count,267.0
Bart,215,https://img.icons8.com/doodle/48/bart-simpson.png,word_count,83.0
Bart,216,https://img.icons8.com/doodle/48/bart-simpson.png,word_count,23.0
Bart,217,https://img.icons8.com/doodle/48/bart-simpson.png,word_count,99.0
Bart,218,https://img.icons8.com/doodle/48/bart-simpson.png,word_count,123.0
Bart,219,https://img.icons8.com/doodle/48/bart-simpson.png,word_count,150.0
Bart,220,https://img.icons8.com/doodle/48/bart-simpson.png,word_count,177.0
Bart,221,https://img.icons8.com/doodle/48/bart-simpson.png,word_count,275.0
Bart,222,https://img.icons8.com/doodle/48/bart-simpson.png,word_count,74.0
Bart,223,https://img.icons8.com/doodle/48/bart-simpson.png,word_count,424.0
Bart,224,https://img.icons8.com/doodle/48/bart-simpson.png,word_count,63.0
Bart,225,https://img.icons8.com/doodle/48/bart-simpson.png,word_count,46.0
Bart,226,https://img.icons8.com/doodle/48/bart-simpson.png,word_count,170.0
Bart,227,https://img.icons8.com/doodle/48/bart-simpson.png,word_count,51.0
Bart,228,https://img.icons8.com/doodle/48/bart-simpson.png,word_count,445.0
Bart,229,https://img.icons8.com/doodle/48/bart-simpson.png,word_count,101.0
Bart,230,https://img.icons8.com/doodle/48/bart-simpson.png,word_count,179.0
Bart,231,https://img.icons8.com/doodle/48/bart-simpson.png,word_count,144.0
Bart,232,https://img.icons8.com/doodle/48/bart-simpson.png,word_count,22.0
Bart,233,https://img.icons8.com/doodle/48/bart-simpson.png,word_count,55.0
Bart,234,https://img.icons8.com/doodle/48/bart-simpson.png,word_count,84.0
Bart,235,https://img.icons8.com/doodle/48/bart-simpson.png,word_count,293.0
Bart,236,https://img.icons8.com/doodle/48/bart-simpson.png,word_count,218.0
Bart,237,https://img.icons8.com/doodle/48/bart-simpson.png,word_count,405.0
Bart,238,https://img.icons8.com/doodle/48/bart-simpson.png,word_count,59.0
Bart,239,https://img.icons8.com/doodle/48/bart-simpson.png,word_count,214.0
Bart,240,https://img.icons8.com/doodle/48/bart-simpson.png,word_count,112.0
Bart,241,https://img.icons8.com/doodle/48/bart-simpson.png,word_count,97.0
Bart,242,https://img.icons8.com/doodle/48/bart-simpson.png,word_count,82.0
Bart,243,https://img.icons8.com/doodle/48/bart-simpson.png,word_count,898.0
Bart,244,https://img.icons8.com/doodle/48/bart-simpson.png,word_count,153.0
Bart,245,https://img.icons8.com/doodle/48/bart-simpson.png,word_count,95.0
Bart,246,https://img.icons8.com/doodle/48/bart-simpson.png,word_count,178.0
Bart,247,https://img.icons8.com/doodle/48/bart-simpson.png,word_count,197.0
Bart,248,https://img.icons8.com/doodle/48/bart-simpson.png,word_count,210.0
Bart,249,https://img.icons8.com/doodle/48/bart-simpson.png,word_count,114.0
Bart,250,https://img.icons8.com/doodle/48/bart-simpson.png,word_count,166.0
Bart,251,https://img.icons8.com/doodle/48/bart-simpson.png,word_count,92.0
Bart,252,https://img.icons8.com/doodle/48/bart-simpson.png,word_count,127.0
Bart,253,https://img.icons8.com/doodle/48/bart-simpson.png,word_count,115.0
Bart,254,https://img.icons8.com/doodle/48/bart-simpson.png,word_count,64.0
Bart,255,https://img.icons8.com/doodle/48/bart-simpson.png,word_count,500.0
Bart,256,https://img.icons8.com/doodle/48/bart-simpson.png,word_count,235.0
Bart,257,https://img.icons8.com/doodle/48/bart-simpson.png,word_count,30.0
Bart,258,https://img.icons8.com/doodle/48/bart-simpson.png,word_count,65.0
Bart,259,https://img.icons8.com/doodle/48/bart-simpson.png,word_count,360.0
Bart,260,https://img.icons8.com/doodle/48/bart-simpson.png,word_count,140.0
Bart,261,https://img.icons8.com/doodle/48/bart-simpson.png,word_count,102.0
Bart,262,https://img.icons8.com/doodle/48/bart-simpson.png,word_count,212.0
Bart,263,https://img.icons8.com/doodle/48/bart-simpson.png,word_count,57.0
Bart,264,https://img.icons8.com/doodle/48/bart-simpson.png,word_count,41.0
Bart,265,https://img.icons8.com/doodle/48/bart-simpson.png,word_count,137.0
Bart,266,https://img.icons8.com/doodle/48/bart-simpson.png,word_count,111.0
Bart,267,https://img.icons8.com/doodle/48/bart-simpson.png,word_count,90.0
Bart,268,https://img.icons8.com/doodle/48/bart-simpson.png,word_count,138.0
Bart,269,https://img.icons8.com/doodle/48/bart-simpson.png,word_count,26.0
Bart,270,https://img.icons8.com/doodle/48/bart-simpson.png,word_count,124.0
Bart,271,https://img.icons8.com/doodle/48/bart-simpson.png,word_count,295.0
Bart,272,https://img.icons8.com/doodle/48/bart-simpson.png,word_count,82.0
Bart,273,https://img.icons8.com/doodle/48/bart-simpson.png,word_count,23.0
Bart,274,https://img.icons8.com/doodle/48/bart-simpson.png,word_count,44.0
Bart,275,https://img.icons8.com/doodle/48/bart-simpson.png,word_count,142.0
Bart,276,https://img.icons8.com/doodle/48/bart-simpson.png,word_count,140.0
Bart,277,https://img.icons8.com/doodle/48/bart-simpson.png,word_count,57.0
Bart,278,https://img.icons8.com/doodle/48/bart-simpson.png,word_count,108.0
Bart,279,https://img.icons8.com/doodle/48/bart-simpson.png,word_count,54.0
Bart,280,https://img.icons8.com/doodle/48/bart-simpson.png,word_count,467.0
Bart,281,https://img.icons8.com/doodle/48/bart-simpson.png,word_count,344.0
Bart,282,https://img.icons8.com/doodle/48/bart-simpson.png,word_count,69.0
Bart,283,https://img.icons8.com/doodle/48/bart-simpson.png,word_count,201.0
Bart,284,https://img.icons8.com/doodle/48/bart-simpson.png,word_count,154.0
Bart,285,https://img.icons8.com/doodle/48/bart-simpson.png,word_count,32.0
Bart,286,https://img.icons8.com/doodle/48/bart-simpson.png,word_count,27.0
Bart,287,https://img.icons8.com/doodle/48/bart-simpson.png,word_count,376.0
Bart,288,https://img.icons8.com/doodle/48/bart-simpson.png,word_count,34.0
Bart,289,https://img.icons8.com/doodle/48/bart-simpson.png,word_count,217.0
Bart,290,https://img.icons8.com/doodle/48/bart-simpson.png,word_count,39.0
Bart,291,https://img.icons8.com/doodle/48/bart-simpson.png,word_count,65.0
Bart,292,https://img.icons8.com/doodle/48/bart-simpson.png,word_count,80.0
Bart,293,https://img.icons8.com/doodle/48/bart-simpson.png,word_count,102.0
Bart,294,https://img.icons8.com/doodle/48/bart-simpson.png,word_count,452.0
Bart,295,https://img.icons8.com/doodle/48/bart-simpson.png,word_count,292.0
Bart,296,https://img.icons8.com/doodle/48/bart-simpson.png,word_count,163.0
Bart,297,https://img.icons8.com/doodle/48/bart-simpson.png,word_count,79.0
Bart,298,https://img.icons8.com/doodle/48/bart-simpson.png,word_count,410.0
Bart,299,https://img.icons8.com/doodle/48/bart-simpson.png,word_count,99.0
Bart,300,https://img.icons8.com/doodle/48/bart-simpson.png,word_count,105.0
Bart,301,https://img.icons8.com/doodle/48/bart-simpson.png,word_count,76.0
Bart,302,https://img.icons8.com/doodle/48/bart-simpson.png,word_count,484.0
Bart,303,https://img.icons8.com/doodle/48/bart-simpson.png,word_count,97.0
Bart,304,https://img.icons8.com/doodle/48/bart-simpson.png,word_count,45.0
Bart,305,https://img.icons8.com/doodle/48/bart-simpson.png,word_count,150.0
Bart,306,https://img.icons8.com/doodle/48/bart-simpson.png,word_count,78.0
Bart,307,https://img.icons8.com/doodle/48/bart-simpson.png,word_count,190.0
Bart,308,https://img.icons8.com/doodle/48/bart-simpson.png,word_count,155.0
Bart,309,https://img.icons8.com/doodle/48/bart-simpson.png,word_count,123.0
Bart,310,https://img.icons8.com/doodle/48/bart-simpson.png,word_count,211.0
Bart,311,https://img.icons8.com/doodle/48/bart-simpson.png,word_count,63.0
Bart,312,https://img.icons8.com/doodle/48/bart-simpson.png,word_count,263.0
Bart,313,https://img.icons8.com/doodle/48/bart-simpson.png,word_count,35.0
Bart,314,https://img.icons8.com/doodle/48/bart-simpson.png,word_count,276.0
Bart,315,https://img.icons8.com/doodle/48/bart-simpson.png,word_count,120.0
Bart,316,https://img.icons8.com/doodle/48/bart-simpson.png,word_count,108.0
Bart,317,https://img.icons8.com/doodle/48/bart-simpson.png,word_count,184.0
Bart,318,https://img.icons8.com/doodle/48/bart-simpson.png,word_count,197.0
Bart,319,https://img.icons8.com/doodle/48/bart-simpson.png,word_count,109.0
Bart,320,https://img.icons8.com/doodle/48/bart-simpson.png,word_count,75.0
Bart,321,https://img.icons8.com/doodle/48/bart-simpson.png,word_count,158.0
Bart,322,https://img.icons8.com/doodle/48/bart-simpson.png,word_count,479.0
Bart,323,https://img.icons8.com/doodle/48/bart-simpson.png,word_count,55.0
Bart,324,https://img.icons8.com/doodle/48/bart-simpson.png,word_count,63.0
Bart,325,https://img.icons8.com/doodle/48/bart-simpson.png,word_count,464.0
Bart,326,https://img.icons8.com/doodle/48/bart-simpson.png,word_count,71.0
Bart,327,https://img.icons8.com/doodle/48/bart-simpson.png,word_count,143.0
Bart,328,https://img.icons8.com/doodle/48/bart-simpson.png,word_count,133.0
Bart,329,https://img.icons8.com/doodle/48/bart-simpson.png,word_count,437.0
Bart,330,https://img.icons8.com/doodle/48/bart-simpson.png,word_count,122.0
Bart,331,https://img.icons8.com/doodle/48/bart-simpson.png,word_count,303.0
Bart,332,https://img.icons8.com/doodle/48/bart-simpson.png,word_count,116.0
Bart,333,https://img.icons8.com/doodle/48/bart-simpson.png,word_count,174.0
Bart,334,https://img.icons8.com/doodle/48/bart-simpson.png,word_count,192.0
Bart,335,https://img.icons8.com/doodle/48/bart-simpson.png,word_count,75.0
Bart,336,https://img.icons8.com/doodle/48/bart-simpson.png,word_count,109.0
Bart,337,https://img.icons8.com/doodle/48/bart-simpson.png,word_count,229.0
Bart,338,https://img.icons8.com/doodle/48/bart-simpson.png,word_count,196.0
Bart,339,https://img.icons8.com/doodle/48/bart-simpson.png,word_count,66.0
Bart,340,https://img.icons8.com/doodle/48/bart-simpson.png,word_count,430.0
Bart,341,https://img.icons8.com/doodle/48/bart-simpson.png,word_count,19.0
Bart,342,https://img.icons8.com/doodle/48/bart-simpson.png,word_count,41.0
Bart,343,https://img.icons8.com/doodle/48/bart-simpson.png,word_count,61.0
Bart,344,https://img.icons8.com/doodle/48/bart-simpson.png,word_count,424.0
Bart,345,https://img.icons8.com/doodle/48/bart-simpson.png,word_count,151.0
Bart,346,https://img.icons8.com/doodle/48/bart-simpson.png,word_count,320.0
Bart,347,https://img.icons8.com/doodle/48/bart-simpson.png,word_count,17.0
Bart,348,https://img.icons8.com/doodle/48/bart-simpson.png,word_count,163.0
Bart,349,https://img.icons8.com/doodle/48/bart-simpson.png,word_count,110.0
Bart,350,https://img.icons8.com/doodle/48/bart-simpson.png,word_count,548.0
Bart,351,https://img.icons8.com/doodle/48/bart-simpson.png,word_count,116.0
Bart,352,https://img.icons8.com/doodle/48/bart-simpson.png,word_count,228.0
Bart,353,https://img.icons8.com/doodle/48/bart-simpson.png,word_count,117.0
Bart,354,https://img.icons8.com/doodle/48/bart-simpson.png,word_count,46.0
Bart,355,https://img.icons8.com/doodle/48/bart-simpson.png,word_count,113.0
Bart,356,https://img.icons8.com/doodle/48/bart-simpson.png,word_count,404.0
Bart,357,https://img.icons8.com/doodle/48/bart-simpson.png,word_count,128.0
Bart,358,https://img.icons8.com/doodle/48/bart-simpson.png,word_count,161.0
Bart,359,https://img.icons8.com/doodle/48/bart-simpson.png,word_count,495.0
Bart,360,https://img.icons8.com/doodle/48/bart-simpson.png,word_count,192.0
Bart,361,https://img.icons8.com/doodle/48/bart-simpson.png,word_count,410.0
Bart,362,https://img.icons8.com/doodle/48/bart-simpson.png,word_count,65.0
Bart,363,https://img.icons8.com/doodle/48/bart-simpson.png,word_count,16.0
Bart,364,https://img.icons8.com/doodle/48/bart-simpson.png,word_count,144.0
Bart,365,https://img.icons8.com/doodle/48/bart-simpson.png,word_count,22.0
Bart,366,https://img.icons8.com/doodle/48/bart-simpson.png,word_count,58.0
Bart,367,https://img.icons8.com/doodle/48/bart-simpson.png,word_count,365.0
Bart,368,https://img.icons8.com/doodle/48/bart-simpson.png,word_count,131.0
Bart,369,https://img.icons8.com/doodle/48/bart-simpson.png,word_count,151.0
Bart,370,https://img.icons8.com/doodle/48/bart-simpson.png,word_count,114.0
Bart,371,https://img.icons8.com/doodle/48/bart-simpson.png,word_count,66.0
Bart,372,https://img.icons8.com/doodle/48/bart-simpson.png,word_count,10.0
Bart,373,https://img.icons8.com/doodle/48/bart-simpson.png,word_count,83.0
Bart,374,https://img.icons8.com/doodle/48/bart-simpson.png,word_count,89.0
Bart,375,https://img.icons8.com/doodle/48/bart-simpson.png,word_count,256.0
Bart,376,https://img.icons8.com/doodle/48/bart-simpson.png,word_count,130.0
Bart,377,https://img.icons8.com/doodle/48/bart-simpson.png,word_count,158.0
Bart,378,https://img.icons8.com/doodle/48/bart-simpson.png,word_count,70.0
Bart,379,https://img.icons8.com/doodle/48/bart-simpson.png,word_count,119.0
Bart,380,https://img.icons8.com/doodle/48/bart-simpson.png,word_count,276.0
Bart,381,https://img.icons8.com/doodle/48/bart-simpson.png,word_count,210.0
Bart,382,https://img.icons8.com/doodle/48/bart-simpson.png,word_count,129.0
Bart,383,https://img.icons8.com/doodle/48/bart-simpson.png,word_count,94.0
Bart,384,https://img.icons8.com/doodle/48/bart-simpson.png,word_count,51.0
Bart,385,https://img.icons8.com/doodle/48/bart-simpson.png,word_count,34.0
Bart,386,https://img.icons8.com/doodle/48/bart-simpson.png,word_count,523.0
Bart,387,https://img.icons8.com/doodle/48/bart-simpson.png,word_count,44.0
Bart,388,https://img.icons8.com/doodle/48/bart-simpson.png,word_count,69.0
Bart,389,https://img.icons8.com/doodle/48/bart-simpson.png,word_count,191.0
Bart,390,https://img.icons8.com/doodle/48/bart-simpson.png,word_count,472.0
Bart,391,https://img.icons8.com/doodle/48/bart-simpson.png,word_count,35.0
Bart,392,https://img.icons8.com/doodle/48/bart-simpson.png,word_count,448.0
Bart,393,https://img.icons8.com/doodle/48/bart-simpson.png,word_count,125.0
Bart,394,https://img.icons8.com/doodle/48/bart-simpson.png,word_count,98.0
Bart,395,https://img.icons8.com/doodle/48/bart-simpson.png,word_count,130.0
Bart,396,https://img.icons8.com/doodle/48/bart-simpson.png,word_count,158.0
Bart,397,https://img.icons8.com/doodle/48/bart-simpson.png,word_count,89.0
Bart,398,https://img.icons8.com/doodle/48/bart-simpson.png,word_count,284.0
Bart,399,https://img.icons8.com/doodle/48/bart-simpson.png,word_count,274.0
Bart,400,https://img.icons8.com/doodle/48/bart-simpson.png,word_count,154.0
Bart,401,https://img.icons8.com/doodle/48/bart-simpson.png,word_count,69.0
Bart,402,https://img.icons8.com/doodle/48/bart-simpson.png,word_count,95.0
Bart,403,https://img.icons8.com/doodle/48/bart-simpson.png,word_count,68.0
Bart,404,https://img.icons8.com/doodle/48/bart-simpson.png,word_count,22.0
Bart,405,https://img.icons8.com/doodle/48/bart-simpson.png,word_count,232.0
Bart,406,https://img.icons8.com/doodle/48/bart-simpson.png,word_count,404.0
Bart,407,https://img.icons8.com/doodle/48/bart-simpson.png,word_count,183.0
Bart,408,https://img.icons8.com/doodle/48/bart-simpson.png,word_count,239.0
Bart,409,https://img.icons8.com/doodle/48/bart-simpson.png,word_count,34.0
Bart,410,https://img.icons8.com/doodle/48/bart-simpson.png,word_count,35.0
Bart,411,https://img.icons8.com/doodle/48/bart-simpson.png,word_count,74.0
Bart,412,https://img.icons8.com/doodle/48/bart-simpson.png,word_count,101.0
Bart,413,https://img.icons8.com/doodle/48/bart-simpson.png,word_count,516.0
Bart,414,https://img.icons8.com/doodle/48/bart-simpson.png,word_count,293.0
Bart,415,https://img.icons8.com/doodle/48/bart-simpson.png,word_count,192.0
Bart,416,https://img.icons8.com/doodle/48/bart-simpson.png,word_count,115.0
Bart,417,https://img.icons8.com/doodle/48/bart-simpson.png,word_count,673.0
Bart,418,https://img.icons8.com/doodle/48/bart-simpson.png,word_count,119.0
Bart,419,https://img.icons8.com/doodle/48/bart-simpson.png,word_count,129.0
Bart,420,https://img.icons8.com/doodle/48/bart-simpson.png,word_count,236.0
Bart,421,https://img.icons8.com/doodle/48/bart-simpson.png,word_count,47.0
Bart,422,https://img.icons8.com/doodle/48/bart-simpson.png,word_count,511.0
Bart,423,https://img.icons8.com/doodle/48/bart-simpson.png,word_count,499.0
Bart,425,https://img.icons8.com/doodle/48/bart-simpson.png,word_count,131.0
Bart,426,https://img.icons8.com/doodle/48/bart-simpson.png,word_count,100.0
Bart,427,https://img.icons8.com/doodle/48/bart-simpson.png,word_count,372.0
Bart,428,https://img.icons8.com/doodle/48/bart-simpson.png,word_count,37.0
Bart,429,https://img.icons8.com/doodle/48/bart-simpson.png,word_count,97.0
Bart,430,https://img.icons8.com/doodle/48/bart-simpson.png,word_count,87.0
Bart,431,https://img.icons8.com/doodle/48/bart-simpson.png,word_count,140.0
Bart,432,https://img.icons8.com/doodle/48/bart-simpson.png,word_count,88.0
Bart,433,https://img.icons8.com/doodle/48/bart-simpson.png,word_count,35.0
Bart,434,https://img.icons8.com/doodle/48/bart-simpson.png,word_count,139.0
Bart,435,https://img.icons8.com/doodle/48/bart-simpson.png,word_count,95.0
Bart,436,https://img.icons8.com/doodle/48/bart-simpson.png,word_count,16.0
Bart,437,https://img.icons8.com/doodle/48/bart-simpson.png,word_count,665.0
Bart,438,https://img.icons8.com/doodle/48/bart-simpson.png,word_count,120.0
Bart,439,https://img.icons8.com/doodle/48/bart-simpson.png,word_count,141.0
Bart,442,https://img.icons8.com/doodle/48/bart-simpson.png,word_count,101.0
Bart,443,https://img.icons8.com/doodle/48/bart-simpson.png,word_count,579.0
Bart,444,https://img.icons8.com/doodle/48/bart-simpson.png,word_count,194.0
Bart,445,https://img.icons8.com/doodle/48/bart-simpson.png,word_count,320.0
Bart,446,https://img.icons8.com/doodle/48/bart-simpson.png,word_count,50.0
Bart,448,https://img.icons8.com/doodle/48/bart-simpson.png,word_count,144.0
Bart,449,https://img.icons8.com/doodle/48/bart-simpson.png,word_count,805.0
Bart,450,https://img.icons8.com/doodle/48/bart-simpson.png,word_count,178.0
Bart,451,https://img.icons8.com/doodle/48/bart-simpson.png,word_count,198.0
Bart,452,https://img.icons8.com/doodle/48/bart-simpson.png,word_count,296.0
Bart,453,https://img.icons8.com/doodle/48/bart-simpson.png,word_count,190.0
Bart,454,https://img.icons8.com/doodle/48/bart-simpson.png,word_count,69.0
Bart,455,https://img.icons8.com/doodle/48/bart-simpson.png,word_count,363.0
Bart,456,https://img.icons8.com/doodle/48/bart-simpson.png,word_count,360.0
Bart,457,https://img.icons8.com/doodle/48/bart-simpson.png,word_count,148.0
Bart,458,https://img.icons8.com/doodle/48/bart-simpson.png,word_count,209.0
Bart,459,https://img.icons8.com/doodle/48/bart-simpson.png,word_count,105.0
Bart,460,https://img.icons8.com/doodle/48/bart-simpson.png,word_count,88.0
Bart,461,https://img.icons8.com/doodle/48/bart-simpson.png,word_count,68.0
Bart,462,https://img.icons8.com/doodle/48/bart-simpson.png,word_count,53.0
Bart,463,https://img.icons8.com/doodle/48/bart-simpson.png,word_count,349.0
Bart,464,https://img.icons8.com/doodle/48/bart-simpson.png,word_count,59.0
Bart,465,https://img.icons8.com/doodle/48/bart-simpson.png,word_count,105.0
Bart,466,https://img.icons8.com/doodle/48/bart-simpson.png,word_count,48.0
Bart,467,https://img.icons8.com/doodle/48/bart-simpson.png,word_count,295.0
Bart,468,https://img.icons8.com/doodle/48/bart-simpson.png,word_count,199.0
Bart,469,https://img.icons8.com/doodle/48/bart-simpson.png,word_count,230.0
Bart,470,https://img.icons8.com/doodle/48/bart-simpson.png,word_count,125.0
Bart,471,https://img.icons8.com/doodle/48/bart-simpson.png,word_count,378.0
Bart,472,https://img.icons8.com/doodle/48/bart-simpson.png,word_count,305.0
Bart,473,https://img.icons8.com/doodle/48/bart-simpson.png,word_count,70.0
Bart,474,https://img.icons8.com/doodle/48/bart-simpson.png,word_count,359.0
Bart,475,https://img.icons8.com/doodle/48/bart-simpson.png,word_count,111.0
Bart,476,https://img.icons8.com/doodle/48/bart-simpson.png,word_count,426.0
Bart,477,https://img.icons8.com/doodle/48/bart-simpson.png,word_count,74.0
Bart,478,https://img.icons8.com/doodle/48/bart-simpson.png,word_count,372.0
Bart,479,https://img.icons8.com/doodle/48/bart-simpson.png,word_count,129.0
Bart,480,https://img.icons8.com/doodle/48/bart-simpson.png,word_count,95.0
Bart,481,https://img.icons8.com/doodle/48/bart-simpson.png,word_count,254.0
Bart,482,https://img.icons8.com/doodle/48/bart-simpson.png,word_count,117.0
Bart,483,https://img.icons8.com/doodle/48/bart-simpson.png,word_count,240.0
Bart,484,https://img.icons8.com/doodle/48/bart-simpson.png,word_count,125.0
Bart,485,https://img.icons8.com/doodle/48/bart-simpson.png,word_count,172.0
Bart,486,https://img.icons8.com/doodle/48/bart-simpson.png,word_count,185.0
Bart,487,https://img.icons8.com/doodle/48/bart-simpson.png,word_count,59.0
Bart,488,https://img.icons8.com/doodle/48/bart-simpson.png,word_count,538.0
Bart,489,https://img.icons8.com/doodle/48/bart-simpson.png,word_count,264.0
Bart,490,https://img.icons8.com/doodle/48/bart-simpson.png,word_count,201.0
Bart,491,https://img.icons8.com/doodle/48/bart-simpson.png,word_count,220.0
Bart,492,https://img.icons8.com/doodle/48/bart-simpson.png,word_count,425.0
Bart,493,https://img.icons8.com/doodle/48/bart-simpson.png,word_count,192.0
Bart,494,https://img.icons8.com/doodle/48/bart-simpson.png,word_count,83.0
Bart,495,https://img.icons8.com/doodle/48/bart-simpson.png,word_count,428.0
Bart,496,https://img.icons8.com/doodle/48/bart-simpson.png,word_count,105.0
Bart,497,https://img.icons8.com/doodle/48/bart-simpson.png,word_count,101.0
Bart,498,https://img.icons8.com/doodle/48/bart-simpson.png,word_count,211.0
Bart,499,https://img.icons8.com/doodle/48/bart-simpson.png,word_count,219.0
Bart,500,https://img.icons8.com/doodle/48/bart-simpson.png,word_count,96.0
Bart,501,https://img.icons8.com/doodle/48/bart-simpson.png,word_count,418.0
Bart,502,https://img.icons8.com/doodle/48/bart-simpson.png,word_count,118.0
Bart,503,https://img.icons8.com/doodle/48/bart-simpson.png,word_count,51.0
Bart,504,https://img.icons8.com/doodle/48/bart-simpson.png,word_count,314.0
Bart,505,https://img.icons8.com/doodle/48/bart-simpson.png,word_count,638.0
Bart,506,https://img.icons8.com/doodle/48/bart-simpson.png,word_count,65.0
Bart,507,https://img.icons8.com/doodle/48/bart-simpson.png,word_count,147.0
Bart,508,https://img.icons8.com/doodle/48/bart-simpson.png,word_count,137.0
Bart,509,https://img.icons8.com/doodle/48/bart-simpson.png,word_count,514.0
Bart,510,https://img.icons8.com/doodle/48/bart-simpson.png,word_count,188.0
Bart,511,https://img.icons8.com/doodle/48/bart-simpson.png,word_count,216.0
Bart,512,https://img.icons8.com/doodle/48/bart-simpson.png,word_count,147.0
Bart,513,https://img.icons8.com/doodle/48/bart-simpson.png,word_count,85.0
Bart,514,https://img.icons8.com/doodle/48/bart-simpson.png,word_count,53.0
Bart,515,https://img.icons8.com/doodle/48/bart-simpson.png,word_count,191.0
Bart,516,https://img.icons8.com/doodle/48/bart-simpson.png,word_count,123.0
Bart,517,https://img.icons8.com/doodle/48/bart-simpson.png,word_count,148.0
Bart,518,https://img.icons8.com/doodle/48/bart-simpson.png,word_count,253.0
Bart,519,https://img.icons8.com/doodle/48/bart-simpson.png,word_count,167.0
Bart,520,https://img.icons8.com/doodle/48/bart-simpson.png,word_count,592.0
Bart,521,https://img.icons8.com/doodle/48/bart-simpson.png,word_count,281.0
Bart,522,https://img.icons8.com/doodle/48/bart-simpson.png,word_count,217.0
Bart,523,https://img.icons8.com/doodle/48/bart-simpson.png,word_count,7.0
Bart,524,https://img.icons8.com/doodle/48/bart-simpson.png,word_count,136.0
Bart,525,https://img.icons8.com/doodle/48/bart-simpson.png,word_count,36.0
Bart,526,https://img.icons8.com/doodle/48/bart-simpson.png,word_count,222.0
Bart,527,https://img.icons8.com/doodle/48/bart-simpson.png,word_count,307.0
Bart,528,https://img.icons8.com/doodle/48/bart-simpson.png,word_count,251.0
Bart,529,https://img.icons8.com/doodle/48/bart-simpson.png,word_count,35.0
Bart,530,https://img.icons8.com/doodle/48/bart-simpson.png,word_count,33.0
Bart,531,https://img.icons8.com/doodle/48/bart-simpson.png,word_count,113.0
Bart,532,https://img.icons8.com/doodle/48/bart-simpson.png,word_count,263.0
Bart,533,https://img.icons8.com/doodle/48/bart-simpson.png,word_count,77.0
Bart,534,https://img.icons8.com/doodle/48/bart-simpson.png,word_count,114.0
Bart,535,https://img.icons8.com/doodle/48/bart-simpson.png,word_count,41.0
Bart,536,https://img.icons8.com/doodle/48/bart-simpson.png,word_count,276.0
Bart,537,https://img.icons8.com/doodle/48/bart-simpson.png,word_count,279.0
Bart,538,https://img.icons8.com/doodle/48/bart-simpson.png,word_count,185.0
Bart,539,https://img.icons8.com/doodle/48/bart-simpson.png,word_count,124.0
Bart,540,https://img.icons8.com/doodle/48/bart-simpson.png,word_count,67.0
Bart,541,https://img.icons8.com/doodle/48/bart-simpson.png,word_count,217.0
Bart,542,https://img.icons8.com/doodle/48/bart-simpson.png,word_count,531.0
Bart,543,https://img.icons8.com/doodle/48/bart-simpson.png,word_count,139.0
Bart,544,https://img.icons8.com/doodle/48/bart-simpson.png,word_count,116.0
Bart,545,https://img.icons8.com/doodle/48/bart-simpson.png,word_count,78.0
Bart,546,https://img.icons8.com/doodle/48/bart-simpson.png,word_count,168.0
Bart,547,https://img.icons8.com/doodle/48/bart-simpson.png,word_count,291.0
Bart,548,https://img.icons8.com/doodle/48/bart-simpson.png,word_count,537.0
Bart,549,https://img.icons8.com/doodle/48/bart-simpson.png,word_count,448.0
Bart,551,https://img.icons8.com/doodle/48/bart-simpson.png,word_count,158.0
Bart,552,https://img.icons8.com/doodle/48/bart-simpson.png,word_count,303.0
Bart,553,https://img.icons8.com/doodle/48/bart-simpson.png,word_count,142.0
Bart,554,https://img.icons8.com/doodle/48/bart-simpson.png,word_count,285.0
Bart,555,https://img.icons8.com/doodle/48/bart-simpson.png,word_count,131.0
Bart,556,https://img.icons8.com/doodle/48/bart-simpson.png,word_count,206.0
Bart,557,https://img.icons8.com/doodle/48/bart-simpson.png,word_count,25.0
Bart,558,https://img.icons8.com/doodle/48/bart-simpson.png,word_count,122.0
Bart,559,https://img.icons8.com/doodle/48/bart-simpson.png,word_count,236.0
Bart,560,https://img.icons8.com/doodle/48/bart-simpson.png,word_count,23.0
Bart,561,https://img.icons8.com/doodle/48/bart-simpson.png,word_count,181.0
Bart,562,https://img.icons8.com/doodle/48/bart-simpson.png,word_count,114.0
Bart,563,https://img.icons8.com/doodle/48/bart-simpson.png,word_count,310.0
Bart,564,https://img.icons8.com/doodle/48/bart-simpson.png,word_count,40.0
Bart,565,https://img.icons8.com/doodle/48/bart-simpson.png,word_count,213.0
Bart,567,https://img.icons8.com/doodle/48/bart-simpson.png,word_count,14.0
Bart,568,https://img.icons8.com/doodle/48/bart-simpson.png,word_count,66.0
Chief Wiggum,3,https://img.icons8.com/doodle/48/clancy-wiggum.png,word_count,34.0
Chief Wiggum,8,https://img.icons8.com/doodle/48/clancy-wiggum.png,word_count,27.0
Chief Wiggum,12,https://img.icons8.com/doodle/48/clancy-wiggum.png,word_count,71.0
Chief Wiggum,24,https://img.icons8.com/doodle/48/clancy-wiggum.png,word_count,15.0
Chief Wiggum,36,https://img.icons8.com/doodle/48/clancy-wiggum.png,word_count,10.0
Chief Wiggum,39,https://img.icons8.com/doodle/48/clancy-wiggum.png,word_count,176.0
Chief Wiggum,40,https://img.icons8.com/doodle/48/clancy-wiggum.png,word_count,7.0
Chief Wiggum,41,https://img.icons8.com/doodle/48/clancy-wiggum.png,word_count,11.0
Chief Wiggum,48,https://img.icons8.com/doodle/48/clancy-wiggum.png,word_count,89.0
Chief Wiggum,49,https://img.icons8.com/doodle/48/clancy-wiggum.png,word_count,12.0
Chief Wiggum,50,https://img.icons8.com/doodle/48/clancy-wiggum.png,word_count,147.0
Chief Wiggum,52,https://img.icons8.com/doodle/48/clancy-wiggum.png,word_count,46.0
Chief Wiggum,53,https://img.icons8.com/doodle/48/clancy-wiggum.png,word_count,52.0
Chief Wiggum,54,https://img.icons8.com/doodle/48/clancy-wiggum.png,word_count,11.0
Chief Wiggum,56,https://img.icons8.com/doodle/48/clancy-wiggum.png,word_count,96.0
Chief Wiggum,57,https://img.icons8.com/doodle/48/clancy-wiggum.png,word_count,8.0
Chief Wiggum,61,https://img.icons8.com/doodle/48/clancy-wiggum.png,word_count,35.0
Chief Wiggum,62,https://img.icons8.com/doodle/48/clancy-wiggum.png,word_count,8.0
Chief Wiggum,63,https://img.icons8.com/doodle/48/clancy-wiggum.png,word_count,20.0
Chief Wiggum,64,https://img.icons8.com/doodle/48/clancy-wiggum.png,word_count,4.0
Chief Wiggum,65,https://img.icons8.com/doodle/48/clancy-wiggum.png,word_count,17.0
Chief Wiggum,66,https://img.icons8.com/doodle/48/clancy-wiggum.png,word_count,2.0
Chief Wiggum,69,https://img.icons8.com/doodle/48/clancy-wiggum.png,word_count,6.0
Chief Wiggum,70,https://img.icons8.com/doodle/48/clancy-wiggum.png,word_count,51.0
Chief Wiggum,71,https://img.icons8.com/doodle/48/clancy-wiggum.png,word_count,105.0
Chief Wiggum,73,https://img.icons8.com/doodle/48/clancy-wiggum.png,word_count,8.0
Chief Wiggum,74,https://img.icons8.com/doodle/48/clancy-wiggum.png,word_count,188.0
Chief Wiggum,75,https://img.icons8.com/doodle/48/clancy-wiggum.png,word_count,108.0
Chief Wiggum,76,https://img.icons8.com/doodle/48/clancy-wiggum.png,word_count,5.0
Chief Wiggum,77,https://img.icons8.com/doodle/48/clancy-wiggum.png,word_count,15.0
Chief Wiggum,79,https://img.icons8.com/doodle/48/clancy-wiggum.png,word_count,5.0
Chief Wiggum,80,https://img.icons8.com/doodle/48/clancy-wiggum.png,word_count,59.0
Chief Wiggum,81,https://img.icons8.com/doodle/48/clancy-wiggum.png,word_count,13.0
Chief Wiggum,82,https://img.icons8.com/doodle/48/clancy-wiggum.png,word_count,70.0
Chief Wiggum,83,https://img.icons8.com/doodle/48/clancy-wiggum.png,word_count,130.0
Chief Wiggum,86,https://img.icons8.com/doodle/48/clancy-wiggum.png,word_count,39.0
Chief Wiggum,87,https://img.icons8.com/doodle/48/clancy-wiggum.png,word_count,196.0
Chief Wiggum,88,https://img.icons8.com/doodle/48/clancy-wiggum.png,word_count,28.0
Chief Wiggum,89,https://img.icons8.com/doodle/48/clancy-wiggum.png,word_count,54.0
Chief Wiggum,92,https://img.icons8.com/doodle/48/clancy-wiggum.png,word_count,208.0
Chief Wiggum,97,https://img.icons8.com/doodle/48/clancy-wiggum.png,word_count,13.0
Chief Wiggum,98,https://img.icons8.com/doodle/48/clancy-wiggum.png,word_count,63.0
Chief Wiggum,99,https://img.icons8.com/doodle/48/clancy-wiggum.png,word_count,29.0
Chief Wiggum,100,https://img.icons8.com/doodle/48/clancy-wiggum.png,word_count,4.0
Chief Wiggum,101,https://img.icons8.com/doodle/48/clancy-wiggum.png,word_count,42.0
Chief Wiggum,103,https://img.icons8.com/doodle/48/clancy-wiggum.png,word_count,10.0
Chief Wiggum,104,https://img.icons8.com/doodle/48/clancy-wiggum.png,word_count,19.0
Chief Wiggum,106,https://img.icons8.com/doodle/48/clancy-wiggum.png,word_count,11.0
Chief Wiggum,109,https://img.icons8.com/doodle/48/clancy-wiggum.png,word_count,13.0
Chief Wiggum,111,https://img.icons8.com/doodle/48/clancy-wiggum.png,word_count,111.0
Chief Wiggum,116,https://img.icons8.com/doodle/48/clancy-wiggum.png,word_count,13.0
Chief Wiggum,117,https://img.icons8.com/doodle/48/clancy-wiggum.png,word_count,3.0
Chief Wiggum,118,https://img.icons8.com/doodle/48/clancy-wiggum.png,word_count,57.0
Chief Wiggum,120,https://img.icons8.com/doodle/48/clancy-wiggum.png,word_count,87.0
Chief Wiggum,121,https://img.icons8.com/doodle/48/clancy-wiggum.png,word_count,37.0
Chief Wiggum,122,https://img.icons8.com/doodle/48/clancy-wiggum.png,word_count,57.0
Chief Wiggum,123,https://img.icons8.com/doodle/48/clancy-wiggum.png,word_count,49.0
Chief Wiggum,125,https://img.icons8.com/doodle/48/clancy-wiggum.png,word_count,20.0
Chief Wiggum,126,https://img.icons8.com/doodle/48/clancy-wiggum.png,word_count,230.0
Chief Wiggum,128,https://img.icons8.com/doodle/48/clancy-wiggum.png,word_count,39.0
Chief Wiggum,129,https://img.icons8.com/doodle/48/clancy-wiggum.png,word_count,404.0
Chief Wiggum,130,https://img.icons8.com/doodle/48/clancy-wiggum.png,word_count,37.0
Chief Wiggum,132,https://img.icons8.com/doodle/48/clancy-wiggum.png,word_count,31.0
Chief Wiggum,133,https://img.icons8.com/doodle/48/clancy-wiggum.png,word_count,27.0
Chief Wiggum,134,https://img.icons8.com/doodle/48/clancy-wiggum.png,word_count,56.0
Chief Wiggum,136,https://img.icons8.com/doodle/48/clancy-wiggum.png,word_count,75.0
Chief Wiggum,137,https://img.icons8.com/doodle/48/clancy-wiggum.png,word_count,94.0
Chief Wiggum,140,https://img.icons8.com/doodle/48/clancy-wiggum.png,word_count,9.0
Chief Wiggum,141,https://img.icons8.com/doodle/48/clancy-wiggum.png,word_count,4.0
Chief Wiggum,143,https://img.icons8.com/doodle/48/clancy-wiggum.png,word_count,44.0
Chief Wiggum,144,https://img.icons8.com/doodle/48/clancy-wiggum.png,word_count,90.0
Chief Wiggum,145,https://img.icons8.com/doodle/48/clancy-wiggum.png,word_count,8.0
Chief Wiggum,147,https://img.icons8.com/doodle/48/clancy-wiggum.png,word_count,74.0
Chief Wiggum,149,https://img.icons8.com/doodle/48/clancy-wiggum.png,word_count,67.0
Chief Wiggum,150,https://img.icons8.com/doodle/48/clancy-wiggum.png,word_count,34.0
Chief Wiggum,151,https://img.icons8.com/doodle/48/clancy-wiggum.png,word_count,48.0
Chief Wiggum,155,https://img.icons8.com/doodle/48/clancy-wiggum.png,word_count,2.0
Chief Wiggum,157,https://img.icons8.com/doodle/48/clancy-wiggum.png,word_count,68.0
Chief Wiggum,158,https://img.icons8.com/doodle/48/clancy-wiggum.png,word_count,19.0
Chief Wiggum,160,https://img.icons8.com/doodle/48/clancy-wiggum.png,word_count,151.0
Chief Wiggum,161,https://img.icons8.com/doodle/48/clancy-wiggum.png,word_count,13.0
Chief Wiggum,162,https://img.icons8.com/doodle/48/clancy-wiggum.png,word_count,93.0
Chief Wiggum,163,https://img.icons8.com/doodle/48/clancy-wiggum.png,word_count,34.0
Chief Wiggum,164,https://img.icons8.com/doodle/48/clancy-wiggum.png,word_count,42.0
Chief Wiggum,166,https://img.icons8.com/doodle/48/clancy-wiggum.png,word_count,8.0
Chief Wiggum,169,https://img.icons8.com/doodle/48/clancy-wiggum.png,word_count,110.0
Chief Wiggum,170,https://img.icons8.com/doodle/48/clancy-wiggum.png,word_count,138.0
Chief Wiggum,171,https://img.icons8.com/doodle/48/clancy-wiggum.png,word_count,195.0
Chief Wiggum,172,https://img.icons8.com/doodle/48/clancy-wiggum.png,word_count,72.0
Chief Wiggum,173,https://img.icons8.com/doodle/48/clancy-wiggum.png,word_count,109.0
Chief Wiggum,174,https://img.icons8.com/doodle/48/clancy-wiggum.png,word_count,23.0
Chief Wiggum,176,https://img.icons8.com/doodle/48/clancy-wiggum.png,word_count,7.0
Chief Wiggum,177,https://img.icons8.com/doodle/48/clancy-wiggum.png,word_count,331.0
Chief Wiggum,178,https://img.icons8.com/doodle/48/clancy-wiggum.png,word_count,238.0
Chief Wiggum,182,https://img.icons8.com/doodle/48/clancy-wiggum.png,word_count,101.0
Chief Wiggum,184,https://img.icons8.com/doodle/48/clancy-wiggum.png,word_count,37.0
Chief Wiggum,186,https://img.icons8.com/doodle/48/clancy-wiggum.png,word_count,130.0
Chief Wiggum,187,https://img.icons8.com/doodle/48/clancy-wiggum.png,word_count,55.0
Chief Wiggum,188,https://img.icons8.com/doodle/48/clancy-wiggum.png,word_count,25.0
Chief Wiggum,190,https://img.icons8.com/doodle/48/clancy-wiggum.png,word_count,110.0
Chief Wiggum,192,https://img.icons8.com/doodle/48/clancy-wiggum.png,word_count,18.0
Chief Wiggum,193,https://img.icons8.com/doodle/48/clancy-wiggum.png,word_count,4.0
Chief Wiggum,194,https://img.icons8.com/doodle/48/clancy-wiggum.png,word_count,111.0
Chief Wiggum,195,https://img.icons8.com/doodle/48/clancy-wiggum.png,word_count,26.0
Chief Wiggum,196,https://img.icons8.com/doodle/48/clancy-wiggum.png,word_count,195.0
Chief Wiggum,198,https://img.icons8.com/doodle/48/clancy-wiggum.png,word_count,42.0
Chief Wiggum,200,https://img.icons8.com/doodle/48/clancy-wiggum.png,word_count,19.0
Chief Wiggum,201,https://img.icons8.com/doodle/48/clancy-wiggum.png,word_count,19.0
Chief Wiggum,202,https://img.icons8.com/doodle/48/clancy-wiggum.png,word_count,24.0
Chief Wiggum,203,https://img.icons8.com/doodle/48/clancy-wiggum.png,word_count,48.0
Chief Wiggum,207,https://img.icons8.com/doodle/48/clancy-wiggum.png,word_count,174.0
Chief Wiggum,208,https://img.icons8.com/doodle/48/clancy-wiggum.png,word_count,11.0
Chief Wiggum,209,https://img.icons8.com/doodle/48/clancy-wiggum.png,word_count,68.0
Chief Wiggum,212,https://img.icons8.com/doodle/48/clancy-wiggum.png,word_count,21.0
Chief Wiggum,214,https://img.icons8.com/doodle/48/clancy-wiggum.png,word_count,201.0
Chief Wiggum,215,https://img.icons8.com/doodle/48/clancy-wiggum.png,word_count,66.0
Chief Wiggum,216,https://img.icons8.com/doodle/48/clancy-wiggum.png,word_count,125.0
Chief Wiggum,217,https://img.icons8.com/doodle/48/clancy-wiggum.png,word_count,151.0
Chief Wiggum,218,https://img.icons8.com/doodle/48/clancy-wiggum.png,word_count,245.0
Chief Wiggum,219,https://img.icons8.com/doodle/48/clancy-wiggum.png,word_count,39.0
Chief Wiggum,220,https://img.icons8.com/doodle/48/clancy-wiggum.png,word_count,15.0
Chief Wiggum,221,https://img.icons8.com/doodle/48/clancy-wiggum.png,word_count,115.0
Chief Wiggum,222,https://img.icons8.com/doodle/48/clancy-wiggum.png,word_count,31.0
Chief Wiggum,223,https://img.icons8.com/doodle/48/clancy-wiggum.png,word_count,43.0
Chief Wiggum,225,https://img.icons8.com/doodle/48/clancy-wiggum.png,word_count,94.0
Chief Wiggum,227,https://img.icons8.com/doodle/48/clancy-wiggum.png,word_count,11.0
Chief Wiggum,228,https://img.icons8.com/doodle/48/clancy-wiggum.png,word_count,66.0
Chief Wiggum,229,https://img.icons8.com/doodle/48/clancy-wiggum.png,word_count,37.0
Chief Wiggum,230,https://img.icons8.com/doodle/48/clancy-wiggum.png,word_count,57.0
Chief Wiggum,231,https://img.icons8.com/doodle/48/clancy-wiggum.png,word_count,60.0
Chief Wiggum,232,https://img.icons8.com/doodle/48/clancy-wiggum.png,word_count,46.0
Chief Wiggum,233,https://img.icons8.com/doodle/48/clancy-wiggum.png,word_count,44.0
Chief Wiggum,234,https://img.icons8.com/doodle/48/clancy-wiggum.png,word_count,75.0
Chief Wiggum,235,https://img.icons8.com/doodle/48/clancy-wiggum.png,word_count,36.0
Chief Wiggum,239,https://img.icons8.com/doodle/48/clancy-wiggum.png,word_count,68.0
Chief Wiggum,240,https://img.icons8.com/doodle/48/clancy-wiggum.png,word_count,39.0
Chief Wiggum,246,https://img.icons8.com/doodle/48/clancy-wiggum.png,word_count,89.0
Chief Wiggum,247,https://img.icons8.com/doodle/48/clancy-wiggum.png,word_count,128.0
Chief Wiggum,248,https://img.icons8.com/doodle/48/clancy-wiggum.png,word_count,31.0
Chief Wiggum,249,https://img.icons8.com/doodle/48/clancy-wiggum.png,word_count,20.0
Chief Wiggum,250,https://img.icons8.com/doodle/48/clancy-wiggum.png,word_count,5.0
Chief Wiggum,252,https://img.icons8.com/doodle/48/clancy-wiggum.png,word_count,70.0
Chief Wiggum,253,https://img.icons8.com/doodle/48/clancy-wiggum.png,word_count,36.0
Chief Wiggum,254,https://img.icons8.com/doodle/48/clancy-wiggum.png,word_count,155.0
Chief Wiggum,255,https://img.icons8.com/doodle/48/clancy-wiggum.png,word_count,33.0
Chief Wiggum,256,https://img.icons8.com/doodle/48/clancy-wiggum.png,word_count,18.0
Chief Wiggum,258,https://img.icons8.com/doodle/48/clancy-wiggum.png,word_count,111.0
Chief Wiggum,259,https://img.icons8.com/doodle/48/clancy-wiggum.png,word_count,92.0
Chief Wiggum,260,https://img.icons8.com/doodle/48/clancy-wiggum.png,word_count,93.0
Chief Wiggum,261,https://img.icons8.com/doodle/48/clancy-wiggum.png,word_count,125.0
Chief Wiggum,262,https://img.icons8.com/doodle/48/clancy-wiggum.png,word_count,16.0
Chief Wiggum,263,https://img.icons8.com/doodle/48/clancy-wiggum.png,word_count,6.0
Chief Wiggum,266,https://img.icons8.com/doodle/48/clancy-wiggum.png,word_count,214.0
Chief Wiggum,267,https://img.icons8.com/doodle/48/clancy-wiggum.png,word_count,73.0
Chief Wiggum,268,https://img.icons8.com/doodle/48/clancy-wiggum.png,word_count,17.0
Chief Wiggum,269,https://img.icons8.com/doodle/48/clancy-wiggum.png,word_count,21.0
Chief Wiggum,271,https://img.icons8.com/doodle/48/clancy-wiggum.png,word_count,118.0
Chief Wiggum,273,https://img.icons8.com/doodle/48/clancy-wiggum.png,word_count,119.0
Chief Wiggum,274,https://img.icons8.com/doodle/48/clancy-wiggum.png,word_count,154.0
Chief Wiggum,276,https://img.icons8.com/doodle/48/clancy-wiggum.png,word_count,79.0
Chief Wiggum,277,https://img.icons8.com/doodle/48/clancy-wiggum.png,word_count,58.0
Chief Wiggum,279,https://img.icons8.com/doodle/48/clancy-wiggum.png,word_count,19.0
Chief Wiggum,280,https://img.icons8.com/doodle/48/clancy-wiggum.png,word_count,18.0
Chief Wiggum,281,https://img.icons8.com/doodle/48/clancy-wiggum.png,word_count,22.0
Chief Wiggum,282,https://img.icons8.com/doodle/48/clancy-wiggum.png,word_count,51.0
Chief Wiggum,283,https://img.icons8.com/doodle/48/clancy-wiggum.png,word_count,67.0
Chief Wiggum,285,https://img.icons8.com/doodle/48/clancy-wiggum.png,word_count,38.0
Chief Wiggum,286,https://img.icons8.com/doodle/48/clancy-wiggum.png,word_count,83.0
Chief Wiggum,290,https://img.icons8.com/doodle/48/clancy-wiggum.png,word_count,198.0
Chief Wiggum,291,https://img.icons8.com/doodle/48/clancy-wiggum.png,word_count,102.0
Chief Wiggum,292,https://img.icons8.com/doodle/48/clancy-wiggum.png,word_count,49.0
Chief Wiggum,293,https://img.icons8.com/doodle/48/clancy-wiggum.png,word_count,50.0
Chief Wiggum,295,https://img.icons8.com/doodle/48/clancy-wiggum.png,word_count,29.0
Chief Wiggum,297,https://img.icons8.com/doodle/48/clancy-wiggum.png,word_count,255.0
Chief Wiggum,299,https://img.icons8.com/doodle/48/clancy-wiggum.png,word_count,128.0
Chief Wiggum,300,https://img.icons8.com/doodle/48/clancy-wiggum.png,word_count,51.0
Chief Wiggum,304,https://img.icons8.com/doodle/48/clancy-wiggum.png,word_count,69.0
Chief Wiggum,307,https://img.icons8.com/doodle/48/clancy-wiggum.png,word_count,22.0
Chief Wiggum,308,https://img.icons8.com/doodle/48/clancy-wiggum.png,word_count,4.0
Chief Wiggum,309,https://img.icons8.com/doodle/48/clancy-wiggum.png,word_count,56.0
Chief Wiggum,311,https://img.icons8.com/doodle/48/clancy-wiggum.png,word_count,13.0
Chief Wiggum,312,https://img.icons8.com/doodle/48/clancy-wiggum.png,word_count,139.0
Chief Wiggum,313,https://img.icons8.com/doodle/48/clancy-wiggum.png,word_count,121.0
Chief Wiggum,315,https://img.icons8.com/doodle/48/clancy-wiggum.png,word_count,124.0
Chief Wiggum,316,https://img.icons8.com/doodle/48/clancy-wiggum.png,word_count,58.0
Chief Wiggum,318,https://img.icons8.com/doodle/48/clancy-wiggum.png,word_count,5.0
Chief Wiggum,319,https://img.icons8.com/doodle/48/clancy-wiggum.png,word_count,22.0
Chief Wiggum,320,https://img.icons8.com/doodle/48/clancy-wiggum.png,word_count,11.0
Chief Wiggum,321,https://img.icons8.com/doodle/48/clancy-wiggum.png,word_count,50.0
Chief Wiggum,322,https://img.icons8.com/doodle/48/clancy-wiggum.png,word_count,20.0
Chief Wiggum,326,https://img.icons8.com/doodle/48/clancy-wiggum.png,word_count,207.0
Chief Wiggum,327,https://img.icons8.com/doodle/48/clancy-wiggum.png,word_count,8.0
Chief Wiggum,328,https://img.icons8.com/doodle/48/clancy-wiggum.png,word_count,40.0
Chief Wiggum,329,https://img.icons8.com/doodle/48/clancy-wiggum.png,word_count,184.0
Chief Wiggum,330,https://img.icons8.com/doodle/48/clancy-wiggum.png,word_count,68.0
Chief Wiggum,332,https://img.icons8.com/doodle/48/clancy-wiggum.png,word_count,148.0
Chief Wiggum,333,https://img.icons8.com/doodle/48/clancy-wiggum.png,word_count,13.0
Chief Wiggum,336,https://img.icons8.com/doodle/48/clancy-wiggum.png,word_count,230.0
Chief Wiggum,337,https://img.icons8.com/doodle/48/clancy-wiggum.png,word_count,55.0
Chief Wiggum,339,https://img.icons8.com/doodle/48/clancy-wiggum.png,word_count,51.0
Chief Wiggum,340,https://img.icons8.com/doodle/48/clancy-wiggum.png,word_count,52.0
Chief Wiggum,341,https://img.icons8.com/doodle/48/clancy-wiggum.png,word_count,76.0
Chief Wiggum,342,https://img.icons8.com/doodle/48/clancy-wiggum.png,word_count,79.0
Chief Wiggum,344,https://img.icons8.com/doodle/48/clancy-wiggum.png,word_count,557.0
Chief Wiggum,346,https://img.icons8.com/doodle/48/clancy-wiggum.png,word_count,109.0
Chief Wiggum,348,https://img.icons8.com/doodle/48/clancy-wiggum.png,word_count,52.0
Chief Wiggum,349,https://img.icons8.com/doodle/48/clancy-wiggum.png,word_count,138.0
Chief Wiggum,350,https://img.icons8.com/doodle/48/clancy-wiggum.png,word_count,31.0
Chief Wiggum,354,https://img.icons8.com/doodle/48/clancy-wiggum.png,word_count,7.0
Chief Wiggum,358,https://img.icons8.com/doodle/48/clancy-wiggum.png,word_count,69.0
Chief Wiggum,359,https://img.icons8.com/doodle/48/clancy-wiggum.png,word_count,46.0
Chief Wiggum,360,https://img.icons8.com/doodle/48/clancy-wiggum.png,word_count,15.0
Chief Wiggum,361,https://img.icons8.com/doodle/48/clancy-wiggum.png,word_count,19.0
Chief Wiggum,362,https://img.icons8.com/doodle/48/clancy-wiggum.png,word_count,71.0
Chief Wiggum,363,https://img.icons8.com/doodle/48/clancy-wiggum.png,word_count,87.0
Chief Wiggum,364,https://img.icons8.com/doodle/48/clancy-wiggum.png,word_count,34.0
Chief Wiggum,365,https://img.icons8.com/doodle/48/clancy-wiggum.png,word_count,28.0
Chief Wiggum,366,https://img.icons8.com/doodle/48/clancy-wiggum.png,word_count,8.0
Chief Wiggum,367,https://img.icons8.com/doodle/48/clancy-wiggum.png,word_count,17.0
Chief Wiggum,372,https://img.icons8.com/doodle/48/clancy-wiggum.png,word_count,67.0
Chief Wiggum,374,https://img.icons8.com/doodle/48/clancy-wiggum.png,word_count,40.0
Chief Wiggum,376,https://img.icons8.com/doodle/48/clancy-wiggum.png,word_count,21.0
Chief Wiggum,377,https://img.icons8.com/doodle/48/clancy-wiggum.png,word_count,52.0
Chief Wiggum,380,https://img.icons8.com/doodle/48/clancy-wiggum.png,word_count,34.0
Chief Wiggum,382,https://img.icons8.com/doodle/48/clancy-wiggum.png,word_count,103.0
Chief Wiggum,385,https://img.icons8.com/doodle/48/clancy-wiggum.png,word_count,17.0
Chief Wiggum,389,https://img.icons8.com/doodle/48/clancy-wiggum.png,word_count,37.0
Chief Wiggum,391,https://img.icons8.com/doodle/48/clancy-wiggum.png,word_count,138.0
Chief Wiggum,396,https://img.icons8.com/doodle/48/clancy-wiggum.png,word_count,40.0
Chief Wiggum,398,https://img.icons8.com/doodle/48/clancy-wiggum.png,word_count,294.0
Chief Wiggum,399,https://img.icons8.com/doodle/48/clancy-wiggum.png,word_count,28.0
Chief Wiggum,402,https://img.icons8.com/doodle/48/clancy-wiggum.png,word_count,89.0
Chief Wiggum,403,https://img.icons8.com/doodle/48/clancy-wiggum.png,word_count,7.0
Chief Wiggum,404,https://img.icons8.com/doodle/48/clancy-wiggum.png,word_count,114.0
Chief Wiggum,405,https://img.icons8.com/doodle/48/clancy-wiggum.png,word_count,22.0
Chief Wiggum,408,https://img.icons8.com/doodle/48/clancy-wiggum.png,word_count,30.0
Chief Wiggum,409,https://img.icons8.com/doodle/48/clancy-wiggum.png,word_count,103.0
Chief Wiggum,410,https://img.icons8.com/doodle/48/clancy-wiggum.png,word_count,46.0
Chief Wiggum,412,https://img.icons8.com/doodle/48/clancy-wiggum.png,word_count,64.0
Chief Wiggum,414,https://img.icons8.com/doodle/48/clancy-wiggum.png,word_count,92.0
Chief Wiggum,416,https://img.icons8.com/doodle/48/clancy-wiggum.png,word_count,11.0
Chief Wiggum,418,https://img.icons8.com/doodle/48/clancy-wiggum.png,word_count,21.0
Chief Wiggum,421,https://img.icons8.com/doodle/48/clancy-wiggum.png,word_count,11.0
Chief Wiggum,423,https://img.icons8.com/doodle/48/clancy-wiggum.png,word_count,48.0
Chief Wiggum,428,https://img.icons8.com/doodle/48/clancy-wiggum.png,word_count,9.0
Chief Wiggum,430,https://img.icons8.com/doodle/48/clancy-wiggum.png,word_count,4.0
Chief Wiggum,434,https://img.icons8.com/doodle/48/clancy-wiggum.png,word_count,46.0
Chief Wiggum,437,https://img.icons8.com/doodle/48/clancy-wiggum.png,word_count,2.0
Chief Wiggum,439,https://img.icons8.com/doodle/48/clancy-wiggum.png,word_count,151.0
Chief Wiggum,440,https://img.icons8.com/doodle/48/clancy-wiggum.png,word_count,7.0
Chief Wiggum,448,https://img.icons8.com/doodle/48/clancy-wiggum.png,word_count,77.0
Chief Wiggum,449,https://img.icons8.com/doodle/48/clancy-wiggum.png,word_count,41.0
Chief Wiggum,450,https://img.icons8.com/doodle/48/clancy-wiggum.png,word_count,55.0
Chief Wiggum,452,https://img.icons8.com/doodle/48/clancy-wiggum.png,word_count,14.0
Chief Wiggum,453,https://img.icons8.com/doodle/48/clancy-wiggum.png,word_count,13.0
Chief Wiggum,455,https://img.icons8.com/doodle/48/clancy-wiggum.png,word_count,11.0
Chief Wiggum,458,https://img.icons8.com/doodle/48/clancy-wiggum.png,word_count,36.0
Chief Wiggum,459,https://img.icons8.com/doodle/48/clancy-wiggum.png,word_count,820.0
Chief Wiggum,460,https://img.icons8.com/doodle/48/clancy-wiggum.png,word_count,34.0
Chief Wiggum,461,https://img.icons8.com/doodle/48/clancy-wiggum.png,word_count,210.0
Chief Wiggum,463,https://img.icons8.com/doodle/48/clancy-wiggum.png,word_count,89.0
Chief Wiggum,466,https://img.icons8.com/doodle/48/clancy-wiggum.png,word_count,62.0
Chief Wiggum,468,https://img.icons8.com/doodle/48/clancy-wiggum.png,word_count,34.0
Chief Wiggum,470,https://img.icons8.com/doodle/48/clancy-wiggum.png,word_count,26.0
Chief Wiggum,472,https://img.icons8.com/doodle/48/clancy-wiggum.png,word_count,2.0
Chief Wiggum,473,https://img.icons8.com/doodle/48/clancy-wiggum.png,word_count,161.0
Chief Wiggum,480,https://img.icons8.com/doodle/48/clancy-wiggum.png,word_count,26.0
Chief Wiggum,482,https://img.icons8.com/doodle/48/clancy-wiggum.png,word_count,39.0
Chief Wiggum,483,https://img.icons8.com/doodle/48/clancy-wiggum.png,word_count,12.0
Chief Wiggum,484,https://img.icons8.com/doodle/48/clancy-wiggum.png,word_count,44.0
Chief Wiggum,485,https://img.icons8.com/doodle/48/clancy-wiggum.png,word_count,62.0
Chief Wiggum,488,https://img.icons8.com/doodle/48/clancy-wiggum.png,word_count,50.0
Chief Wiggum,489,https://img.icons8.com/doodle/48/clancy-wiggum.png,word_count,13.0
Chief Wiggum,490,https://img.icons8.com/doodle/48/clancy-wiggum.png,word_count,40.0
Chief Wiggum,491,https://img.icons8.com/doodle/48/clancy-wiggum.png,word_count,26.0
Chief Wiggum,498,https://img.icons8.com/doodle/48/clancy-wiggum.png,word_count,79.0
Chief Wiggum,499,https://img.icons8.com/doodle/48/clancy-wiggum.png,word_count,26.0
Chief Wiggum,500,https://img.icons8.com/doodle/48/clancy-wiggum.png,word_count,113.0
Chief Wiggum,501,https://img.icons8.com/doodle/48/clancy-wiggum.png,word_count,187.0
Chief Wiggum,502,https://img.icons8.com/doodle/48/clancy-wiggum.png,word_count,19.0
Chief Wiggum,504,https://img.icons8.com/doodle/48/clancy-wiggum.png,word_count,4.0
Chief Wiggum,506,https://img.icons8.com/doodle/48/clancy-wiggum.png,word_count,11.0
Chief Wiggum,507,https://img.icons8.com/doodle/48/clancy-wiggum.png,word_count,45.0
Chief Wiggum,508,https://img.icons8.com/doodle/48/clancy-wiggum.png,word_count,24.0
Chief Wiggum,509,https://img.icons8.com/doodle/48/clancy-wiggum.png,word_count,10.0
Chief Wiggum,510,https://img.icons8.com/doodle/48/clancy-wiggum.png,word_count,44.0
Chief Wiggum,511,https://img.icons8.com/doodle/48/clancy-wiggum.png,word_count,31.0
Chief Wiggum,513,https://img.icons8.com/doodle/48/clancy-wiggum.png,word_count,36.0
Chief Wiggum,514,https://img.icons8.com/doodle/48/clancy-wiggum.png,word_count,41.0
Chief Wiggum,515,https://img.icons8.com/doodle/48/clancy-wiggum.png,word_count,54.0
Chief Wiggum,516,https://img.icons8.com/doodle/48/clancy-wiggum.png,word_count,47.0
Chief Wiggum,517,https://img.icons8.com/doodle/48/clancy-wiggum.png,word_count,6.0
Chief Wiggum,518,https://img.icons8.com/doodle/48/clancy-wiggum.png,word_count,100.0
Chief Wiggum,519,https://img.icons8.com/doodle/48/clancy-wiggum.png,word_count,73.0
Chief Wiggum,520,https://img.icons8.com/doodle/48/clancy-wiggum.png,word_count,12.0
Chief Wiggum,524,https://img.icons8.com/doodle/48/clancy-wiggum.png,word_count,15.0
Chief Wiggum,526,https://img.icons8.com/doodle/48/clancy-wiggum.png,word_count,5.0
Chief Wiggum,528,https://img.icons8.com/doodle/48/clancy-wiggum.png,word_count,40.0
Chief Wiggum,530,https://img.icons8.com/doodle/48/clancy-wiggum.png,word_count,12.0
Chief Wiggum,531,https://img.icons8.com/doodle/48/clancy-wiggum.png,word_count,126.0
Chief Wiggum,533,https://img.icons8.com/doodle/48/clancy-wiggum.png,word_count,99.0
Chief Wiggum,537,https://img.icons8.com/doodle/48/clancy-wiggum.png,word_count,19.0
Chief Wiggum,538,https://img.icons8.com/doodle/48/clancy-wiggum.png,word_count,46.0
Chief Wiggum,539,https://img.icons8.com/doodle/48/clancy-wiggum.png,word_count,29.0
Chief Wiggum,543,https://img.icons8.com/doodle/48/clancy-wiggum.png,word_count,50.0
Chief Wiggum,544,https://img.icons8.com/doodle/48/clancy-wiggum.png,word_count,65.0
Chief Wiggum,547,https://img.icons8.com/doodle/48/clancy-wiggum.png,word_count,160.0
Chief Wiggum,548,https://img.icons8.com/doodle/48/clancy-wiggum.png,word_count,4.0
Chief Wiggum,551,https://img.icons8.com/doodle/48/clancy-wiggum.png,word_count,10.0
Chief Wiggum,552,https://img.icons8.com/doodle/48/clancy-wiggum.png,word_count,53.0
Chief Wiggum,553,https://img.icons8.com/doodle/48/clancy-wiggum.png,word_count,28.0
Chief Wiggum,555,https://img.icons8.com/doodle/48/clancy-wiggum.png,word_count,36.0
Chief Wiggum,558,https://img.icons8.com/doodle/48/clancy-wiggum.png,word_count,25.0
Chief Wiggum,560,https://img.icons8.com/doodle/48/clancy-wiggum.png,word_count,19.0
Chief Wiggum,561,https://img.icons8.com/doodle/48/clancy-wiggum.png,word_count,11.0
Chief Wiggum,563,https://img.icons8.com/doodle/48/clancy-wiggum.png,word_count,146.0
Chief Wiggum,564,https://img.icons8.com/doodle/48/clancy-wiggum.png,word_count,12.0
Chief Wiggum,565,https://img.icons8.com/doodle/48/clancy-wiggum.png,word_count,52.0
Chief Wiggum,566,https://img.icons8.com/doodle/48/clancy-wiggum.png,word_count,4.0
Chief Wiggum,567,https://img.icons8.com/doodle/48/clancy-wiggum.png,word_count,55.0
Chief Wiggum,568,https://img.icons8.com/doodle/48/clancy-wiggum.png,word_count,78.0
Flanders,1,https://img.icons8.com/doodle/48/ned-flanders.png,word_count,103.0
Flanders,7,https://img.icons8.com/doodle/48/ned-flanders.png,word_count,34.0
Flanders,19,https://img.icons8.com/doodle/48/ned-flanders.png,word_count,740.0
Flanders,21,https://img.icons8.com/doodle/48/ned-flanders.png,word_count,30.0
Flanders,22,https://img.icons8.com/doodle/48/ned-flanders.png,word_count,31.0
Flanders,24,https://img.icons8.com/doodle/48/ned-flanders.png,word_count,58.0
Flanders,26,https://img.icons8.com/doodle/48/ned-flanders.png,word_count,80.0
Flanders,29,https://img.icons8.com/doodle/48/ned-flanders.png,word_count,104.0
Flanders,33,https://img.icons8.com/doodle/48/ned-flanders.png,word_count,86.0
Flanders,38,https://img.icons8.com/doodle/48/ned-flanders.png,word_count,772.0
Flanders,42,https://img.icons8.com/doodle/48/ned-flanders.png,word_count,64.0
Flanders,43,https://img.icons8.com/doodle/48/ned-flanders.png,word_count,10.0
Flanders,44,https://img.icons8.com/doodle/48/ned-flanders.png,word_count,11.0
Flanders,48,https://img.icons8.com/doodle/48/ned-flanders.png,word_count,30.0
Flanders,51,https://img.icons8.com/doodle/48/ned-flanders.png,word_count,329.0
Flanders,54,https://img.icons8.com/doodle/48/ned-flanders.png,word_count,13.0
Flanders,59,https://img.icons8.com/doodle/48/ned-flanders.png,word_count,75.0
Flanders,61,https://img.icons8.com/doodle/48/ned-flanders.png,word_count,142.0
Flanders,62,https://img.icons8.com/doodle/48/ned-flanders.png,word_count,113.0
Flanders,64,https://img.icons8.com/doodle/48/ned-flanders.png,word_count,41.0
Flanders,66,https://img.icons8.com/doodle/48/ned-flanders.png,word_count,15.0
Flanders,68,https://img.icons8.com/doodle/48/ned-flanders.png,word_count,15.0
Flanders,69,https://img.icons8.com/doodle/48/ned-flanders.png,word_count,210.0
Flanders,70,https://img.icons8.com/doodle/48/ned-flanders.png,word_count,60.0
Flanders,71,https://img.icons8.com/doodle/48/ned-flanders.png,word_count,23.0
Flanders,73,https://img.icons8.com/doodle/48/ned-flanders.png,word_count,7.0
Flanders,74,https://img.icons8.com/doodle/48/ned-flanders.png,word_count,20.0
Flanders,75,https://img.icons8.com/doodle/48/ned-flanders.png,word_count,42.0
Flanders,77,https://img.icons8.com/doodle/48/ned-flanders.png,word_count,23.0
Flanders,78,https://img.icons8.com/doodle/48/ned-flanders.png,word_count,27.0
Flanders,80,https://img.icons8.com/doodle/48/ned-flanders.png,word_count,103.0
Flanders,82,https://img.icons8.com/doodle/48/ned-flanders.png,word_count,23.0
Flanders,83,https://img.icons8.com/doodle/48/ned-flanders.png,word_count,34.0
Flanders,85,https://img.icons8.com/doodle/48/ned-flanders.png,word_count,23.0
Flanders,86,https://img.icons8.com/doodle/48/ned-flanders.png,word_count,28.0
Flanders,87,https://img.icons8.com/doodle/48/ned-flanders.png,word_count,8.0
Flanders,88,https://img.icons8.com/doodle/48/ned-flanders.png,word_count,48.0
Flanders,89,https://img.icons8.com/doodle/48/ned-flanders.png,word_count,376.0
Flanders,90,https://img.icons8.com/doodle/48/ned-flanders.png,word_count,26.0
Flanders,91,https://img.icons8.com/doodle/48/ned-flanders.png,word_count,5.0
Flanders,92,https://img.icons8.com/doodle/48/ned-flanders.png,word_count,62.0
Flanders,93,https://img.icons8.com/doodle/48/ned-flanders.png,word_count,2.0
Flanders,97,https://img.icons8.com/doodle/48/ned-flanders.png,word_count,551.0
Flanders,98,https://img.icons8.com/doodle/48/ned-flanders.png,word_count,13.0
Flanders,100,https://img.icons8.com/doodle/48/ned-flanders.png,word_count,229.0
Flanders,101,https://img.icons8.com/doodle/48/ned-flanders.png,word_count,7.0
Flanders,103,https://img.icons8.com/doodle/48/ned-flanders.png,word_count,16.0
Flanders,104,https://img.icons8.com/doodle/48/ned-flanders.png,word_count,154.0
Flanders,105,https://img.icons8.com/doodle/48/ned-flanders.png,word_count,16.0
Flanders,109,https://img.icons8.com/doodle/48/ned-flanders.png,word_count,84.0
Flanders,113,https://img.icons8.com/doodle/48/ned-flanders.png,word_count,13.0
Flanders,116,https://img.icons8.com/doodle/48/ned-flanders.png,word_count,9.0
Flanders,117,https://img.icons8.com/doodle/48/ned-flanders.png,word_count,174.0
Flanders,118,https://img.icons8.com/doodle/48/ned-flanders.png,word_count,44.0
Flanders,121,https://img.icons8.com/doodle/48/ned-flanders.png,word_count,47.0
Flanders,122,https://img.icons8.com/doodle/48/ned-flanders.png,word_count,24.0
Flanders,123,https://img.icons8.com/doodle/48/ned-flanders.png,word_count,14.0
Flanders,124,https://img.icons8.com/doodle/48/ned-flanders.png,word_count,97.0
Flanders,126,https://img.icons8.com/doodle/48/ned-flanders.png,word_count,43.0
Flanders,127,https://img.icons8.com/doodle/48/ned-flanders.png,word_count,82.0
Flanders,128,https://img.icons8.com/doodle/48/ned-flanders.png,word_count,17.0
Flanders,131,https://img.icons8.com/doodle/48/ned-flanders.png,word_count,495.0
Flanders,132,https://img.icons8.com/doodle/48/ned-flanders.png,word_count,55.0
Flanders,133,https://img.icons8.com/doodle/48/ned-flanders.png,word_count,64.0
Flanders,134,https://img.icons8.com/doodle/48/ned-flanders.png,word_count,16.0
Flanders,135,https://img.icons8.com/doodle/48/ned-flanders.png,word_count,16.0
Flanders,136,https://img.icons8.com/doodle/48/ned-flanders.png,word_count,41.0
Flanders,140,https://img.icons8.com/doodle/48/ned-flanders.png,word_count,5.0
Flanders,141,https://img.icons8.com/doodle/48/ned-flanders.png,word_count,165.0
Flanders,144,https://img.icons8.com/doodle/48/ned-flanders.png,word_count,52.0
Flanders,149,https://img.icons8.com/doodle/48/ned-flanders.png,word_count,73.0
Flanders,150,https://img.icons8.com/doodle/48/ned-flanders.png,word_count,56.0
Flanders,151,https://img.icons8.com/doodle/48/ned-flanders.png,word_count,66.0
Flanders,153,https://img.icons8.com/doodle/48/ned-flanders.png,word_count,104.0
Flanders,155,https://img.icons8.com/doodle/48/ned-flanders.png,word_count,41.0
Flanders,157,https://img.icons8.com/doodle/48/ned-flanders.png,word_count,121.0
Flanders,158,https://img.icons8.com/doodle/48/ned-flanders.png,word_count,90.0
Flanders,159,https://img.icons8.com/doodle/48/ned-flanders.png,word_count,35.0
Flanders,160,https://img.icons8.com/doodle/48/ned-flanders.png,word_count,67.0
Flanders,161,https://img.icons8.com/doodle/48/ned-flanders.png,word_count,933.0
Flanders,162,https://img.icons8.com/doodle/48/ned-flanders.png,word_count,65.0
Flanders,163,https://img.icons8.com/doodle/48/ned-flanders.png,word_count,11.0
Flanders,164,https://img.icons8.com/doodle/48/ned-flanders.png,word_count,60.0
Flanders,166,https://img.icons8.com/doodle/48/ned-flanders.png,word_count,18.0
Flanders,167,https://img.icons8.com/doodle/48/ned-flanders.png,word_count,17.0
Flanders,170,https://img.icons8.com/doodle/48/ned-flanders.png,word_count,232.0
Flanders,171,https://img.icons8.com/doodle/48/ned-flanders.png,word_count,32.0
Flanders,172,https://img.icons8.com/doodle/48/ned-flanders.png,word_count,30.0
Flanders,175,https://img.icons8.com/doodle/48/ned-flanders.png,word_count,260.0
Flanders,181,https://img.icons8.com/doodle/48/ned-flanders.png,word_count,23.0
Flanders,182,https://img.icons8.com/doodle/48/ned-flanders.png,word_count,96.0
Flanders,183,https://img.icons8.com/doodle/48/ned-flanders.png,word_count,20.0
Flanders,184,https://img.icons8.com/doodle/48/ned-flanders.png,word_count,198.0
Flanders,186,https://img.icons8.com/doodle/48/ned-flanders.png,word_count,142.0
Flanders,187,https://img.icons8.com/doodle/48/ned-flanders.png,word_count,349.0
Flanders,188,https://img.icons8.com/doodle/48/ned-flanders.png,word_count,26.0
Flanders,190,https://img.icons8.com/doodle/48/ned-flanders.png,word_count,7.0
Flanders,191,https://img.icons8.com/doodle/48/ned-flanders.png,word_count,93.0
Flanders,192,https://img.icons8.com/doodle/48/ned-flanders.png,word_count,33.0
Flanders,193,https://img.icons8.com/doodle/48/ned-flanders.png,word_count,23.0
Flanders,195,https://img.icons8.com/doodle/48/ned-flanders.png,word_count,16.0
Flanders,198,https://img.icons8.com/doodle/48/ned-flanders.png,word_count,97.0
Flanders,200,https://img.icons8.com/doodle/48/ned-flanders.png,word_count,54.0
Flanders,201,https://img.icons8.com/doodle/48/ned-flanders.png,word_count,28.0
Flanders,203,https://img.icons8.com/doodle/48/ned-flanders.png,word_count,92.0
Flanders,205,https://img.icons8.com/doodle/48/ned-flanders.png,word_count,35.0
Flanders,208,https://img.icons8.com/doodle/48/ned-flanders.png,word_count,26.0
Flanders,209,https://img.icons8.com/doodle/48/ned-flanders.png,word_count,18.0
Flanders,212,https://img.icons8.com/doodle/48/ned-flanders.png,word_count,12.0
Flanders,213,https://img.icons8.com/doodle/48/ned-flanders.png,word_count,752.0
Flanders,215,https://img.icons8.com/doodle/48/ned-flanders.png,word_count,35.0
Flanders,216,https://img.icons8.com/doodle/48/ned-flanders.png,word_count,13.0
Flanders,217,https://img.icons8.com/doodle/48/ned-flanders.png,word_count,84.0
Flanders,219,https://img.icons8.com/doodle/48/ned-flanders.png,word_count,51.0
Flanders,221,https://img.icons8.com/doodle/48/ned-flanders.png,word_count,150.0
Flanders,222,https://img.icons8.com/doodle/48/ned-flanders.png,word_count,38.0
Flanders,224,https://img.icons8.com/doodle/48/ned-flanders.png,word_count,12.0
Flanders,225,https://img.icons8.com/doodle/48/ned-flanders.png,word_count,17.0
Flanders,226,https://img.icons8.com/doodle/48/ned-flanders.png,word_count,117.0
Flanders,227,https://img.icons8.com/doodle/48/ned-flanders.png,word_count,12.0
Flanders,228,https://img.icons8.com/doodle/48/ned-flanders.png,word_count,136.0
Flanders,229,https://img.icons8.com/doodle/48/ned-flanders.png,word_count,25.0
Flanders,230,https://img.icons8.com/doodle/48/ned-flanders.png,word_count,83.0
Flanders,231,https://img.icons8.com/doodle/48/ned-flanders.png,word_count,13.0
Flanders,233,https://img.icons8.com/doodle/48/ned-flanders.png,word_count,28.0
Flanders,234,https://img.icons8.com/doodle/48/ned-flanders.png,word_count,70.0
Flanders,235,https://img.icons8.com/doodle/48/ned-flanders.png,word_count,20.0
Flanders,236,https://img.icons8.com/doodle/48/ned-flanders.png,word_count,182.0
Flanders,237,https://img.icons8.com/doodle/48/ned-flanders.png,word_count,49.0
Flanders,239,https://img.icons8.com/doodle/48/ned-flanders.png,word_count,5.0
Flanders,240,https://img.icons8.com/doodle/48/ned-flanders.png,word_count,605.0
Flanders,243,https://img.icons8.com/doodle/48/ned-flanders.png,word_count,74.0
Flanders,244,https://img.icons8.com/doodle/48/ned-flanders.png,word_count,10.0
Flanders,245,https://img.icons8.com/doodle/48/ned-flanders.png,word_count,31.0
Flanders,248,https://img.icons8.com/doodle/48/ned-flanders.png,word_count,16.0
Flanders,250,https://img.icons8.com/doodle/48/ned-flanders.png,word_count,13.0
Flanders,251,https://img.icons8.com/doodle/48/ned-flanders.png,word_count,18.0
Flanders,252,https://img.icons8.com/doodle/48/ned-flanders.png,word_count,13.0
Flanders,254,https://img.icons8.com/doodle/48/ned-flanders.png,word_count,40.0
Flanders,255,https://img.icons8.com/doodle/48/ned-flanders.png,word_count,57.0
Flanders,256,https://img.icons8.com/doodle/48/ned-flanders.png,word_count,99.0
Flanders,257,https://img.icons8.com/doodle/48/ned-flanders.png,word_count,56.0
Flanders,258,https://img.icons8.com/doodle/48/ned-flanders.png,word_count,7.0
Flanders,259,https://img.icons8.com/doodle/48/ned-flanders.png,word_count,53.0
Flanders,260,https://img.icons8.com/doodle/48/ned-flanders.png,word_count,8.0
Flanders,266,https://img.icons8.com/doodle/48/ned-flanders.png,word_count,32.0
Flanders,267,https://img.icons8.com/doodle/48/ned-flanders.png,word_count,761.0
Flanders,268,https://img.icons8.com/doodle/48/ned-flanders.png,word_count,168.0
Flanders,271,https://img.icons8.com/doodle/48/ned-flanders.png,word_count,58.0
Flanders,273,https://img.icons8.com/doodle/48/ned-flanders.png,word_count,1.0
Flanders,274,https://img.icons8.com/doodle/48/ned-flanders.png,word_count,4.0
Flanders,275,https://img.icons8.com/doodle/48/ned-flanders.png,word_count,65.0
Flanders,276,https://img.icons8.com/doodle/48/ned-flanders.png,word_count,133.0
Flanders,280,https://img.icons8.com/doodle/48/ned-flanders.png,word_count,7.0
Flanders,282,https://img.icons8.com/doodle/48/ned-flanders.png,word_count,3.0
Flanders,283,https://img.icons8.com/doodle/48/ned-flanders.png,word_count,37.0
Flanders,285,https://img.icons8.com/doodle/48/ned-flanders.png,word_count,111.0
Flanders,286,https://img.icons8.com/doodle/48/ned-flanders.png,word_count,55.0
Flanders,287,https://img.icons8.com/doodle/48/ned-flanders.png,word_count,46.0
Flanders,291,https://img.icons8.com/doodle/48/ned-flanders.png,word_count,22.0
Flanders,292,https://img.icons8.com/doodle/48/ned-flanders.png,word_count,111.0
Flanders,294,https://img.icons8.com/doodle/48/ned-flanders.png,word_count,50.0
Flanders,296,https://img.icons8.com/doodle/48/ned-flanders.png,word_count,16.0
Flanders,298,https://img.icons8.com/doodle/48/ned-flanders.png,word_count,14.0
Flanders,299,https://img.icons8.com/doodle/48/ned-flanders.png,word_count,34.0
Flanders,300,https://img.icons8.com/doodle/48/ned-flanders.png,word_count,20.0
Flanders,301,https://img.icons8.com/doodle/48/ned-flanders.png,word_count,228.0
Flanders,304,https://img.icons8.com/doodle/48/ned-flanders.png,word_count,909.0
Flanders,305,https://img.icons8.com/doodle/48/ned-flanders.png,word_count,10.0
Flanders,306,https://img.icons8.com/doodle/48/ned-flanders.png,word_count,10.0
Flanders,308,https://img.icons8.com/doodle/48/ned-flanders.png,word_count,32.0
Flanders,309,https://img.icons8.com/doodle/48/ned-flanders.png,word_count,77.0
Flanders,311,https://img.icons8.com/doodle/48/ned-flanders.png,word_count,13.0
Flanders,312,https://img.icons8.com/doodle/48/ned-flanders.png,word_count,144.0
Flanders,314,https://img.icons8.com/doodle/48/ned-flanders.png,word_count,35.0
Flanders,315,https://img.icons8.com/doodle/48/ned-flanders.png,word_count,15.0
Flanders,318,https://img.icons8.com/doodle/48/ned-flanders.png,word_count,8.0
Flanders,320,https://img.icons8.com/doodle/48/ned-flanders.png,word_count,253.0
Flanders,321,https://img.icons8.com/doodle/48/ned-flanders.png,word_count,9.0
Flanders,322,https://img.icons8.com/doodle/48/ned-flanders.png,word_count,13.0
Flanders,323,https://img.icons8.com/doodle/48/ned-flanders.png,word_count,143.0
Flanders,327,https://img.icons8.com/doodle/48/ned-flanders.png,word_count,25.0
Flanders,328,https://img.icons8.com/doodle/48/ned-flanders.png,word_count,14.0
Flanders,331,https://img.icons8.com/doodle/48/ned-flanders.png,word_count,20.0
Flanders,335,https://img.icons8.com/doodle/48/ned-flanders.png,word_count,13.0
Flanders,336,https://img.icons8.com/doodle/48/ned-flanders.png,word_count,239.0
Flanders,337,https://img.icons8.com/doodle/48/ned-flanders.png,word_count,67.0
Flanders,340,https://img.icons8.com/doodle/48/ned-flanders.png,word_count,37.0
Flanders,341,https://img.icons8.com/doodle/48/ned-flanders.png,word_count,137.0
Flanders,343,https://img.icons8.com/doodle/48/ned-flanders.png,word_count,347.0
Flanders,348,https://img.icons8.com/doodle/48/ned-flanders.png,word_count,20.0
Flanders,349,https://img.icons8.com/doodle/48/ned-flanders.png,word_count,18.0
Flanders,351,https://img.icons8.com/doodle/48/ned-flanders.png,word_count,44.0
Flanders,352,https://img.icons8.com/doodle/48/ned-flanders.png,word_count,18.0
Flanders,354,https://img.icons8.com/doodle/48/ned-flanders.png,word_count,11.0
Flanders,355,https://img.icons8.com/doodle/48/ned-flanders.png,word_count,646.0
Flanders,356,https://img.icons8.com/doodle/48/ned-flanders.png,word_count,109.0
Flanders,358,https://img.icons8.com/doodle/48/ned-flanders.png,word_count,21.0
Flanders,359,https://img.icons8.com/doodle/48/ned-flanders.png,word_count,103.0
Flanders,360,https://img.icons8.com/doodle/48/ned-flanders.png,word_count,35.0
Flanders,365,https://img.icons8.com/doodle/48/ned-flanders.png,word_count,38.0
Flanders,367,https://img.icons8.com/doodle/48/ned-flanders.png,word_count,84.0
Flanders,370,https://img.icons8.com/doodle/48/ned-flanders.png,word_count,629.0
Flanders,374,https://img.icons8.com/doodle/48/ned-flanders.png,word_count,11.0
Flanders,376,https://img.icons8.com/doodle/48/ned-flanders.png,word_count,49.0
Flanders,377,https://img.icons8.com/doodle/48/ned-flanders.png,word_count,249.0
Flanders,379,https://img.icons8.com/doodle/48/ned-flanders.png,word_count,23.0
Flanders,382,https://img.icons8.com/doodle/48/ned-flanders.png,word_count,3.0
Flanders,387,https://img.icons8.com/doodle/48/ned-flanders.png,word_count,48.0
Flanders,388,https://img.icons8.com/doodle/48/ned-flanders.png,word_count,34.0
Flanders,391,https://img.icons8.com/doodle/48/ned-flanders.png,word_count,14.0
Flanders,393,https://img.icons8.com/doodle/48/ned-flanders.png,word_count,45.0
Flanders,395,https://img.icons8.com/doodle/48/ned-flanders.png,word_count,5.0
Flanders,396,https://img.icons8.com/doodle/48/ned-flanders.png,word_count,73.0
Flanders,397,https://img.icons8.com/doodle/48/ned-flanders.png,word_count,12.0
Flanders,400,https://img.icons8.com/doodle/48/ned-flanders.png,word_count,99.0
Flanders,401,https://img.icons8.com/doodle/48/ned-flanders.png,word_count,2.0
Flanders,402,https://img.icons8.com/doodle/48/ned-flanders.png,word_count,10.0
Flanders,403,https://img.icons8.com/doodle/48/ned-flanders.png,word_count,41.0
Flanders,405,https://img.icons8.com/doodle/48/ned-flanders.png,word_count,161.0
Flanders,409,https://img.icons8.com/doodle/48/ned-flanders.png,word_count,21.0
Flanders,410,https://img.icons8.com/doodle/48/ned-flanders.png,word_count,11.0
Flanders,412,https://img.icons8.com/doodle/48/ned-flanders.png,word_count,80.0
Flanders,415,https://img.icons8.com/doodle/48/ned-flanders.png,word_count,38.0
Flanders,417,https://img.icons8.com/doodle/48/ned-flanders.png,word_count,8.0
Flanders,419,https://img.icons8.com/doodle/48/ned-flanders.png,word_count,33.0
Flanders,421,https://img.icons8.com/doodle/48/ned-flanders.png,word_count,537.0
Flanders,425,https://img.icons8.com/doodle/48/ned-flanders.png,word_count,327.0
Flanders,430,https://img.icons8.com/doodle/48/ned-flanders.png,word_count,22.0
Flanders,432,https://img.icons8.com/doodle/48/ned-flanders.png,word_count,381.0
Flanders,434,https://img.icons8.com/doodle/48/ned-flanders.png,word_count,19.0
Flanders,435,https://img.icons8.com/doodle/48/ned-flanders.png,word_count,25.0
Flanders,437,https://img.icons8.com/doodle/48/ned-flanders.png,word_count,17.0
Flanders,443,https://img.icons8.com/doodle/48/ned-flanders.png,word_count,7.0
Flanders,446,https://img.icons8.com/doodle/48/ned-flanders.png,word_count,167.0
Flanders,448,https://img.icons8.com/doodle/48/ned-flanders.png,word_count,33.0
Flanders,450,https://img.icons8.com/doodle/48/ned-flanders.png,word_count,19.0
Flanders,455,https://img.icons8.com/doodle/48/ned-flanders.png,word_count,58.0
Flanders,457,https://img.icons8.com/doodle/48/ned-flanders.png,word_count,533.0
Flanders,459,https://img.icons8.com/doodle/48/ned-flanders.png,word_count,4.0
Flanders,460,https://img.icons8.com/doodle/48/ned-flanders.png,word_count,9.0
Flanders,461,https://img.icons8.com/doodle/48/ned-flanders.png,word_count,314.0
Flanders,462,https://img.icons8.com/doodle/48/ned-flanders.png,word_count,29.0
Flanders,463,https://img.icons8.com/doodle/48/ned-flanders.png,word_count,19.0
Flanders,464,https://img.icons8.com/doodle/48/ned-flanders.png,word_count,44.0
Flanders,467,https://img.icons8.com/doodle/48/ned-flanders.png,word_count,90.0
Flanders,470,https://img.icons8.com/doodle/48/ned-flanders.png,word_count,17.0
Flanders,471,https://img.icons8.com/doodle/48/ned-flanders.png,word_count,10.0
Flanders,472,https://img.icons8.com/doodle/48/ned-flanders.png,word_count,5.0
Flanders,474,https://img.icons8.com/doodle/48/ned-flanders.png,word_count,10.0
Flanders,476,https://img.icons8.com/doodle/48/ned-flanders.png,word_count,5.0
Flanders,477,https://img.icons8.com/doodle/48/ned-flanders.png,word_count,6.0
Flanders,482,https://img.icons8.com/doodle/48/ned-flanders.png,word_count,20.0
Flanders,484,https://img.icons8.com/doodle/48/ned-flanders.png,word_count,18.0
Flanders,485,https://img.icons8.com/doodle/48/ned-flanders.png,word_count,41.0
Flanders,486,https://img.icons8.com/doodle/48/ned-flanders.png,word_count,684.0
Flanders,487,https://img.icons8.com/doodle/48/ned-flanders.png,word_count,59.0
Flanders,489,https://img.icons8.com/doodle/48/ned-flanders.png,word_count,194.0
Flanders,490,https://img.icons8.com/doodle/48/ned-flanders.png,word_count,142.0
Flanders,491,https://img.icons8.com/doodle/48/ned-flanders.png,word_count,31.0
Flanders,493,https://img.icons8.com/doodle/48/ned-flanders.png,word_count,2.0
Flanders,495,https://img.icons8.com/doodle/48/ned-flanders.png,word_count,16.0
Flanders,496,https://img.icons8.com/doodle/48/ned-flanders.png,word_count,36.0
Flanders,498,https://img.icons8.com/doodle/48/ned-flanders.png,word_count,10.0
Flanders,500,https://img.icons8.com/doodle/48/ned-flanders.png,word_count,40.0
Flanders,502,https://img.icons8.com/doodle/48/ned-flanders.png,word_count,8.0
Flanders,503,https://img.icons8.com/doodle/48/ned-flanders.png,word_count,26.0
Flanders,507,https://img.icons8.com/doodle/48/ned-flanders.png,word_count,690.0
Flanders,508,https://img.icons8.com/doodle/48/ned-flanders.png,word_count,75.0
Flanders,509,https://img.icons8.com/doodle/48/ned-flanders.png,word_count,6.0
Flanders,510,https://img.icons8.com/doodle/48/ned-flanders.png,word_count,5.0
Flanders,512,https://img.icons8.com/doodle/48/ned-flanders.png,word_count,7.0
Flanders,513,https://img.icons8.com/doodle/48/ned-flanders.png,word_count,11.0
Flanders,514,https://img.icons8.com/doodle/48/ned-flanders.png,word_count,107.0
Flanders,515,https://img.icons8.com/doodle/48/ned-flanders.png,word_count,35.0
Flanders,517,https://img.icons8.com/doodle/48/ned-flanders.png,word_count,53.0
Flanders,518,https://img.icons8.com/doodle/48/ned-flanders.png,word_count,17.0
Flanders,523,https://img.icons8.com/doodle/48/ned-flanders.png,word_count,456.0
Flanders,525,https://img.icons8.com/doodle/48/ned-flanders.png,word_count,7.0
Flanders,526,https://img.icons8.com/doodle/48/ned-flanders.png,word_count,142.0
Flanders,528,https://img.icons8.com/doodle/48/ned-flanders.png,word_count,29.0
Flanders,530,https://img.icons8.com/doodle/48/ned-flanders.png,word_count,17.0
Flanders,533,https://img.icons8.com/doodle/48/ned-flanders.png,word_count,21.0
Flanders,534,https://img.icons8.com/doodle/48/ned-flanders.png,word_count,18.0
Flanders,538,https://img.icons8.com/doodle/48/ned-flanders.png,word_count,59.0
Flanders,539,https://img.icons8.com/doodle/48/ned-flanders.png,word_count,24.0
Flanders,542,https://img.icons8.com/doodle/48/ned-flanders.png,word_count,12.0
Flanders,543,https://img.icons8.com/doodle/48/ned-flanders.png,word_count,78.0
Flanders,546,https://img.icons8.com/doodle/48/ned-flanders.png,word_count,4.0
Flanders,549,https://img.icons8.com/doodle/48/ned-flanders.png,word_count,13.0
Flanders,551,https://img.icons8.com/doodle/48/ned-flanders.png,word_count,5.0
Flanders,554,https://img.icons8.com/doodle/48/ned-flanders.png,word_count,26.0
Flanders,555,https://img.icons8.com/doodle/48/ned-flanders.png,word_count,99.0
Flanders,561,https://img.icons8.com/doodle/48/ned-flanders.png,word_count,114.0
Flanders,568,https://img.icons8.com/doodle/48/ned-flanders.png,word_count,82.0
Grampa,1,https://img.icons8.com/doodle/48/abraham-simpson.png,word_count,4.0
Grampa,5,https://img.icons8.com/doodle/48/abraham-simpson.png,word_count,299.0
Grampa,8,https://img.icons8.com/doodle/48/abraham-simpson.png,word_count,30.0
Grampa,17,https://img.icons8.com/doodle/48/abraham-simpson.png,word_count,30.0
Grampa,20,https://img.icons8.com/doodle/48/abraham-simpson.png,word_count,85.0
Grampa,24,https://img.icons8.com/doodle/48/abraham-simpson.png,word_count,67.0
Grampa,25,https://img.icons8.com/doodle/48/abraham-simpson.png,word_count,101.0
Grampa,28,https://img.icons8.com/doodle/48/abraham-simpson.png,word_count,239.0
Grampa,30,https://img.icons8.com/doodle/48/abraham-simpson.png,word_count,970.0
Grampa,33,https://img.icons8.com/doodle/48/abraham-simpson.png,word_count,192.0
Grampa,36,https://img.icons8.com/doodle/48/abraham-simpson.png,word_count,2.0
Grampa,40,https://img.icons8.com/doodle/48/abraham-simpson.png,word_count,5.0
Grampa,43,https://img.icons8.com/doodle/48/abraham-simpson.png,word_count,41.0
Grampa,46,https://img.icons8.com/doodle/48/abraham-simpson.png,word_count,4.0
Grampa,47,https://img.icons8.com/doodle/48/abraham-simpson.png,word_count,33.0
Grampa,54,https://img.icons8.com/doodle/48/abraham-simpson.png,word_count,60.0
Grampa,63,https://img.icons8.com/doodle/48/abraham-simpson.png,word_count,7.0
Grampa,64,https://img.icons8.com/doodle/48/abraham-simpson.png,word_count,64.0
Grampa,65,https://img.icons8.com/doodle/48/abraham-simpson.png,word_count,49.0
Grampa,66,https://img.icons8.com/doodle/48/abraham-simpson.png,word_count,118.0
Grampa,67,https://img.icons8.com/doodle/48/abraham-simpson.png,word_count,70.0
Grampa,68,https://img.icons8.com/doodle/48/abraham-simpson.png,word_count,67.0
Grampa,69,https://img.icons8.com/doodle/48/abraham-simpson.png,word_count,80.0
Grampa,70,https://img.icons8.com/doodle/48/abraham-simpson.png,word_count,48.0
Grampa,71,https://img.icons8.com/doodle/48/abraham-simpson.png,word_count,57.0
Grampa,73,https://img.icons8.com/doodle/48/abraham-simpson.png,word_count,43.0
Grampa,74,https://img.icons8.com/doodle/48/abraham-simpson.png,word_count,17.0
Grampa,76,https://img.icons8.com/doodle/48/abraham-simpson.png,word_count,135.0
Grampa,77,https://img.icons8.com/doodle/48/abraham-simpson.png,word_count,61.0
Grampa,78,https://img.icons8.com/doodle/48/abraham-simpson.png,word_count,324.0
Grampa,79,https://img.icons8.com/doodle/48/abraham-simpson.png,word_count,68.0
Grampa,80,https://img.icons8.com/doodle/48/abraham-simpson.png,word_count,40.0
Grampa,81,https://img.icons8.com/doodle/48/abraham-simpson.png,word_count,26.0
Grampa,82,https://img.icons8.com/doodle/48/abraham-simpson.png,word_count,57.0
Grampa,83,https://img.icons8.com/doodle/48/abraham-simpson.png,word_count,81.0
Grampa,84,https://img.icons8.com/doodle/48/abraham-simpson.png,word_count,3.0
Grampa,85,https://img.icons8.com/doodle/48/abraham-simpson.png,word_count,24.0
Grampa,86,https://img.icons8.com/doodle/48/abraham-simpson.png,word_count,34.0
Grampa,90,https://img.icons8.com/doodle/48/abraham-simpson.png,word_count,6.0
Grampa,91,https://img.icons8.com/doodle/48/abraham-simpson.png,word_count,114.0
Grampa,92,https://img.icons8.com/doodle/48/abraham-simpson.png,word_count,290.0
Grampa,93,https://img.icons8.com/doodle/48/abraham-simpson.png,word_count,14.0
Grampa,94,https://img.icons8.com/doodle/48/abraham-simpson.png,word_count,36.0
Grampa,95,https://img.icons8.com/doodle/48/abraham-simpson.png,word_count,572.0
Grampa,96,https://img.icons8.com/doodle/48/abraham-simpson.png,word_count,7.0
Grampa,97,https://img.icons8.com/doodle/48/abraham-simpson.png,word_count,16.0
Grampa,98,https://img.icons8.com/doodle/48/abraham-simpson.png,word_count,10.0
Grampa,99,https://img.icons8.com/doodle/48/abraham-simpson.png,word_count,8.0
Grampa,102,https://img.icons8.com/doodle/48/abraham-simpson.png,word_count,428.0
Grampa,103,https://img.icons8.com/doodle/48/abraham-simpson.png,word_count,5.0
Grampa,104,https://img.icons8.com/doodle/48/abraham-simpson.png,word_count,7.0
Grampa,106,https://img.icons8.com/doodle/48/abraham-simpson.png,word_count,60.0
Grampa,107,https://img.icons8.com/doodle/48/abraham-simpson.png,word_count,29.0
Grampa,108,https://img.icons8.com/doodle/48/abraham-simpson.png,word_count,68.0
Grampa,109,https://img.icons8.com/doodle/48/abraham-simpson.png,word_count,29.0
Grampa,110,https://img.icons8.com/doodle/48/abraham-simpson.png,word_count,13.0
Grampa,111,https://img.icons8.com/doodle/48/abraham-simpson.png,word_count,9.0
Grampa,112,https://img.icons8.com/doodle/48/abraham-simpson.png,word_count,12.0
Grampa,113,https://img.icons8.com/doodle/48/abraham-simpson.png,word_count,633.0
Grampa,114,https://img.icons8.com/doodle/48/abraham-simpson.png,word_count,23.0
Grampa,115,https://img.icons8.com/doodle/48/abraham-simpson.png,word_count,40.0
Grampa,117,https://img.icons8.com/doodle/48/abraham-simpson.png,word_count,14.0
Grampa,121,https://img.icons8.com/doodle/48/abraham-simpson.png,word_count,33.0
Grampa,123,https://img.icons8.com/doodle/48/abraham-simpson.png,word_count,23.0
Grampa,124,https://img.icons8.com/doodle/48/abraham-simpson.png,word_count,22.0
Grampa,125,https://img.icons8.com/doodle/48/abraham-simpson.png,word_count,38.0
Grampa,126,https://img.icons8.com/doodle/48/abraham-simpson.png,word_count,16.0
Grampa,127,https://img.icons8.com/doodle/48/abraham-simpson.png,word_count,140.0
Grampa,128,https://img.icons8.com/doodle/48/abraham-simpson.png,word_count,110.0
Grampa,129,https://img.icons8.com/doodle/48/abraham-simpson.png,word_count,112.0
Grampa,130,https://img.icons8.com/doodle/48/abraham-simpson.png,word_count,8.0
Grampa,131,https://img.icons8.com/doodle/48/abraham-simpson.png,word_count,17.0
Grampa,133,https://img.icons8.com/doodle/48/abraham-simpson.png,word_count,39.0
Grampa,134,https://img.icons8.com/doodle/48/abraham-simpson.png,word_count,18.0
Grampa,136,https://img.icons8.com/doodle/48/abraham-simpson.png,word_count,149.0
Grampa,137,https://img.icons8.com/doodle/48/abraham-simpson.png,word_count,65.0
Grampa,139,https://img.icons8.com/doodle/48/abraham-simpson.png,word_count,5.0
Grampa,141,https://img.icons8.com/doodle/48/abraham-simpson.png,word_count,35.0
Grampa,142,https://img.icons8.com/doodle/48/abraham-simpson.png,word_count,24.0
Grampa,146,https://img.icons8.com/doodle/48/abraham-simpson.png,word_count,30.0
Grampa,147,https://img.icons8.com/doodle/48/abraham-simpson.png,word_count,12.0
Grampa,149,https://img.icons8.com/doodle/48/abraham-simpson.png,word_count,17.0
Grampa,150,https://img.icons8.com/doodle/48/abraham-simpson.png,word_count,961.0
Grampa,151,https://img.icons8.com/doodle/48/abraham-simpson.png,word_count,86.0
Grampa,152,https://img.icons8.com/doodle/48/abraham-simpson.png,word_count,39.0
Grampa,156,https://img.icons8.com/doodle/48/abraham-simpson.png,word_count,14.0
Grampa,157,https://img.icons8.com/doodle/48/abraham-simpson.png,word_count,10.0
Grampa,158,https://img.icons8.com/doodle/48/abraham-simpson.png,word_count,31.0
Grampa,160,https://img.icons8.com/doodle/48/abraham-simpson.png,word_count,8.0
Grampa,161,https://img.icons8.com/doodle/48/abraham-simpson.png,word_count,20.0
Grampa,163,https://img.icons8.com/doodle/48/abraham-simpson.png,word_count,60.0
Grampa,164,https://img.icons8.com/doodle/48/abraham-simpson.png,word_count,5.0
Grampa,166,https://img.icons8.com/doodle/48/abraham-simpson.png,word_count,41.0
Grampa,174,https://img.icons8.com/doodle/48/abraham-simpson.png,word_count,66.0
Grampa,177,https://img.icons8.com/doodle/48/abraham-simpson.png,word_count,228.0
Grampa,178,https://img.icons8.com/doodle/48/abraham-simpson.png,word_count,107.0
Grampa,180,https://img.icons8.com/doodle/48/abraham-simpson.png,word_count,16.0
Grampa,181,https://img.icons8.com/doodle/48/abraham-simpson.png,word_count,109.0
Grampa,184,https://img.icons8.com/doodle/48/abraham-simpson.png,word_count,28.0
Grampa,185,https://img.icons8.com/doodle/48/abraham-simpson.png,word_count,22.0
Grampa,188,https://img.icons8.com/doodle/48/abraham-simpson.png,word_count,17.0
Grampa,195,https://img.icons8.com/doodle/48/abraham-simpson.png,word_count,189.0
Grampa,197,https://img.icons8.com/doodle/48/abraham-simpson.png,word_count,60.0
Grampa,199,https://img.icons8.com/doodle/48/abraham-simpson.png,word_count,21.0
Grampa,201,https://img.icons8.com/doodle/48/abraham-simpson.png,word_count,116.0
Grampa,203,https://img.icons8.com/doodle/48/abraham-simpson.png,word_count,110.0
Grampa,205,https://img.icons8.com/doodle/48/abraham-simpson.png,word_count,19.0
Grampa,209,https://img.icons8.com/doodle/48/abraham-simpson.png,word_count,231.0
Grampa,211,https://img.icons8.com/doodle/48/abraham-simpson.png,word_count,230.0
Grampa,213,https://img.icons8.com/doodle/48/abraham-simpson.png,word_count,6.0
Grampa,214,https://img.icons8.com/doodle/48/abraham-simpson.png,word_count,23.0
Grampa,216,https://img.icons8.com/doodle/48/abraham-simpson.png,word_count,41.0
Grampa,221,https://img.icons8.com/doodle/48/abraham-simpson.png,word_count,10.0
Grampa,223,https://img.icons8.com/doodle/48/abraham-simpson.png,word_count,136.0
Grampa,228,https://img.icons8.com/doodle/48/abraham-simpson.png,word_count,2.0
Grampa,230,https://img.icons8.com/doodle/48/abraham-simpson.png,word_count,21.0
Grampa,232,https://img.icons8.com/doodle/48/abraham-simpson.png,word_count,10.0
Grampa,234,https://img.icons8.com/doodle/48/abraham-simpson.png,word_count,4.0
Grampa,237,https://img.icons8.com/doodle/48/abraham-simpson.png,word_count,3.0
Grampa,238,https://img.icons8.com/doodle/48/abraham-simpson.png,word_count,3.0
Grampa,248,https://img.icons8.com/doodle/48/abraham-simpson.png,word_count,14.0
Grampa,249,https://img.icons8.com/doodle/48/abraham-simpson.png,word_count,8.0
Grampa,250,https://img.icons8.com/doodle/48/abraham-simpson.png,word_count,3.0
Grampa,255,https://img.icons8.com/doodle/48/abraham-simpson.png,word_count,119.0
Grampa,260,https://img.icons8.com/doodle/48/abraham-simpson.png,word_count,84.0
Grampa,268,https://img.icons8.com/doodle/48/abraham-simpson.png,word_count,65.0
Grampa,269,https://img.icons8.com/doodle/48/abraham-simpson.png,word_count,17.0
Grampa,276,https://img.icons8.com/doodle/48/abraham-simpson.png,word_count,85.0
Grampa,278,https://img.icons8.com/doodle/48/abraham-simpson.png,word_count,45.0
Grampa,279,https://img.icons8.com/doodle/48/abraham-simpson.png,word_count,9.0
Grampa,281,https://img.icons8.com/doodle/48/abraham-simpson.png,word_count,45.0
Grampa,282,https://img.icons8.com/doodle/48/abraham-simpson.png,word_count,759.0
Grampa,286,https://img.icons8.com/doodle/48/abraham-simpson.png,word_count,41.0
Grampa,288,https://img.icons8.com/doodle/48/abraham-simpson.png,word_count,24.0
Grampa,289,https://img.icons8.com/doodle/48/abraham-simpson.png,word_count,52.0
Grampa,291,https://img.icons8.com/doodle/48/abraham-simpson.png,word_count,6.0
Grampa,292,https://img.icons8.com/doodle/48/abraham-simpson.png,word_count,42.0
Grampa,296,https://img.icons8.com/doodle/48/abraham-simpson.png,word_count,15.0
Grampa,298,https://img.icons8.com/doodle/48/abraham-simpson.png,word_count,36.0
Grampa,300,https://img.icons8.com/doodle/48/abraham-simpson.png,word_count,16.0
Grampa,302,https://img.icons8.com/doodle/48/abraham-simpson.png,word_count,9.0
Grampa,304,https://img.icons8.com/doodle/48/abraham-simpson.png,word_count,4.0
Grampa,305,https://img.icons8.com/doodle/48/abraham-simpson.png,word_count,5.0
Grampa,307,https://img.icons8.com/doodle/48/abraham-simpson.png,word_count,50.0
Grampa,308,https://img.icons8.com/doodle/48/abraham-simpson.png,word_count,6.0
Grampa,312,https://img.icons8.com/doodle/48/abraham-simpson.png,word_count,7.0
Grampa,313,https://img.icons8.com/doodle/48/abraham-simpson.png,word_count,31.0
Grampa,314,https://img.icons8.com/doodle/48/abraham-simpson.png,word_count,3.0
Grampa,315,https://img.icons8.com/doodle/48/abraham-simpson.png,word_count,31.0
Grampa,317,https://img.icons8.com/doodle/48/abraham-simpson.png,word_count,165.0
Grampa,318,https://img.icons8.com/doodle/48/abraham-simpson.png,word_count,66.0
Grampa,319,https://img.icons8.com/doodle/48/abraham-simpson.png,word_count,20.0
Grampa,320,https://img.icons8.com/doodle/48/abraham-simpson.png,word_count,9.0
Grampa,322,https://img.icons8.com/doodle/48/abraham-simpson.png,word_count,35.0
Grampa,325,https://img.icons8.com/doodle/48/abraham-simpson.png,word_count,6.0
Grampa,327,https://img.icons8.com/doodle/48/abraham-simpson.png,word_count,40.0
Grampa,330,https://img.icons8.com/doodle/48/abraham-simpson.png,word_count,17.0
Grampa,331,https://img.icons8.com/doodle/48/abraham-simpson.png,word_count,155.0
Grampa,333,https://img.icons8.com/doodle/48/abraham-simpson.png,word_count,3.0
Grampa,339,https://img.icons8.com/doodle/48/abraham-simpson.png,word_count,11.0
Grampa,340,https://img.icons8.com/doodle/48/abraham-simpson.png,word_count,23.0
Grampa,341,https://img.icons8.com/doodle/48/abraham-simpson.png,word_count,181.0
Grampa,345,https://img.icons8.com/doodle/48/abraham-simpson.png,word_count,24.0
Grampa,346,https://img.icons8.com/doodle/48/abraham-simpson.png,word_count,56.0
Grampa,351,https://img.icons8.com/doodle/48/abraham-simpson.png,word_count,24.0
Grampa,354,https://img.icons8.com/doodle/48/abraham-simpson.png,word_count,12.0
Grampa,356,https://img.icons8.com/doodle/48/abraham-simpson.png,word_count,9.0
Grampa,360,https://img.icons8.com/doodle/48/abraham-simpson.png,word_count,24.0
Grampa,365,https://img.icons8.com/doodle/48/abraham-simpson.png,word_count,366.0
Grampa,366,https://img.icons8.com/doodle/48/abraham-simpson.png,word_count,333.0
Grampa,372,https://img.icons8.com/doodle/48/abraham-simpson.png,word_count,434.0
Grampa,376,https://img.icons8.com/doodle/48/abraham-simpson.png,word_count,16.0
Grampa,377,https://img.icons8.com/doodle/48/abraham-simpson.png,word_count,17.0
Grampa,378,https://img.icons8.com/doodle/48/abraham-simpson.png,word_count,81.0
Grampa,382,https://img.icons8.com/doodle/48/abraham-simpson.png,word_count,19.0
Grampa,383,https://img.icons8.com/doodle/48/abraham-simpson.png,word_count,26.0
Grampa,384,https://img.icons8.com/doodle/48/abraham-simpson.png,word_count,70.0
Grampa,385,https://img.icons8.com/doodle/48/abraham-simpson.png,word_count,7.0
Grampa,386,https://img.icons8.com/doodle/48/abraham-simpson.png,word_count,19.0
Grampa,387,https://img.icons8.com/doodle/48/abraham-simpson.png,word_count,22.0
Grampa,388,https://img.icons8.com/doodle/48/abraham-simpson.png,word_count,3.0
Grampa,389,https://img.icons8.com/doodle/48/abraham-simpson.png,word_count,34.0
Grampa,390,https://img.icons8.com/doodle/48/abraham-simpson.png,word_count,32.0
Grampa,392,https://img.icons8.com/doodle/48/abraham-simpson.png,word_count,7.0
Grampa,393,https://img.icons8.com/doodle/48/abraham-simpson.png,word_count,578.0
Grampa,395,https://img.icons8.com/doodle/48/abraham-simpson.png,word_count,3.0
Grampa,396,https://img.icons8.com/doodle/48/abraham-simpson.png,word_count,6.0
Grampa,397,https://img.icons8.com/doodle/48/abraham-simpson.png,word_count,23.0
Grampa,400,https://img.icons8.com/doodle/48/abraham-simpson.png,word_count,36.0
Grampa,405,https://img.icons8.com/doodle/48/abraham-simpson.png,word_count,2.0
Grampa,406,https://img.icons8.com/doodle/48/abraham-simpson.png,word_count,24.0
Grampa,409,https://img.icons8.com/doodle/48/abraham-simpson.png,word_count,96.0
Grampa,411,https://img.icons8.com/doodle/48/abraham-simpson.png,word_count,27.0
Grampa,412,https://img.icons8.com/doodle/48/abraham-simpson.png,word_count,14.0
Grampa,416,https://img.icons8.com/doodle/48/abraham-simpson.png,word_count,139.0
Grampa,419,https://img.icons8.com/doodle/48/abraham-simpson.png,word_count,40.0
Grampa,423,https://img.icons8.com/doodle/48/abraham-simpson.png,word_count,53.0
Grampa,425,https://img.icons8.com/doodle/48/abraham-simpson.png,word_count,12.0
Grampa,426,https://img.icons8.com/doodle/48/abraham-simpson.png,word_count,47.0
Grampa,427,https://img.icons8.com/doodle/48/abraham-simpson.png,word_count,7.0
Grampa,428,https://img.icons8.com/doodle/48/abraham-simpson.png,word_count,16.0
Grampa,430,https://img.icons8.com/doodle/48/abraham-simpson.png,word_count,17.0
Grampa,432,https://img.icons8.com/doodle/48/abraham-simpson.png,word_count,42.0
Grampa,434,https://img.icons8.com/doodle/48/abraham-simpson.png,word_count,351.0
Grampa,437,https://img.icons8.com/doodle/48/abraham-simpson.png,word_count,13.0
Grampa,445,https://img.icons8.com/doodle/48/abraham-simpson.png,word_count,12.0
Grampa,450,https://img.icons8.com/doodle/48/abraham-simpson.png,word_count,532.0
Grampa,452,https://img.icons8.com/doodle/48/abraham-simpson.png,word_count,56.0
Grampa,454,https://img.icons8.com/doodle/48/abraham-simpson.png,word_count,251.0
Grampa,456,https://img.icons8.com/doodle/48/abraham-simpson.png,word_count,48.0
Grampa,458,https://img.icons8.com/doodle/48/abraham-simpson.png,word_count,11.0
Grampa,461,https://img.icons8.com/doodle/48/abraham-simpson.png,word_count,5.0
Grampa,464,https://img.icons8.com/doodle/48/abraham-simpson.png,word_count,50.0
Grampa,465,https://img.icons8.com/doodle/48/abraham-simpson.png,word_count,35.0
Grampa,466,https://img.icons8.com/doodle/48/abraham-simpson.png,word_count,197.0
Grampa,468,https://img.icons8.com/doodle/48/abraham-simpson.png,word_count,9.0
Grampa,472,https://img.icons8.com/doodle/48/abraham-simpson.png,word_count,40.0
Grampa,475,https://img.icons8.com/doodle/48/abraham-simpson.png,word_count,4.0
Grampa,479,https://img.icons8.com/doodle/48/abraham-simpson.png,word_count,502.0
Grampa,480,https://img.icons8.com/doodle/48/abraham-simpson.png,word_count,18.0
Grampa,481,https://img.icons8.com/doodle/48/abraham-simpson.png,word_count,19.0
Grampa,482,https://img.icons8.com/doodle/48/abraham-simpson.png,word_count,66.0
Grampa,484,https://img.icons8.com/doodle/48/abraham-simpson.png,word_count,18.0
Grampa,487,https://img.icons8.com/doodle/48/abraham-simpson.png,word_count,37.0
Grampa,488,https://img.icons8.com/doodle/48/abraham-simpson.png,word_count,42.0
Grampa,489,https://img.icons8.com/doodle/48/abraham-simpson.png,word_count,7.0
Grampa,490,https://img.icons8.com/doodle/48/abraham-simpson.png,word_count,67.0
Grampa,495,https://img.icons8.com/doodle/48/abraham-simpson.png,word_count,92.0
Grampa,497,https://img.icons8.com/doodle/48/abraham-simpson.png,word_count,23.0
Grampa,499,https://img.icons8.com/doodle/48/abraham-simpson.png,word_count,132.0
Grampa,500,https://img.icons8.com/doodle/48/abraham-simpson.png,word_count,10.0
Grampa,501,https://img.icons8.com/doodle/48/abraham-simpson.png,word_count,14.0
Grampa,502,https://img.icons8.com/doodle/48/abraham-simpson.png,word_count,76.0
Grampa,503,https://img.icons8.com/doodle/48/abraham-simpson.png,word_count,19.0
Grampa,504,https://img.icons8.com/doodle/48/abraham-simpson.png,word_count,36.0
Grampa,506,https://img.icons8.com/doodle/48/abraham-simpson.png,word_count,11.0
Grampa,507,https://img.icons8.com/doodle/48/abraham-simpson.png,word_count,2.0
Grampa,508,https://img.icons8.com/doodle/48/abraham-simpson.png,word_count,7.0
Grampa,512,https://img.icons8.com/doodle/48/abraham-simpson.png,word_count,319.0
Grampa,516,https://img.icons8.com/doodle/48/abraham-simpson.png,word_count,646.0
Grampa,519,https://img.icons8.com/doodle/48/abraham-simpson.png,word_count,38.0
Grampa,522,https://img.icons8.com/doodle/48/abraham-simpson.png,word_count,419.0
Grampa,523,https://img.icons8.com/doodle/48/abraham-simpson.png,word_count,61.0
Grampa,524,https://img.icons8.com/doodle/48/abraham-simpson.png,word_count,96.0
Grampa,525,https://img.icons8.com/doodle/48/abraham-simpson.png,word_count,14.0
Grampa,526,https://img.icons8.com/doodle/48/abraham-simpson.png,word_count,2.0
Grampa,527,https://img.icons8.com/doodle/48/abraham-simpson.png,word_count,215.0
Grampa,528,https://img.icons8.com/doodle/48/abraham-simpson.png,word_count,6.0
Grampa,529,https://img.icons8.com/doodle/48/abraham-simpson.png,word_count,4.0
Grampa,530,https://img.icons8.com/doodle/48/abraham-simpson.png,word_count,39.0
Grampa,531,https://img.icons8.com/doodle/48/abraham-simpson.png,word_count,3.0
Grampa,532,https://img.icons8.com/doodle/48/abraham-simpson.png,word_count,27.0
Grampa,535,https://img.icons8.com/doodle/48/abraham-simpson.png,word_count,9.0
Grampa,541,https://img.icons8.com/doodle/48/abraham-simpson.png,word_count,6.0
Grampa,542,https://img.icons8.com/doodle/48/abraham-simpson.png,word_count,8.0
Grampa,544,https://img.icons8.com/doodle/48/abraham-simpson.png,word_count,150.0
Grampa,548,https://img.icons8.com/doodle/48/abraham-simpson.png,word_count,17.0
Grampa,551,https://img.icons8.com/doodle/48/abraham-simpson.png,word_count,98.0
Grampa,552,https://img.icons8.com/doodle/48/abraham-simpson.png,word_count,135.0
Grampa,555,https://img.icons8.com/doodle/48/abraham-simpson.png,word_count,33.0
Grampa,556,https://img.icons8.com/doodle/48/abraham-simpson.png,word_count,12.0
Grampa,561,https://img.icons8.com/doodle/48/abraham-simpson.png,word_count,19.0
Grampa,562,https://img.icons8.com/doodle/48/abraham-simpson.png,word_count,16.0
Grampa,563,https://img.icons8.com/doodle/48/abraham-simpson.png,word_count,18.0
Grampa,564,https://img.icons8.com/doodle/48/abraham-simpson.png,word_count,2.0
Grampa,565,https://img.icons8.com/doodle/48/abraham-simpson.png,word_count,9.0
Grampa,566,https://img.icons8.com/doodle/48/abraham-simpson.png,word_count,35.0
Homer,1,https://img.icons8.com/doodle/48/homer-simpson.png,word_count,909.0
Homer,2,https://img.icons8.com/doodle/48/homer-simpson.png,word_count,539.0
Homer,3,https://img.icons8.com/doodle/48/homer-simpson.png,word_count,849.0
Homer,4,https://img.icons8.com/doodle/48/homer-simpson.png,word_count,874.0
Homer,5,https://img.icons8.com/doodle/48/homer-simpson.png,word_count,387.0
Homer,6,https://img.icons8.com/doodle/48/homer-simpson.png,word_count,588.0
Homer,7,https://img.icons8.com/doodle/48/homer-simpson.png,word_count,771.0
Homer,8,https://img.icons8.com/doodle/48/homer-simpson.png,word_count,502.0
Homer,9,https://img.icons8.com/doodle/48/homer-simpson.png,word_count,506.0
Homer,10,https://img.icons8.com/doodle/48/homer-simpson.png,word_count,841.0
Homer,11,https://img.icons8.com/doodle/48/homer-simpson.png,word_count,565.0
Homer,12,https://img.icons8.com/doodle/48/homer-simpson.png,word_count,285.0
Homer,13,https://img.icons8.com/doodle/48/homer-simpson.png,word_count,588.0
Homer,14,https://img.icons8.com/doodle/48/homer-simpson.png,word_count,174.0
Homer,15,https://img.icons8.com/doodle/48/homer-simpson.png,word_count,804.0
Homer,16,https://img.icons8.com/doodle/48/homer-simpson.png,word_count,618.0
Homer,17,https://img.icons8.com/doodle/48/homer-simpson.png,word_count,538.0
Homer,18,https://img.icons8.com/doodle/48/homer-simpson.png,word_count,1002.0
Homer,19,https://img.icons8.com/doodle/48/homer-simpson.png,word_count,947.0
Homer,20,https://img.icons8.com/doodle/48/homer-simpson.png,word_count,422.0
Homer,21,https://img.icons8.com/doodle/48/homer-simpson.png,word_count,520.0
Homer,22,https://img.icons8.com/doodle/48/homer-simpson.png,word_count,326.0
Homer,23,https://img.icons8.com/doodle/48/homer-simpson.png,word_count,535.0
Homer,24,https://img.icons8.com/doodle/48/homer-simpson.png,word_count,1215.0
Homer,25,https://img.icons8.com/doodle/48/homer-simpson.png,word_count,993.0
Homer,26,https://img.icons8.com/doodle/48/homer-simpson.png,word_count,779.0
Homer,27,https://img.icons8.com/doodle/48/homer-simpson.png,word_count,338.0
Homer,28,https://img.icons8.com/doodle/48/homer-simpson.png,word_count,951.0
Homer,29,https://img.icons8.com/doodle/48/homer-simpson.png,word_count,523.0
Homer,30,https://img.icons8.com/doodle/48/homer-simpson.png,word_count,404.0
Homer,31,https://img.icons8.com/doodle/48/homer-simpson.png,word_count,507.0
Homer,32,https://img.icons8.com/doodle/48/homer-simpson.png,word_count,634.0
Homer,33,https://img.icons8.com/doodle/48/homer-simpson.png,word_count,807.0
Homer,34,https://img.icons8.com/doodle/48/homer-simpson.png,word_count,215.0
Homer,35,https://img.icons8.com/doodle/48/homer-simpson.png,word_count,987.0
Homer,36,https://img.icons8.com/doodle/48/homer-simpson.png,word_count,546.0
Homer,37,https://img.icons8.com/doodle/48/homer-simpson.png,word_count,509.0
Homer,38,https://img.icons8.com/doodle/48/homer-simpson.png,word_count,772.0
Homer,39,https://img.icons8.com/doodle/48/homer-simpson.png,word_count,216.0
Homer,40,https://img.icons8.com/doodle/48/homer-simpson.png,word_count,445.0
Homer,41,https://img.icons8.com/doodle/48/homer-simpson.png,word_count,66.0
Homer,42,https://img.icons8.com/doodle/48/homer-simpson.png,word_count,517.0
Homer,43,https://img.icons8.com/doodle/48/homer-simpson.png,word_count,889.0
Homer,44,https://img.icons8.com/doodle/48/homer-simpson.png,word_count,760.0
Homer,45,https://img.icons8.com/doodle/48/homer-simpson.png,word_count,546.0
Homer,46,https://img.icons8.com/doodle/48/homer-simpson.png,word_count,498.0
Homer,47,https://img.icons8.com/doodle/48/homer-simpson.png,word_count,1104.0
Homer,48,https://img.icons8.com/doodle/48/homer-simpson.png,word_count,341.0
Homer,49,https://img.icons8.com/doodle/48/homer-simpson.png,word_count,843.0
Homer,50,https://img.icons8.com/doodle/48/homer-simpson.png,word_count,527.0
Homer,51,https://img.icons8.com/doodle/48/homer-simpson.png,word_count,474.0
Homer,52,https://img.icons8.com/doodle/48/homer-simpson.png,word_count,425.0
Homer,53,https://img.icons8.com/doodle/48/homer-simpson.png,word_count,87.0
Homer,54,https://img.icons8.com/doodle/48/homer-simpson.png,word_count,620.0
Homer,55,https://img.icons8.com/doodle/48/homer-simpson.png,word_count,863.0
Homer,56,https://img.icons8.com/doodle/48/homer-simpson.png,word_count,164.0
Homer,57,https://img.icons8.com/doodle/48/homer-simpson.png,word_count,338.0
Homer,58,https://img.icons8.com/doodle/48/homer-simpson.png,word_count,150.0
Homer,59,https://img.icons8.com/doodle/48/homer-simpson.png,word_count,578.0
Homer,60,https://img.icons8.com/doodle/48/homer-simpson.png,word_count,244.0
Homer,61,https://img.icons8.com/doodle/48/homer-simpson.png,word_count,404.0
Homer,62,https://img.icons8.com/doodle/48/homer-simpson.png,word_count,864.0
Homer,63,https://img.icons8.com/doodle/48/homer-simpson.png,word_count,356.0
Homer,64,https://img.icons8.com/doodle/48/homer-simpson.png,word_count,240.0
Homer,65,https://img.icons8.com/doodle/48/homer-simpson.png,word_count,765.0
Homer,66,https://img.icons8.com/doodle/48/homer-simpson.png,word_count,415.0
Homer,67,https://img.icons8.com/doodle/48/homer-simpson.png,word_count,447.0
Homer,68,https://img.icons8.com/doodle/48/homer-simpson.png,word_count,763.0
Homer,69,https://img.icons8.com/doodle/48/homer-simpson.png,word_count,544.0
Homer,70,https://img.icons8.com/doodle/48/homer-simpson.png,word_count,825.0
Homer,71,https://img.icons8.com/doodle/48/homer-simpson.png,word_count,296.0
Homer,72,https://img.icons8.com/doodle/48/homer-simpson.png,word_count,286.0
Homer,73,https://img.icons8.com/doodle/48/homer-simpson.png,word_count,528.0
Homer,74,https://img.icons8.com/doodle/48/homer-simpson.png,word_count,269.0
Homer,75,https://img.icons8.com/doodle/48/homer-simpson.png,word_count,473.0
Homer,76,https://img.icons8.com/doodle/48/homer-simpson.png,word_count,397.0
Homer,77,https://img.icons8.com/doodle/48/homer-simpson.png,word_count,539.0
Homer,78,https://img.icons8.com/doodle/48/homer-simpson.png,word_count,336.0
Homer,79,https://img.icons8.com/doodle/48/homer-simpson.png,word_count,204.0
Homer,80,https://img.icons8.com/doodle/48/homer-simpson.png,word_count,248.0
Homer,81,https://img.icons8.com/doodle/48/homer-simpson.png,word_count,92.0
Homer,82,https://img.icons8.com/doodle/48/homer-simpson.png,word_count,587.0
Homer,83,https://img.icons8.com/doodle/48/homer-simpson.png,word_count,227.0
Homer,84,https://img.icons8.com/doodle/48/homer-simpson.png,word_count,906.0
Homer,85,https://img.icons8.com/doodle/48/homer-simpson.png,word_count,587.0
Homer,86,https://img.icons8.com/doodle/48/homer-simpson.png,word_count,288.0
Homer,87,https://img.icons8.com/doodle/48/homer-simpson.png,word_count,611.0
Homer,88,https://img.icons8.com/doodle/48/homer-simpson.png,word_count,416.0
Homer,89,https://img.icons8.com/doodle/48/homer-simpson.png,word_count,585.0
Homer,90,https://img.icons8.com/doodle/48/homer-simpson.png,word_count,712.0
Homer,91,https://img.icons8.com/doodle/48/homer-simpson.png,word_count,608.0
Homer,92,https://img.icons8.com/doodle/48/homer-simpson.png,word_count,768.0
Homer,93,https://img.icons8.com/doodle/48/homer-simpson.png,word_count,330.0
Homer,94,https://img.icons8.com/doodle/48/homer-simpson.png,word_count,451.0
Homer,95,https://img.icons8.com/doodle/48/homer-simpson.png,word_count,169.0
Homer,96,https://img.icons8.com/doodle/48/homer-simpson.png,word_count,580.0
Homer,97,https://img.icons8.com/doodle/48/homer-simpson.png,word_count,908.0
Homer,98,https://img.icons8.com/doodle/48/homer-simpson.png,word_count,744.0
Homer,99,https://img.icons8.com/doodle/48/homer-simpson.png,word_count,420.0
Homer,100,https://img.icons8.com/doodle/48/homer-simpson.png,word_count,59.0
Homer,101,https://img.icons8.com/doodle/48/homer-simpson.png,word_count,251.0
Homer,102,https://img.icons8.com/doodle/48/homer-simpson.png,word_count,211.0
Homer,103,https://img.icons8.com/doodle/48/homer-simpson.png,word_count,1386.0
Homer,104,https://img.icons8.com/doodle/48/homer-simpson.png,word_count,179.0
Homer,105,https://img.icons8.com/doodle/48/homer-simpson.png,word_count,379.0
Homer,106,https://img.icons8.com/doodle/48/homer-simpson.png,word_count,344.0
Homer,107,https://img.icons8.com/doodle/48/homer-simpson.png,word_count,392.0
Homer,108,https://img.icons8.com/doodle/48/homer-simpson.png,word_count,156.0
Homer,109,https://img.icons8.com/doodle/48/homer-simpson.png,word_count,535.0
Homer,110,https://img.icons8.com/doodle/48/homer-simpson.png,word_count,154.0
Homer,111,https://img.icons8.com/doodle/48/homer-simpson.png,word_count,444.0
Homer,112,https://img.icons8.com/doodle/48/homer-simpson.png,word_count,901.0
Homer,113,https://img.icons8.com/doodle/48/homer-simpson.png,word_count,701.0
Homer,114,https://img.icons8.com/doodle/48/homer-simpson.png,word_count,786.0
Homer,115,https://img.icons8.com/doodle/48/homer-simpson.png,word_count,920.0
Homer,116,https://img.icons8.com/doodle/48/homer-simpson.png,word_count,1146.0
Homer,117,https://img.icons8.com/doodle/48/homer-simpson.png,word_count,395.0
Homer,118,https://img.icons8.com/doodle/48/homer-simpson.png,word_count,608.0
Homer,119,https://img.icons8.com/doodle/48/homer-simpson.png,word_count,358.0
Homer,120,https://img.icons8.com/doodle/48/homer-simpson.png,word_count,871.0
Homer,121,https://img.icons8.com/doodle/48/homer-simpson.png,word_count,362.0
Homer,122,https://img.icons8.com/doodle/48/homer-simpson.png,word_count,528.0
Homer,123,https://img.icons8.com/doodle/48/homer-simpson.png,word_count,281.0
Homer,124,https://img.icons8.com/doodle/48/homer-simpson.png,word_count,111.0
Homer,125,https://img.icons8.com/doodle/48/homer-simpson.png,word_count,209.0
Homer,126,https://img.icons8.com/doodle/48/homer-simpson.png,word_count,724.0
Homer,127,https://img.icons8.com/doodle/48/homer-simpson.png,word_count,211.0
Homer,128,https://img.icons8.com/doodle/48/homer-simpson.png,word_count,134.0
Homer,129,https://img.icons8.com/doodle/48/homer-simpson.png,word_count,136.0
Homer,130,https://img.icons8.com/doodle/48/homer-simpson.png,word_count,97.0
Homer,131,https://img.icons8.com/doodle/48/homer-simpson.png,word_count,416.0
Homer,132,https://img.icons8.com/doodle/48/homer-simpson.png,word_count,165.0
Homer,133,https://img.icons8.com/doodle/48/homer-simpson.png,word_count,498.0
Homer,134,https://img.icons8.com/doodle/48/homer-simpson.png,word_count,460.0
Homer,135,https://img.icons8.com/doodle/48/homer-simpson.png,word_count,1048.0
Homer,136,https://img.icons8.com/doodle/48/homer-simpson.png,word_count,555.0
Homer,137,https://img.icons8.com/doodle/48/homer-simpson.png,word_count,115.0
Homer,138,https://img.icons8.com/doodle/48/homer-simpson.png,word_count,352.0
Homer,139,https://img.icons8.com/doodle/48/homer-simpson.png,word_count,313.0
Homer,140,https://img.icons8.com/doodle/48/homer-simpson.png,word_count,591.0
Homer,141,https://img.icons8.com/doodle/48/homer-simpson.png,word_count,717.0
Homer,142,https://img.icons8.com/doodle/48/homer-simpson.png,word_count,376.0
Homer,143,https://img.icons8.com/doodle/48/homer-simpson.png,word_count,132.0
Homer,144,https://img.icons8.com/doodle/48/homer-simpson.png,word_count,415.0
Homer,145,https://img.icons8.com/doodle/48/homer-simpson.png,word_count,559.0
Homer,146,https://img.icons8.com/doodle/48/homer-simpson.png,word_count,70.0
Homer,147,https://img.icons8.com/doodle/48/homer-simpson.png,word_count,168.0
Homer,148,https://img.icons8.com/doodle/48/homer-simpson.png,word_count,451.0
Homer,149,https://img.icons8.com/doodle/48/homer-simpson.png,word_count,76.0
Homer,150,https://img.icons8.com/doodle/48/homer-simpson.png,word_count,68.0
Homer,151,https://img.icons8.com/doodle/48/homer-simpson.png,word_count,678.0
Homer,152,https://img.icons8.com/doodle/48/homer-simpson.png,word_count,1015.0
Homer,153,https://img.icons8.com/doodle/48/homer-simpson.png,word_count,225.0
Homer,154,https://img.icons8.com/doodle/48/homer-simpson.png,word_count,425.0
Homer,155,https://img.icons8.com/doodle/48/homer-simpson.png,word_count,548.0
Homer,156,https://img.icons8.com/doodle/48/homer-simpson.png,word_count,408.0
Homer,157,https://img.icons8.com/doodle/48/homer-simpson.png,word_count,391.0
Homer,158,https://img.icons8.com/doodle/48/homer-simpson.png,word_count,448.0
Homer,159,https://img.icons8.com/doodle/48/homer-simpson.png,word_count,664.0
Homer,160,https://img.icons8.com/doodle/48/homer-simpson.png,word_count,235.0
Homer,161,https://img.icons8.com/doodle/48/homer-simpson.png,word_count,328.0
Homer,162,https://img.icons8.com/doodle/48/homer-simpson.png,word_count,1067.0
Homer,163,https://img.icons8.com/doodle/48/homer-simpson.png,word_count,685.0
Homer,164,https://img.icons8.com/doodle/48/homer-simpson.png,word_count,364.0
Homer,165,https://img.icons8.com/doodle/48/homer-simpson.png,word_count,333.0
Homer,166,https://img.icons8.com/doodle/48/homer-simpson.png,word_count,413.0
Homer,167,https://img.icons8.com/doodle/48/homer-simpson.png,word_count,479.0
Homer,168,https://img.icons8.com/doodle/48/homer-simpson.png,word_count,981.0
Homer,169,https://img.icons8.com/doodle/48/homer-simpson.png,word_count,89.0
Homer,170,https://img.icons8.com/doodle/48/homer-simpson.png,word_count,227.0
Homer,171,https://img.icons8.com/doodle/48/homer-simpson.png,word_count,555.0
Homer,172,https://img.icons8.com/doodle/48/homer-simpson.png,word_count,101.0
Homer,173,https://img.icons8.com/doodle/48/homer-simpson.png,word_count,256.0
Homer,174,https://img.icons8.com/doodle/48/homer-simpson.png,word_count,182.0
Homer,175,https://img.icons8.com/doodle/48/homer-simpson.png,word_count,284.0
Homer,176,https://img.icons8.com/doodle/48/homer-simpson.png,word_count,599.0
Homer,177,https://img.icons8.com/doodle/48/homer-simpson.png,word_count,160.0
Homer,178,https://img.icons8.com/doodle/48/homer-simpson.png,word_count,154.0
Homer,179,https://img.icons8.com/doodle/48/homer-simpson.png,word_count,690.0
Homer,180,https://img.icons8.com/doodle/48/homer-simpson.png,word_count,155.0
Homer,181,https://img.icons8.com/doodle/48/homer-simpson.png,word_count,639.0
Homer,182,https://img.icons8.com/doodle/48/homer-simpson.png,word_count,475.0
Homer,183,https://img.icons8.com/doodle/48/homer-simpson.png,word_count,910.0
Homer,184,https://img.icons8.com/doodle/48/homer-simpson.png,word_count,987.0
Homer,185,https://img.icons8.com/doodle/48/homer-simpson.png,word_count,569.0
Homer,186,https://img.icons8.com/doodle/48/homer-simpson.png,word_count,394.0
Homer,187,https://img.icons8.com/doodle/48/homer-simpson.png,word_count,355.0
Homer,188,https://img.icons8.com/doodle/48/homer-simpson.png,word_count,466.0
Homer,189,https://img.icons8.com/doodle/48/homer-simpson.png,word_count,189.0
Homer,190,https://img.icons8.com/doodle/48/homer-simpson.png,word_count,642.0
Homer,191,https://img.icons8.com/doodle/48/homer-simpson.png,word_count,634.0
Homer,192,https://img.icons8.com/doodle/48/homer-simpson.png,word_count,328.0
Homer,193,https://img.icons8.com/doodle/48/homer-simpson.png,word_count,192.0
Homer,194,https://img.icons8.com/doodle/48/homer-simpson.png,word_count,636.0
Homer,195,https://img.icons8.com/doodle/48/homer-simpson.png,word_count,324.0
Homer,196,https://img.icons8.com/doodle/48/homer-simpson.png,word_count,142.0
Homer,197,https://img.icons8.com/doodle/48/homer-simpson.png,word_count,660.0
Homer,198,https://img.icons8.com/doodle/48/homer-simpson.png,word_count,605.0
Homer,199,https://img.icons8.com/doodle/48/homer-simpson.png,word_count,186.0
Homer,200,https://img.icons8.com/doodle/48/homer-simpson.png,word_count,1090.0
Homer,201,https://img.icons8.com/doodle/48/homer-simpson.png,word_count,888.0
Homer,202,https://img.icons8.com/doodle/48/homer-simpson.png,word_count,601.0
Homer,203,https://img.icons8.com/doodle/48/homer-simpson.png,word_count,620.0
Homer,204,https://img.icons8.com/doodle/48/homer-simpson.png,word_count,538.0
Homer,205,https://img.icons8.com/doodle/48/homer-simpson.png,word_count,1379.0
Homer,206,https://img.icons8.com/doodle/48/homer-simpson.png,word_count,286.0
Homer,207,https://img.icons8.com/doodle/48/homer-simpson.png,word_count,329.0
Homer,208,https://img.icons8.com/doodle/48/homer-simpson.png,word_count,1237.0
Homer,209,https://img.icons8.com/doodle/48/homer-simpson.png,word_count,975.0
Homer,210,https://img.icons8.com/doodle/48/homer-simpson.png,word_count,440.0
Homer,211,https://img.icons8.com/doodle/48/homer-simpson.png,word_count,863.0
Homer,212,https://img.icons8.com/doodle/48/homer-simpson.png,word_count,636.0
Homer,213,https://img.icons8.com/doodle/48/homer-simpson.png,word_count,919.0
Homer,214,https://img.icons8.com/doodle/48/homer-simpson.png,word_count,333.0
Homer,215,https://img.icons8.com/doodle/48/homer-simpson.png,word_count,550.0
Homer,216,https://img.icons8.com/doodle/48/homer-simpson.png,word_count,1077.0
Homer,217,https://img.icons8.com/doodle/48/homer-simpson.png,word_count,559.0
Homer,218,https://img.icons8.com/doodle/48/homer-simpson.png,word_count,395.0
Homer,219,https://img.icons8.com/doodle/48/homer-simpson.png,word_count,848.0
Homer,220,https://img.icons8.com/doodle/48/homer-simpson.png,word_count,782.0
Homer,221,https://img.icons8.com/doodle/48/homer-simpson.png,word_count,362.0
Homer,222,https://img.icons8.com/doodle/48/homer-simpson.png,word_count,1098.0
Homer,223,https://img.icons8.com/doodle/48/homer-simpson.png,word_count,349.0
Homer,224,https://img.icons8.com/doodle/48/homer-simpson.png,word_count,448.0
Homer,225,https://img.icons8.com/doodle/48/homer-simpson.png,word_count,315.0
Homer,226,https://img.icons8.com/doodle/48/homer-simpson.png,word_count,706.0
Homer,227,https://img.icons8.com/doodle/48/homer-simpson.png,word_count,910.0
Homer,228,https://img.icons8.com/doodle/48/homer-simpson.png,word_count,434.0
Homer,229,https://img.icons8.com/doodle/48/homer-simpson.png,word_count,825.0
Homer,230,https://img.icons8.com/doodle/48/homer-simpson.png,word_count,537.0
Homer,231,https://img.icons8.com/doodle/48/homer-simpson.png,word_count,1047.0
Homer,232,https://img.icons8.com/doodle/48/homer-simpson.png,word_count,1002.0
Homer,233,https://img.icons8.com/doodle/48/homer-simpson.png,word_count,413.0
Homer,234,https://img.icons8.com/doodle/48/homer-simpson.png,word_count,529.0
Homer,235,https://img.icons8.com/doodle/48/homer-simpson.png,word_count,223.0
Homer,236,https://img.icons8.com/doodle/48/homer-simpson.png,word_count,536.0
Homer,237,https://img.icons8.com/doodle/48/homer-simpson.png,word_count,413.0
Homer,238,https://img.icons8.com/doodle/48/homer-simpson.png,word_count,701.0
Homer,239,https://img.icons8.com/doodle/48/homer-simpson.png,word_count,601.0
Homer,240,https://img.icons8.com/doodle/48/homer-simpson.png,word_count,664.0
Homer,241,https://img.icons8.com/doodle/48/homer-simpson.png,word_count,1138.0
Homer,242,https://img.icons8.com/doodle/48/homer-simpson.png,word_count,387.0
Homer,243,https://img.icons8.com/doodle/48/homer-simpson.png,word_count,239.0
Homer,244,https://img.icons8.com/doodle/48/homer-simpson.png,word_count,646.0
Homer,245,https://img.icons8.com/doodle/48/homer-simpson.png,word_count,702.0
Homer,246,https://img.icons8.com/doodle/48/homer-simpson.png,word_count,282.0
Homer,247,https://img.icons8.com/doodle/48/homer-simpson.png,word_count,192.0
Homer,248,https://img.icons8.com/doodle/48/homer-simpson.png,word_count,434.0
Homer,249,https://img.icons8.com/doodle/48/homer-simpson.png,word_count,557.0
Homer,250,https://img.icons8.com/doodle/48/homer-simpson.png,word_count,821.0
Homer,251,https://img.icons8.com/doodle/48/homer-simpson.png,word_count,421.0
Homer,252,https://img.icons8.com/doodle/48/homer-simpson.png,word_count,220.0
Homer,253,https://img.icons8.com/doodle/48/homer-simpson.png,word_count,605.0
Homer,254,https://img.icons8.com/doodle/48/homer-simpson.png,word_count,893.0
Homer,255,https://img.icons8.com/doodle/48/homer-simpson.png,word_count,828.0
Homer,256,https://img.icons8.com/doodle/48/homer-simpson.png,word_count,243.0
Homer,257,https://img.icons8.com/doodle/48/homer-simpson.png,word_count,863.0
Homer,258,https://img.icons8.com/doodle/48/homer-simpson.png,word_count,386.0
Homer,259,https://img.icons8.com/doodle/48/homer-simpson.png,word_count,171.0
Homer,260,https://img.icons8.com/doodle/48/homer-simpson.png,word_count,838.0
Homer,261,https://img.icons8.com/doodle/48/homer-simpson.png,word_count,68.0
Homer,262,https://img.icons8.com/doodle/48/homer-simpson.png,word_count,234.0
Homer,263,https://img.icons8.com/doodle/48/homer-simpson.png,word_count,886.0
Homer,264,https://img.icons8.com/doodle/48/homer-simpson.png,word_count,387.0
Homer,265,https://img.icons8.com/doodle/48/homer-simpson.png,word_count,578.0
Homer,266,https://img.icons8.com/doodle/48/homer-simpson.png,word_count,383.0
Homer,267,https://img.icons8.com/doodle/48/homer-simpson.png,word_count,350.0
Homer,268,https://img.icons8.com/doodle/48/homer-simpson.png,word_count,754.0
Homer,269,https://img.icons8.com/doodle/48/homer-simpson.png,word_count,172.0
Homer,270,https://img.icons8.com/doodle/48/homer-simpson.png,word_count,324.0
Homer,271,https://img.icons8.com/doodle/48/homer-simpson.png,word_count,634.0
Homer,272,https://img.icons8.com/doodle/48/homer-simpson.png,word_count,744.0
Homer,273,https://img.icons8.com/doodle/48/homer-simpson.png,word_count,335.0
Homer,274,https://img.icons8.com/doodle/48/homer-simpson.png,word_count,493.0
Homer,275,https://img.icons8.com/doodle/48/homer-simpson.png,word_count,330.0
Homer,276,https://img.icons8.com/doodle/48/homer-simpson.png,word_count,529.0
Homer,277,https://img.icons8.com/doodle/48/homer-simpson.png,word_count,505.0
Homer,278,https://img.icons8.com/doodle/48/homer-simpson.png,word_count,436.0
Homer,279,https://img.icons8.com/doodle/48/homer-simpson.png,word_count,519.0
Homer,280,https://img.icons8.com/doodle/48/homer-simpson.png,word_count,267.0
Homer,281,https://img.icons8.com/doodle/48/homer-simpson.png,word_count,320.0
Homer,282,https://img.icons8.com/doodle/48/homer-simpson.png,word_count,303.0
Homer,283,https://img.icons8.com/doodle/48/homer-simpson.png,word_count,511.0
Homer,284,https://img.icons8.com/doodle/48/homer-simpson.png,word_count,483.0
Homer,285,https://img.icons8.com/doodle/48/homer-simpson.png,word_count,897.0
Homer,286,https://img.icons8.com/doodle/48/homer-simpson.png,word_count,164.0
Homer,287,https://img.icons8.com/doodle/48/homer-simpson.png,word_count,309.0
Homer,288,https://img.icons8.com/doodle/48/homer-simpson.png,word_count,465.0
Homer,289,https://img.icons8.com/doodle/48/homer-simpson.png,word_count,169.0
Homer,290,https://img.icons8.com/doodle/48/homer-simpson.png,word_count,628.0
Homer,291,https://img.icons8.com/doodle/48/homer-simpson.png,word_count,784.0
Homer,292,https://img.icons8.com/doodle/48/homer-simpson.png,word_count,619.0
Homer,293,https://img.icons8.com/doodle/48/homer-simpson.png,word_count,1043.0
Homer,294,https://img.icons8.com/doodle/48/homer-simpson.png,word_count,193.0
Homer,295,https://img.icons8.com/doodle/48/homer-simpson.png,word_count,372.0
Homer,296,https://img.icons8.com/doodle/48/homer-simpson.png,word_count,585.0
Homer,297,https://img.icons8.com/doodle/48/homer-simpson.png,word_count,471.0
Homer,298,https://img.icons8.com/doodle/48/homer-simpson.png,word_count,134.0
Homer,299,https://img.icons8.com/doodle/48/homer-simpson.png,word_count,820.0
Homer,300,https://img.icons8.com/doodle/48/homer-simpson.png,word_count,512.0
Homer,301,https://img.icons8.com/doodle/48/homer-simpson.png,word_count,727.0
Homer,302,https://img.icons8.com/doodle/48/homer-simpson.png,word_count,694.0
Homer,303,https://img.icons8.com/doodle/48/homer-simpson.png,word_count,340.0
Homer,304,https://img.icons8.com/doodle/48/homer-simpson.png,word_count,240.0
Homer,305,https://img.icons8.com/doodle/48/homer-simpson.png,word_count,203.0
Homer,306,https://img.icons8.com/doodle/48/homer-simpson.png,word_count,978.0
Homer,307,https://img.icons8.com/doodle/48/homer-simpson.png,word_count,156.0
Homer,308,https://img.icons8.com/doodle/48/homer-simpson.png,word_count,1166.0
Homer,309,https://img.icons8.com/doodle/48/homer-simpson.png,word_count,495.0
Homer,310,https://img.icons8.com/doodle/48/homer-simpson.png,word_count,528.0
Homer,311,https://img.icons8.com/doodle/48/homer-simpson.png,word_count,962.0
Homer,312,https://img.icons8.com/doodle/48/homer-simpson.png,word_count,329.0
Homer,313,https://img.icons8.com/doodle/48/homer-simpson.png,word_count,324.0
Homer,314,https://img.icons8.com/doodle/48/homer-simpson.png,word_count,292.0
Homer,315,https://img.icons8.com/doodle/48/homer-simpson.png,word_count,775.0
Homer,316,https://img.icons8.com/doodle/48/homer-simpson.png,word_count,292.0
Homer,317,https://img.icons8.com/doodle/48/homer-simpson.png,word_count,709.0
Homer,318,https://img.icons8.com/doodle/48/homer-simpson.png,word_count,713.0
Homer,319,https://img.icons8.com/doodle/48/homer-simpson.png,word_count,391.0
Homer,320,https://img.icons8.com/doodle/48/homer-simpson.png,word_count,834.0
Homer,321,https://img.icons8.com/doodle/48/homer-simpson.png,word_count,335.0
Homer,322,https://img.icons8.com/doodle/48/homer-simpson.png,word_count,522.0
Homer,323,https://img.icons8.com/doodle/48/homer-simpson.png,word_count,791.0
Homer,324,https://img.icons8.com/doodle/48/homer-simpson.png,word_count,104.0
Homer,325,https://img.icons8.com/doodle/48/homer-simpson.png,word_count,339.0
Homer,326,https://img.icons8.com/doodle/48/homer-simpson.png,word_count,377.0
Homer,327,https://img.icons8.com/doodle/48/homer-simpson.png,word_count,528.0
Homer,328,https://img.icons8.com/doodle/48/homer-simpson.png,word_count,788.0
Homer,329,https://img.icons8.com/doodle/48/homer-simpson.png,word_count,255.0
Homer,330,https://img.icons8.com/doodle/48/homer-simpson.png,word_count,467.0
Homer,331,https://img.icons8.com/doodle/48/homer-simpson.png,word_count,444.0
Homer,332,https://img.icons8.com/doodle/48/homer-simpson.png,word_count,584.0
Homer,333,https://img.icons8.com/doodle/48/homer-simpson.png,word_count,740.0
Homer,334,https://img.icons8.com/doodle/48/homer-simpson.png,word_count,458.0
Homer,335,https://img.icons8.com/doodle/48/homer-simpson.png,word_count,344.0
Homer,336,https://img.icons8.com/doodle/48/homer-simpson.png,word_count,392.0
Homer,337,https://img.icons8.com/doodle/48/homer-simpson.png,word_count,499.0
Homer,338,https://img.icons8.com/doodle/48/homer-simpson.png,word_count,300.0
Homer,339,https://img.icons8.com/doodle/48/homer-simpson.png,word_count,371.0
Homer,340,https://img.icons8.com/doodle/48/homer-simpson.png,word_count,663.0
Homer,341,https://img.icons8.com/doodle/48/homer-simpson.png,word_count,503.0
Homer,342,https://img.icons8.com/doodle/48/homer-simpson.png,word_count,615.0
Homer,343,https://img.icons8.com/doodle/48/homer-simpson.png,word_count,608.0
Homer,344,https://img.icons8.com/doodle/48/homer-simpson.png,word_count,322.0
Homer,345,https://img.icons8.com/doodle/48/homer-simpson.png,word_count,555.0
Homer,346,https://img.icons8.com/doodle/48/homer-simpson.png,word_count,320.0
Homer,347,https://img.icons8.com/doodle/48/homer-simpson.png,word_count,456.0
Homer,348,https://img.icons8.com/doodle/48/homer-simpson.png,word_count,708.0
Homer,349,https://img.icons8.com/doodle/48/homer-simpson.png,word_count,465.0
Homer,350,https://img.icons8.com/doodle/48/homer-simpson.png,word_count,183.0
Homer,351,https://img.icons8.com/doodle/48/homer-simpson.png,word_count,976.0
Homer,352,https://img.icons8.com/doodle/48/homer-simpson.png,word_count,375.0
Homer,353,https://img.icons8.com/doodle/48/homer-simpson.png,word_count,699.0
Homer,354,https://img.icons8.com/doodle/48/homer-simpson.png,word_count,905.0
Homer,355,https://img.icons8.com/doodle/48/homer-simpson.png,word_count,626.0
Homer,356,https://img.icons8.com/doodle/48/homer-simpson.png,word_count,544.0
Homer,357,https://img.icons8.com/doodle/48/homer-simpson.png,word_count,845.0
Homer,358,https://img.icons8.com/doodle/48/homer-simpson.png,word_count,463.0
Homer,359,https://img.icons8.com/doodle/48/homer-simpson.png,word_count,513.0
Homer,360,https://img.icons8.com/doodle/48/homer-simpson.png,word_count,329.0
Homer,361,https://img.icons8.com/doodle/48/homer-simpson.png,word_count,354.0
Homer,362,https://img.icons8.com/doodle/48/homer-simpson.png,word_count,790.0
Homer,363,https://img.icons8.com/doodle/48/homer-simpson.png,word_count,374.0
Homer,364,https://img.icons8.com/doodle/48/homer-simpson.png,word_count,468.0
Homer,365,https://img.icons8.com/doodle/48/homer-simpson.png,word_count,224.0
Homer,366,https://img.icons8.com/doodle/48/homer-simpson.png,word_count,534.0
Homer,367,https://img.icons8.com/doodle/48/homer-simpson.png,word_count,707.0
Homer,368,https://img.icons8.com/doodle/48/homer-simpson.png,word_count,157.0
Homer,369,https://img.icons8.com/doodle/48/homer-simpson.png,word_count,265.0
Homer,370,https://img.icons8.com/doodle/48/homer-simpson.png,word_count,415.0
Homer,371,https://img.icons8.com/doodle/48/homer-simpson.png,word_count,613.0
Homer,372,https://img.icons8.com/doodle/48/homer-simpson.png,word_count,200.0
Homer,373,https://img.icons8.com/doodle/48/homer-simpson.png,word_count,429.0
Homer,374,https://img.icons8.com/doodle/48/homer-simpson.png,word_count,398.0
Homer,375,https://img.icons8.com/doodle/48/homer-simpson.png,word_count,194.0
Homer,376,https://img.icons8.com/doodle/48/homer-simpson.png,word_count,771.0
Homer,377,https://img.icons8.com/doodle/48/homer-simpson.png,word_count,206.0
Homer,378,https://img.icons8.com/doodle/48/homer-simpson.png,word_count,563.0
Homer,379,https://img.icons8.com/doodle/48/homer-simpson.png,word_count,209.0
Homer,380,https://img.icons8.com/doodle/48/homer-simpson.png,word_count,233.0
Homer,381,https://img.icons8.com/doodle/48/homer-simpson.png,word_count,630.0
Homer,382,https://img.icons8.com/doodle/48/homer-simpson.png,word_count,331.0
Homer,383,https://img.icons8.com/doodle/48/homer-simpson.png,word_count,458.0
Homer,384,https://img.icons8.com/doodle/48/homer-simpson.png,word_count,339.0
Homer,385,https://img.icons8.com/doodle/48/homer-simpson.png,word_count,767.0
Homer,386,https://img.icons8.com/doodle/48/homer-simpson.png,word_count,390.0
Homer,387,https://img.icons8.com/doodle/48/homer-simpson.png,word_count,327.0
Homer,388,https://img.icons8.com/doodle/48/homer-simpson.png,word_count,518.0
Homer,389,https://img.icons8.com/doodle/48/homer-simpson.png,word_count,485.0
Homer,390,https://img.icons8.com/doodle/48/homer-simpson.png,word_count,330.0
Homer,391,https://img.icons8.com/doodle/48/homer-simpson.png,word_count,613.0
Homer,392,https://img.icons8.com/doodle/48/homer-simpson.png,word_count,94.0
Homer,393,https://img.icons8.com/doodle/48/homer-simpson.png,word_count,442.0
Homer,394,https://img.icons8.com/doodle/48/homer-simpson.png,word_count,652.0
Homer,395,https://img.icons8.com/doodle/48/homer-simpson.png,word_count,396.0
Homer,396,https://img.icons8.com/doodle/48/homer-simpson.png,word_count,500.0
Homer,397,https://img.icons8.com/doodle/48/homer-simpson.png,word_count,518.0
Homer,398,https://img.icons8.com/doodle/48/homer-simpson.png,word_count,308.0
Homer,399,https://img.icons8.com/doodle/48/homer-simpson.png,word_count,177.0
Homer,400,https://img.icons8.com/doodle/48/homer-simpson.png,word_count,555.0
Homer,401,https://img.icons8.com/doodle/48/homer-simpson.png,word_count,873.0
Homer,402,https://img.icons8.com/doodle/48/homer-simpson.png,word_count,735.0
Homer,403,https://img.icons8.com/doodle/48/homer-simpson.png,word_count,661.0
Homer,404,https://img.icons8.com/doodle/48/homer-simpson.png,word_count,285.0
Homer,405,https://img.icons8.com/doodle/48/homer-simpson.png,word_count,423.0
Homer,406,https://img.icons8.com/doodle/48/homer-simpson.png,word_count,400.0
Homer,407,https://img.icons8.com/doodle/48/homer-simpson.png,word_count,578.0
Homer,408,https://img.icons8.com/doodle/48/homer-simpson.png,word_count,302.0
Homer,409,https://img.icons8.com/doodle/48/homer-simpson.png,word_count,925.0
Homer,410,https://img.icons8.com/doodle/48/homer-simpson.png,word_count,424.0
Homer,411,https://img.icons8.com/doodle/48/homer-simpson.png,word_count,882.0
Homer,412,https://img.icons8.com/doodle/48/homer-simpson.png,word_count,134.0
Homer,413,https://img.icons8.com/doodle/48/homer-simpson.png,word_count,293.0
Homer,414,https://img.icons8.com/doodle/48/homer-simpson.png,word_count,226.0
Homer,415,https://img.icons8.com/doodle/48/homer-simpson.png,word_count,548.0
Homer,416,https://img.icons8.com/doodle/48/homer-simpson.png,word_count,387.0
Homer,417,https://img.icons8.com/doodle/48/homer-simpson.png,word_count,180.0
Homer,418,https://img.icons8.com/doodle/48/homer-simpson.png,word_count,356.0
Homer,419,https://img.icons8.com/doodle/48/homer-simpson.png,word_count,674.0
Homer,420,https://img.icons8.com/doodle/48/homer-simpson.png,word_count,258.0
Homer,421,https://img.icons8.com/doodle/48/homer-simpson.png,word_count,678.0
Homer,422,https://img.icons8.com/doodle/48/homer-simpson.png,word_count,144.0
Homer,423,https://img.icons8.com/doodle/48/homer-simpson.png,word_count,365.0
Homer,425,https://img.icons8.com/doodle/48/homer-simpson.png,word_count,786.0
Homer,426,https://img.icons8.com/doodle/48/homer-simpson.png,word_count,627.0
Homer,427,https://img.icons8.com/doodle/48/homer-simpson.png,word_count,513.0
Homer,428,https://img.icons8.com/doodle/48/homer-simpson.png,word_count,272.0
Homer,429,https://img.icons8.com/doodle/48/homer-simpson.png,word_count,270.0
Homer,430,https://img.icons8.com/doodle/48/homer-simpson.png,word_count,891.0
Homer,431,https://img.icons8.com/doodle/48/homer-simpson.png,word_count,312.0
Homer,432,https://img.icons8.com/doodle/48/homer-simpson.png,word_count,733.0
Homer,433,https://img.icons8.com/doodle/48/homer-simpson.png,word_count,509.0
Homer,434,https://img.icons8.com/doodle/48/homer-simpson.png,word_count,469.0
Homer,435,https://img.icons8.com/doodle/48/homer-simpson.png,word_count,535.0
Homer,436,https://img.icons8.com/doodle/48/homer-simpson.png,word_count,482.0
Homer,437,https://img.icons8.com/doodle/48/homer-simpson.png,word_count,117.0
Homer,438,https://img.icons8.com/doodle/48/homer-simpson.png,word_count,1086.0
Homer,439,https://img.icons8.com/doodle/48/homer-simpson.png,word_count,534.0
Homer,440,https://img.icons8.com/doodle/48/homer-simpson.png,word_count,312.0
Homer,442,https://img.icons8.com/doodle/48/homer-simpson.png,word_count,492.0
Homer,443,https://img.icons8.com/doodle/48/homer-simpson.png,word_count,151.0
Homer,444,https://img.icons8.com/doodle/48/homer-simpson.png,word_count,330.0
Homer,445,https://img.icons8.com/doodle/48/homer-simpson.png,word_count,265.0
Homer,446,https://img.icons8.com/doodle/48/homer-simpson.png,word_count,447.0
Homer,448,https://img.icons8.com/doodle/48/homer-simpson.png,word_count,164.0
Homer,449,https://img.icons8.com/doodle/48/homer-simpson.png,word_count,326.0
Homer,450,https://img.icons8.com/doodle/48/homer-simpson.png,word_count,575.0
Homer,451,https://img.icons8.com/doodle/48/homer-simpson.png,word_count,229.0
Homer,452,https://img.icons8.com/doodle/48/homer-simpson.png,word_count,823.0
Homer,453,https://img.icons8.com/doodle/48/homer-simpson.png,word_count,344.0
Homer,454,https://img.icons8.com/doodle/48/homer-simpson.png,word_count,218.0
Homer,455,https://img.icons8.com/doodle/48/homer-simpson.png,word_count,571.0
Homer,456,https://img.icons8.com/doodle/48/homer-simpson.png,word_count,147.0
Homer,457,https://img.icons8.com/doodle/48/homer-simpson.png,word_count,655.0
Homer,458,https://img.icons8.com/doodle/48/homer-simpson.png,word_count,215.0
Homer,459,https://img.icons8.com/doodle/48/homer-simpson.png,word_count,468.0
Homer,460,https://img.icons8.com/doodle/48/homer-simpson.png,word_count,774.0
Homer,461,https://img.icons8.com/doodle/48/homer-simpson.png,word_count,231.0
Homer,462,https://img.icons8.com/doodle/48/homer-simpson.png,word_count,307.0
Homer,463,https://img.icons8.com/doodle/48/homer-simpson.png,word_count,189.0
Homer,464,https://img.icons8.com/doodle/48/homer-simpson.png,word_count,293.0
Homer,465,https://img.icons8.com/doodle/48/homer-simpson.png,word_count,90.0
Homer,466,https://img.icons8.com/doodle/48/homer-simpson.png,word_count,340.0
Homer,467,https://img.icons8.com/doodle/48/homer-simpson.png,word_count,149.0
Homer,468,https://img.icons8.com/doodle/48/homer-simpson.png,word_count,463.0
Homer,469,https://img.icons8.com/doodle/48/homer-simpson.png,word_count,402.0
Homer,470,https://img.icons8.com/doodle/48/homer-simpson.png,word_count,157.0
Homer,471,https://img.icons8.com/doodle/48/homer-simpson.png,word_count,381.0
Homer,472,https://img.icons8.com/doodle/48/homer-simpson.png,word_count,271.0
Homer,473,https://img.icons8.com/doodle/48/homer-simpson.png,word_count,749.0
Homer,474,https://img.icons8.com/doodle/48/homer-simpson.png,word_count,190.0
Homer,475,https://img.icons8.com/doodle/48/homer-simpson.png,word_count,69.0
Homer,476,https://img.icons8.com/doodle/48/homer-simpson.png,word_count,558.0
Homer,477,https://img.icons8.com/doodle/48/homer-simpson.png,word_count,355.0
Homer,478,https://img.icons8.com/doodle/48/homer-simpson.png,word_count,411.0
Homer,479,https://img.icons8.com/doodle/48/homer-simpson.png,word_count,278.0
Homer,480,https://img.icons8.com/doodle/48/homer-simpson.png,word_count,495.0
Homer,481,https://img.icons8.com/doodle/48/homer-simpson.png,word_count,617.0
Homer,482,https://img.icons8.com/doodle/48/homer-simpson.png,word_count,212.0
Homer,483,https://img.icons8.com/doodle/48/homer-simpson.png,word_count,401.0
Homer,484,https://img.icons8.com/doodle/48/homer-simpson.png,word_count,523.0
Homer,485,https://img.icons8.com/doodle/48/homer-simpson.png,word_count,349.0
Homer,486,https://img.icons8.com/doodle/48/homer-simpson.png,word_count,466.0
Homer,487,https://img.icons8.com/doodle/48/homer-simpson.png,word_count,567.0
Homer,488,https://img.icons8.com/doodle/48/homer-simpson.png,word_count,203.0
Homer,489,https://img.icons8.com/doodle/48/homer-simpson.png,word_count,312.0
Homer,490,https://img.icons8.com/doodle/48/homer-simpson.png,word_count,524.0
Homer,491,https://img.icons8.com/doodle/48/homer-simpson.png,word_count,646.0
Homer,492,https://img.icons8.com/doodle/48/homer-simpson.png,word_count,420.0
Homer,493,https://img.icons8.com/doodle/48/homer-simpson.png,word_count,677.0
Homer,494,https://img.icons8.com/doodle/48/homer-simpson.png,word_count,147.0
Homer,495,https://img.icons8.com/doodle/48/homer-simpson.png,word_count,295.0
Homer,496,https://img.icons8.com/doodle/48/homer-simpson.png,word_count,1307.0
Homer,497,https://img.icons8.com/doodle/48/homer-simpson.png,word_count,375.0
Homer,498,https://img.icons8.com/doodle/48/homer-simpson.png,word_count,73.0
Homer,499,https://img.icons8.com/doodle/48/homer-simpson.png,word_count,168.0
Homer,500,https://img.icons8.com/doodle/48/homer-simpson.png,word_count,572.0
Homer,501,https://img.icons8.com/doodle/48/homer-simpson.png,word_count,633.0
Homer,502,https://img.icons8.com/doodle/48/homer-simpson.png,word_count,793.0
Homer,503,https://img.icons8.com/doodle/48/homer-simpson.png,word_count,906.0
Homer,504,https://img.icons8.com/doodle/48/homer-simpson.png,word_count,445.0
Homer,505,https://img.icons8.com/doodle/48/homer-simpson.png,word_count,334.0
Homer,506,https://img.icons8.com/doodle/48/homer-simpson.png,word_count,635.0
Homer,507,https://img.icons8.com/doodle/48/homer-simpson.png,word_count,424.0
Homer,508,https://img.icons8.com/doodle/48/homer-simpson.png,word_count,286.0
Homer,509,https://img.icons8.com/doodle/48/homer-simpson.png,word_count,466.0
Homer,510,https://img.icons8.com/doodle/48/homer-simpson.png,word_count,544.0
Homer,511,https://img.icons8.com/doodle/48/homer-simpson.png,word_count,699.0
Homer,512,https://img.icons8.com/doodle/48/homer-simpson.png,word_count,630.0
Homer,513,https://img.icons8.com/doodle/48/homer-simpson.png,word_count,435.0
Homer,514,https://img.icons8.com/doodle/48/homer-simpson.png,word_count,737.0
Homer,515,https://img.icons8.com/doodle/48/homer-simpson.png,word_count,945.0
Homer,516,https://img.icons8.com/doodle/48/homer-simpson.png,word_count,660.0
Homer,517,https://img.icons8.com/doodle/48/homer-simpson.png,word_count,781.0
Homer,518,https://img.icons8.com/doodle/48/homer-simpson.png,word_count,253.0
Homer,519,https://img.icons8.com/doodle/48/homer-simpson.png,word_count,850.0
Homer,520,https://img.icons8.com/doodle/48/homer-simpson.png,word_count,338.0
Homer,521,https://img.icons8.com/doodle/48/homer-simpson.png,word_count,275.0
Homer,522,https://img.icons8.com/doodle/48/homer-simpson.png,word_count,427.0
Homer,523,https://img.icons8.com/doodle/48/homer-simpson.png,word_count,445.0
Homer,524,https://img.icons8.com/doodle/48/homer-simpson.png,word_count,82.0
Homer,525,https://img.icons8.com/doodle/48/homer-simpson.png,word_count,694.0
Homer,526,https://img.icons8.com/doodle/48/homer-simpson.png,word_count,436.0
Homer,527,https://img.icons8.com/doodle/48/homer-simpson.png,word_count,198.0
Homer,528,https://img.icons8.com/doodle/48/homer-simpson.png,word_count,177.0
Homer,529,https://img.icons8.com/doodle/48/homer-simpson.png,word_count,748.0
Homer,530,https://img.icons8.com/doodle/48/homer-simpson.png,word_count,655.0
Homer,531,https://img.icons8.com/doodle/48/homer-simpson.png,word_count,713.0
Homer,532,https://img.icons8.com/doodle/48/homer-simpson.png,word_count,424.0
Homer,533,https://img.icons8.com/doodle/48/homer-simpson.png,word_count,234.0
Homer,534,https://img.icons8.com/doodle/48/homer-simpson.png,word_count,560.0
Homer,535,https://img.icons8.com/doodle/48/homer-simpson.png,word_count,959.0
Homer,536,https://img.icons8.com/doodle/48/homer-simpson.png,word_count,137.0
Homer,537,https://img.icons8.com/doodle/48/homer-simpson.png,word_count,330.0
Homer,538,https://img.icons8.com/doodle/48/homer-simpson.png,word_count,248.0
Homer,539,https://img.icons8.com/doodle/48/homer-simpson.png,word_count,926.0
Homer,540,https://img.icons8.com/doodle/48/homer-simpson.png,word_count,210.0
Homer,541,https://img.icons8.com/doodle/48/homer-simpson.png,word_count,690.0
Homer,542,https://img.icons8.com/doodle/48/homer-simpson.png,word_count,346.0
Homer,543,https://img.icons8.com/doodle/48/homer-simpson.png,word_count,179.0
Homer,544,https://img.icons8.com/doodle/48/homer-simpson.png,word_count,442.0
Homer,545,https://img.icons8.com/doodle/48/homer-simpson.png,word_count,838.0
Homer,546,https://img.icons8.com/doodle/48/homer-simpson.png,word_count,533.0
Homer,547,https://img.icons8.com/doodle/48/homer-simpson.png,word_count,544.0
Homer,548,https://img.icons8.com/doodle/48/homer-simpson.png,word_count,278.0
Homer,549,https://img.icons8.com/doodle/48/homer-simpson.png,word_count,440.0
Homer,551,https://img.icons8.com/doodle/48/homer-simpson.png,word_count,295.0
Homer,552,https://img.icons8.com/doodle/48/homer-simpson.png,word_count,289.0
Homer,553,https://img.icons8.com/doodle/48/homer-simpson.png,word_count,98.0
Homer,554,https://img.icons8.com/doodle/48/homer-simpson.png,word_count,494.0
Homer,555,https://img.icons8.com/doodle/48/homer-simpson.png,word_count,330.0
Homer,556,https://img.icons8.com/doodle/48/homer-simpson.png,word_count,438.0
Homer,557,https://img.icons8.com/doodle/48/homer-simpson.png,word_count,581.0
Homer,558,https://img.icons8.com/doodle/48/homer-simpson.png,word_count,377.0
Homer,559,https://img.icons8.com/doodle/48/homer-simpson.png,word_count,430.0
Homer,560,https://img.icons8.com/doodle/48/homer-simpson.png,word_count,897.0
Homer,561,https://img.icons8.com/doodle/48/homer-simpson.png,word_count,505.0
Homer,562,https://img.icons8.com/doodle/48/homer-simpson.png,word_count,503.0
Homer,563,https://img.icons8.com/doodle/48/homer-simpson.png,word_count,868.0
Homer,564,https://img.icons8.com/doodle/48/homer-simpson.png,word_count,644.0
Homer,565,https://img.icons8.com/doodle/48/homer-simpson.png,word_count,720.0
Homer,566,https://img.icons8.com/doodle/48/homer-simpson.png,word_count,246.0
Homer,567,https://img.icons8.com/doodle/48/homer-simpson.png,word_count,380.0
Homer,568,https://img.icons8.com/doodle/48/homer-simpson.png,word_count,309.0
Krusty,8,https://img.icons8.com/doodle/48/krusty-the-clown.png,word_count,70.0
Krusty,12,https://img.icons8.com/doodle/48/krusty-the-clown.png,word_count,304.0
Krusty,22,https://img.icons8.com/doodle/48/krusty-the-clown.png,word_count,94.0
Krusty,29,https://img.icons8.com/doodle/48/krusty-the-clown.png,word_count,22.0
Krusty,31,https://img.icons8.com/doodle/48/krusty-the-clown.png,word_count,150.0
Krusty,36,https://img.icons8.com/doodle/48/krusty-the-clown.png,word_count,56.0
Krusty,41,https://img.icons8.com/doodle/48/krusty-the-clown.png,word_count,722.0
Krusty,42,https://img.icons8.com/doodle/48/krusty-the-clown.png,word_count,53.0
Krusty,45,https://img.icons8.com/doodle/48/krusty-the-clown.png,word_count,7.0
Krusty,48,https://img.icons8.com/doodle/48/krusty-the-clown.png,word_count,112.0
Krusty,49,https://img.icons8.com/doodle/48/krusty-the-clown.png,word_count,24.0
Krusty,50,https://img.icons8.com/doodle/48/krusty-the-clown.png,word_count,15.0
Krusty,54,https://img.icons8.com/doodle/48/krusty-the-clown.png,word_count,25.0
Krusty,55,https://img.icons8.com/doodle/48/krusty-the-clown.png,word_count,20.0
Krusty,56,https://img.icons8.com/doodle/48/krusty-the-clown.png,word_count,190.0
Krusty,60,https://img.icons8.com/doodle/48/krusty-the-clown.png,word_count,272.0
Krusty,62,https://img.icons8.com/doodle/48/krusty-the-clown.png,word_count,55.0
Krusty,63,https://img.icons8.com/doodle/48/krusty-the-clown.png,word_count,191.0
Krusty,64,https://img.icons8.com/doodle/48/krusty-the-clown.png,word_count,32.0
Krusty,66,https://img.icons8.com/doodle/48/krusty-the-clown.png,word_count,26.0
Krusty,68,https://img.icons8.com/doodle/48/krusty-the-clown.png,word_count,13.0
Krusty,69,https://img.icons8.com/doodle/48/krusty-the-clown.png,word_count,123.0
Krusty,70,https://img.icons8.com/doodle/48/krusty-the-clown.png,word_count,57.0
Krusty,71,https://img.icons8.com/doodle/48/krusty-the-clown.png,word_count,5.0
Krusty,73,https://img.icons8.com/doodle/48/krusty-the-clown.png,word_count,79.0
Krusty,74,https://img.icons8.com/doodle/48/krusty-the-clown.png,word_count,237.0
Krusty,78,https://img.icons8.com/doodle/48/krusty-the-clown.png,word_count,131.0
Krusty,81,https://img.icons8.com/doodle/48/krusty-the-clown.png,word_count,674.0
Krusty,84,https://img.icons8.com/doodle/48/krusty-the-clown.png,word_count,13.0
Krusty,88,https://img.icons8.com/doodle/48/krusty-the-clown.png,word_count,50.0
Krusty,89,https://img.icons8.com/doodle/48/krusty-the-clown.png,word_count,16.0
Krusty,91,https://img.icons8.com/doodle/48/krusty-the-clown.png,word_count,60.0
Krusty,93,https://img.icons8.com/doodle/48/krusty-the-clown.png,word_count,417.0
Krusty,95,https://img.icons8.com/doodle/48/krusty-the-clown.png,word_count,22.0
Krusty,99,https://img.icons8.com/doodle/48/krusty-the-clown.png,word_count,55.0
Krusty,102,https://img.icons8.com/doodle/48/krusty-the-clown.png,word_count,3.0
Krusty,104,https://img.icons8.com/doodle/48/krusty-the-clown.png,word_count,67.0
Krusty,106,https://img.icons8.com/doodle/48/krusty-the-clown.png,word_count,37.0
Krusty,107,https://img.icons8.com/doodle/48/krusty-the-clown.png,word_count,38.0
Krusty,108,https://img.icons8.com/doodle/48/krusty-the-clown.png,word_count,17.0
Krusty,111,https://img.icons8.com/doodle/48/krusty-the-clown.png,word_count,19.0
Krusty,117,https://img.icons8.com/doodle/48/krusty-the-clown.png,word_count,34.0
Krusty,118,https://img.icons8.com/doodle/48/krusty-the-clown.png,word_count,573.0
Krusty,121,https://img.icons8.com/doodle/48/krusty-the-clown.png,word_count,57.0
Krusty,125,https://img.icons8.com/doodle/48/krusty-the-clown.png,word_count,130.0
Krusty,128,https://img.icons8.com/doodle/48/krusty-the-clown.png,word_count,15.0
Krusty,129,https://img.icons8.com/doodle/48/krusty-the-clown.png,word_count,40.0
Krusty,130,https://img.icons8.com/doodle/48/krusty-the-clown.png,word_count,40.0
Krusty,132,https://img.icons8.com/doodle/48/krusty-the-clown.png,word_count,11.0
Krusty,134,https://img.icons8.com/doodle/48/krusty-the-clown.png,word_count,55.0
Krusty,137,https://img.icons8.com/doodle/48/krusty-the-clown.png,word_count,332.0
Krusty,138,https://img.icons8.com/doodle/48/krusty-the-clown.png,word_count,82.0
Krusty,139,https://img.icons8.com/doodle/48/krusty-the-clown.png,word_count,38.0
Krusty,140,https://img.icons8.com/doodle/48/krusty-the-clown.png,word_count,6.0
Krusty,142,https://img.icons8.com/doodle/48/krusty-the-clown.png,word_count,8.0
Krusty,143,https://img.icons8.com/doodle/48/krusty-the-clown.png,word_count,574.0
Krusty,146,https://img.icons8.com/doodle/48/krusty-the-clown.png,word_count,76.0
Krusty,155,https://img.icons8.com/doodle/48/krusty-the-clown.png,word_count,2.0
Krusty,156,https://img.icons8.com/doodle/48/krusty-the-clown.png,word_count,9.0
Krusty,161,https://img.icons8.com/doodle/48/krusty-the-clown.png,word_count,7.0
Krusty,162,https://img.icons8.com/doodle/48/krusty-the-clown.png,word_count,5.0
Krusty,166,https://img.icons8.com/doodle/48/krusty-the-clown.png,word_count,114.0
Krusty,167,https://img.icons8.com/doodle/48/krusty-the-clown.png,word_count,319.0
Krusty,169,https://img.icons8.com/doodle/48/krusty-the-clown.png,word_count,153.0
Krusty,170,https://img.icons8.com/doodle/48/krusty-the-clown.png,word_count,51.0
Krusty,171,https://img.icons8.com/doodle/48/krusty-the-clown.png,word_count,7.0
Krusty,172,https://img.icons8.com/doodle/48/krusty-the-clown.png,word_count,13.0
Krusty,174,https://img.icons8.com/doodle/48/krusty-the-clown.png,word_count,9.0
Krusty,181,https://img.icons8.com/doodle/48/krusty-the-clown.png,word_count,45.0
Krusty,183,https://img.icons8.com/doodle/48/krusty-the-clown.png,word_count,30.0
Krusty,184,https://img.icons8.com/doodle/48/krusty-the-clown.png,word_count,5.0
Krusty,185,https://img.icons8.com/doodle/48/krusty-the-clown.png,word_count,170.0
Krusty,188,https://img.icons8.com/doodle/48/krusty-the-clown.png,word_count,25.0
Krusty,190,https://img.icons8.com/doodle/48/krusty-the-clown.png,word_count,19.0
Krusty,193,https://img.icons8.com/doodle/48/krusty-the-clown.png,word_count,994.0
Krusty,196,https://img.icons8.com/doodle/48/krusty-the-clown.png,word_count,4.0
Krusty,198,https://img.icons8.com/doodle/48/krusty-the-clown.png,word_count,5.0
Krusty,199,https://img.icons8.com/doodle/48/krusty-the-clown.png,word_count,98.0
Krusty,204,https://img.icons8.com/doodle/48/krusty-the-clown.png,word_count,19.0
Krusty,207,https://img.icons8.com/doodle/48/krusty-the-clown.png,word_count,28.0
Krusty,208,https://img.icons8.com/doodle/48/krusty-the-clown.png,word_count,6.0
Krusty,209,https://img.icons8.com/doodle/48/krusty-the-clown.png,word_count,1.0
Krusty,211,https://img.icons8.com/doodle/48/krusty-the-clown.png,word_count,59.0
Krusty,214,https://img.icons8.com/doodle/48/krusty-the-clown.png,word_count,17.0
Krusty,215,https://img.icons8.com/doodle/48/krusty-the-clown.png,word_count,49.0
Krusty,216,https://img.icons8.com/doodle/48/krusty-the-clown.png,word_count,48.0
Krusty,218,https://img.icons8.com/doodle/48/krusty-the-clown.png,word_count,8.0
Krusty,219,https://img.icons8.com/doodle/48/krusty-the-clown.png,word_count,28.0
Krusty,221,https://img.icons8.com/doodle/48/krusty-the-clown.png,word_count,43.0
Krusty,225,https://img.icons8.com/doodle/48/krusty-the-clown.png,word_count,11.0
Krusty,227,https://img.icons8.com/doodle/48/krusty-the-clown.png,word_count,8.0
Krusty,228,https://img.icons8.com/doodle/48/krusty-the-clown.png,word_count,71.0
Krusty,229,https://img.icons8.com/doodle/48/krusty-the-clown.png,word_count,75.0
Krusty,230,https://img.icons8.com/doodle/48/krusty-the-clown.png,word_count,19.0
Krusty,232,https://img.icons8.com/doodle/48/krusty-the-clown.png,word_count,53.0
Krusty,235,https://img.icons8.com/doodle/48/krusty-the-clown.png,word_count,55.0
Krusty,237,https://img.icons8.com/doodle/48/krusty-the-clown.png,word_count,25.0
Krusty,238,https://img.icons8.com/doodle/48/krusty-the-clown.png,word_count,12.0
Krusty,243,https://img.icons8.com/doodle/48/krusty-the-clown.png,word_count,33.0
Krusty,247,https://img.icons8.com/doodle/48/krusty-the-clown.png,word_count,49.0
Krusty,248,https://img.icons8.com/doodle/48/krusty-the-clown.png,word_count,34.0
Krusty,250,https://img.icons8.com/doodle/48/krusty-the-clown.png,word_count,31.0
Krusty,251,https://img.icons8.com/doodle/48/krusty-the-clown.png,word_count,809.0
Krusty,252,https://img.icons8.com/doodle/48/krusty-the-clown.png,word_count,62.0
Krusty,254,https://img.icons8.com/doodle/48/krusty-the-clown.png,word_count,33.0
Krusty,260,https://img.icons8.com/doodle/48/krusty-the-clown.png,word_count,71.0
Krusty,261,https://img.icons8.com/doodle/48/krusty-the-clown.png,word_count,600.0
Krusty,266,https://img.icons8.com/doodle/48/krusty-the-clown.png,word_count,41.0
Krusty,267,https://img.icons8.com/doodle/48/krusty-the-clown.png,word_count,16.0
Krusty,268,https://img.icons8.com/doodle/48/krusty-the-clown.png,word_count,209.0
Krusty,270,https://img.icons8.com/doodle/48/krusty-the-clown.png,word_count,10.0
Krusty,276,https://img.icons8.com/doodle/48/krusty-the-clown.png,word_count,19.0
Krusty,277,https://img.icons8.com/doodle/48/krusty-the-clown.png,word_count,23.0
Krusty,280,https://img.icons8.com/doodle/48/krusty-the-clown.png,word_count,32.0
Krusty,281,https://img.icons8.com/doodle/48/krusty-the-clown.png,word_count,157.0
Krusty,283,https://img.icons8.com/doodle/48/krusty-the-clown.png,word_count,108.0
Krusty,286,https://img.icons8.com/doodle/48/krusty-the-clown.png,word_count,134.0
Krusty,287,https://img.icons8.com/doodle/48/krusty-the-clown.png,word_count,25.0
Krusty,288,https://img.icons8.com/doodle/48/krusty-the-clown.png,word_count,5.0
Krusty,289,https://img.icons8.com/doodle/48/krusty-the-clown.png,word_count,12.0
Krusty,291,https://img.icons8.com/doodle/48/krusty-the-clown.png,word_count,9.0
Krusty,295,https://img.icons8.com/doodle/48/krusty-the-clown.png,word_count,126.0
Krusty,297,https://img.icons8.com/doodle/48/krusty-the-clown.png,word_count,5.0
Krusty,299,https://img.icons8.com/doodle/48/krusty-the-clown.png,word_count,71.0
Krusty,301,https://img.icons8.com/doodle/48/krusty-the-clown.png,word_count,16.0
Krusty,303,https://img.icons8.com/doodle/48/krusty-the-clown.png,word_count,99.0
Krusty,305,https://img.icons8.com/doodle/48/krusty-the-clown.png,word_count,658.0
Krusty,307,https://img.icons8.com/doodle/48/krusty-the-clown.png,word_count,36.0
Krusty,309,https://img.icons8.com/doodle/48/krusty-the-clown.png,word_count,10.0
Krusty,310,https://img.icons8.com/doodle/48/krusty-the-clown.png,word_count,18.0
Krusty,313,https://img.icons8.com/doodle/48/krusty-the-clown.png,word_count,14.0
Krusty,317,https://img.icons8.com/doodle/48/krusty-the-clown.png,word_count,16.0
Krusty,319,https://img.icons8.com/doodle/48/krusty-the-clown.png,word_count,677.0
Krusty,320,https://img.icons8.com/doodle/48/krusty-the-clown.png,word_count,78.0
Krusty,322,https://img.icons8.com/doodle/48/krusty-the-clown.png,word_count,17.0
Krusty,327,https://img.icons8.com/doodle/48/krusty-the-clown.png,word_count,4.0
Krusty,328,https://img.icons8.com/doodle/48/krusty-the-clown.png,word_count,8.0
Krusty,329,https://img.icons8.com/doodle/48/krusty-the-clown.png,word_count,28.0
Krusty,331,https://img.icons8.com/doodle/48/krusty-the-clown.png,word_count,6.0
Krusty,332,https://img.icons8.com/doodle/48/krusty-the-clown.png,word_count,18.0
Krusty,334,https://img.icons8.com/doodle/48/krusty-the-clown.png,word_count,17.0
Krusty,335,https://img.icons8.com/doodle/48/krusty-the-clown.png,word_count,29.0
Krusty,339,https://img.icons8.com/doodle/48/krusty-the-clown.png,word_count,12.0
Krusty,340,https://img.icons8.com/doodle/48/krusty-the-clown.png,word_count,50.0
Krusty,341,https://img.icons8.com/doodle/48/krusty-the-clown.png,word_count,32.0
Krusty,342,https://img.icons8.com/doodle/48/krusty-the-clown.png,word_count,4.0
Krusty,345,https://img.icons8.com/doodle/48/krusty-the-clown.png,word_count,56.0
Krusty,348,https://img.icons8.com/doodle/48/krusty-the-clown.png,word_count,23.0
Krusty,350,https://img.icons8.com/doodle/48/krusty-the-clown.png,word_count,15.0
Krusty,351,https://img.icons8.com/doodle/48/krusty-the-clown.png,word_count,21.0
Krusty,352,https://img.icons8.com/doodle/48/krusty-the-clown.png,word_count,75.0
Krusty,353,https://img.icons8.com/doodle/48/krusty-the-clown.png,word_count,333.0
Krusty,354,https://img.icons8.com/doodle/48/krusty-the-clown.png,word_count,56.0
Krusty,359,https://img.icons8.com/doodle/48/krusty-the-clown.png,word_count,38.0
Krusty,360,https://img.icons8.com/doodle/48/krusty-the-clown.png,word_count,8.0
Krusty,361,https://img.icons8.com/doodle/48/krusty-the-clown.png,word_count,37.0
Krusty,363,https://img.icons8.com/doodle/48/krusty-the-clown.png,word_count,7.0
Krusty,364,https://img.icons8.com/doodle/48/krusty-the-clown.png,word_count,175.0
Krusty,365,https://img.icons8.com/doodle/48/krusty-the-clown.png,word_count,46.0
Krusty,368,https://img.icons8.com/doodle/48/krusty-the-clown.png,word_count,91.0
Krusty,370,https://img.icons8.com/doodle/48/krusty-the-clown.png,word_count,33.0
Krusty,374,https://img.icons8.com/doodle/48/krusty-the-clown.png,word_count,14.0
Krusty,379,https://img.icons8.com/doodle/48/krusty-the-clown.png,word_count,52.0
Krusty,380,https://img.icons8.com/doodle/48/krusty-the-clown.png,word_count,98.0
Krusty,381,https://img.icons8.com/doodle/48/krusty-the-clown.png,word_count,30.0
Krusty,382,https://img.icons8.com/doodle/48/krusty-the-clown.png,word_count,158.0
Krusty,383,https://img.icons8.com/doodle/48/krusty-the-clown.png,word_count,37.0
Krusty,385,https://img.icons8.com/doodle/48/krusty-the-clown.png,word_count,42.0
Krusty,387,https://img.icons8.com/doodle/48/krusty-the-clown.png,word_count,77.0
Krusty,389,https://img.icons8.com/doodle/48/krusty-the-clown.png,word_count,6.0
Krusty,390,https://img.icons8.com/doodle/48/krusty-the-clown.png,word_count,19.0
Krusty,391,https://img.icons8.com/doodle/48/krusty-the-clown.png,word_count,22.0
Krusty,392,https://img.icons8.com/doodle/48/krusty-the-clown.png,word_count,282.0
Krusty,394,https://img.icons8.com/doodle/48/krusty-the-clown.png,word_count,32.0
Krusty,395,https://img.icons8.com/doodle/48/krusty-the-clown.png,word_count,49.0
Krusty,396,https://img.icons8.com/doodle/48/krusty-the-clown.png,word_count,7.0
Krusty,400,https://img.icons8.com/doodle/48/krusty-the-clown.png,word_count,78.0
Krusty,403,https://img.icons8.com/doodle/48/krusty-the-clown.png,word_count,9.0
Krusty,404,https://img.icons8.com/doodle/48/krusty-the-clown.png,word_count,124.0
Krusty,405,https://img.icons8.com/doodle/48/krusty-the-clown.png,word_count,8.0
Krusty,407,https://img.icons8.com/doodle/48/krusty-the-clown.png,word_count,17.0
Krusty,408,https://img.icons8.com/doodle/48/krusty-the-clown.png,word_count,100.0
Krusty,409,https://img.icons8.com/doodle/48/krusty-the-clown.png,word_count,70.0
Krusty,410,https://img.icons8.com/doodle/48/krusty-the-clown.png,word_count,82.0
Krusty,411,https://img.icons8.com/doodle/48/krusty-the-clown.png,word_count,7.0
Krusty,416,https://img.icons8.com/doodle/48/krusty-the-clown.png,word_count,28.0
Krusty,417,https://img.icons8.com/doodle/48/krusty-the-clown.png,word_count,33.0
Krusty,420,https://img.icons8.com/doodle/48/krusty-the-clown.png,word_count,687.0
Krusty,422,https://img.icons8.com/doodle/48/krusty-the-clown.png,word_count,30.0
Krusty,423,https://img.icons8.com/doodle/48/krusty-the-clown.png,word_count,9.0
Krusty,427,https://img.icons8.com/doodle/48/krusty-the-clown.png,word_count,62.0
Krusty,434,https://img.icons8.com/doodle/48/krusty-the-clown.png,word_count,9.0
Krusty,435,https://img.icons8.com/doodle/48/krusty-the-clown.png,word_count,86.0
Krusty,439,https://img.icons8.com/doodle/48/krusty-the-clown.png,word_count,1.0
Krusty,442,https://img.icons8.com/doodle/48/krusty-the-clown.png,word_count,73.0
Krusty,444,https://img.icons8.com/doodle/48/krusty-the-clown.png,word_count,36.0
Krusty,445,https://img.icons8.com/doodle/48/krusty-the-clown.png,word_count,39.0
Krusty,448,https://img.icons8.com/doodle/48/krusty-the-clown.png,word_count,17.0
Krusty,451,https://img.icons8.com/doodle/48/krusty-the-clown.png,word_count,506.0
Krusty,452,https://img.icons8.com/doodle/48/krusty-the-clown.png,word_count,6.0
Krusty,457,https://img.icons8.com/doodle/48/krusty-the-clown.png,word_count,41.0
Krusty,459,https://img.icons8.com/doodle/48/krusty-the-clown.png,word_count,12.0
Krusty,461,https://img.icons8.com/doodle/48/krusty-the-clown.png,word_count,32.0
Krusty,462,https://img.icons8.com/doodle/48/krusty-the-clown.png,word_count,80.0
Krusty,464,https://img.icons8.com/doodle/48/krusty-the-clown.png,word_count,47.0
Krusty,465,https://img.icons8.com/doodle/48/krusty-the-clown.png,word_count,390.0
Krusty,466,https://img.icons8.com/doodle/48/krusty-the-clown.png,word_count,13.0
Krusty,469,https://img.icons8.com/doodle/48/krusty-the-clown.png,word_count,59.0
Krusty,470,https://img.icons8.com/doodle/48/krusty-the-clown.png,word_count,29.0
Krusty,473,https://img.icons8.com/doodle/48/krusty-the-clown.png,word_count,15.0
Krusty,480,https://img.icons8.com/doodle/48/krusty-the-clown.png,word_count,48.0
Krusty,483,https://img.icons8.com/doodle/48/krusty-the-clown.png,word_count,7.0
Krusty,489,https://img.icons8.com/doodle/48/krusty-the-clown.png,word_count,36.0
Krusty,491,https://img.icons8.com/doodle/48/krusty-the-clown.png,word_count,31.0
Krusty,493,https://img.icons8.com/doodle/48/krusty-the-clown.png,word_count,144.0
Krusty,494,https://img.icons8.com/doodle/48/krusty-the-clown.png,word_count,915.0
Krusty,495,https://img.icons8.com/doodle/48/krusty-the-clown.png,word_count,31.0
Krusty,500,https://img.icons8.com/doodle/48/krusty-the-clown.png,word_count,5.0
Krusty,506,https://img.icons8.com/doodle/48/krusty-the-clown.png,word_count,94.0
Krusty,507,https://img.icons8.com/doodle/48/krusty-the-clown.png,word_count,2.0
Krusty,512,https://img.icons8.com/doodle/48/krusty-the-clown.png,word_count,11.0
Krusty,514,https://img.icons8.com/doodle/48/krusty-the-clown.png,word_count,16.0
Krusty,516,https://img.icons8.com/doodle/48/krusty-the-clown.png,word_count,41.0
Krusty,518,https://img.icons8.com/doodle/48/krusty-the-clown.png,word_count,24.0
Krusty,521,https://img.icons8.com/doodle/48/krusty-the-clown.png,word_count,10.0
Krusty,524,https://img.icons8.com/doodle/48/krusty-the-clown.png,word_count,15.0
Krusty,526,https://img.icons8.com/doodle/48/krusty-the-clown.png,word_count,57.0
Krusty,528,https://img.icons8.com/doodle/48/krusty-the-clown.png,word_count,25.0
Krusty,532,https://img.icons8.com/doodle/48/krusty-the-clown.png,word_count,24.0
Krusty,533,https://img.icons8.com/doodle/48/krusty-the-clown.png,word_count,94.0
Krusty,536,https://img.icons8.com/doodle/48/krusty-the-clown.png,word_count,24.0
Krusty,537,https://img.icons8.com/doodle/48/krusty-the-clown.png,word_count,372.0
Krusty,538,https://img.icons8.com/doodle/48/krusty-the-clown.png,word_count,17.0
Krusty,540,https://img.icons8.com/doodle/48/krusty-the-clown.png,word_count,5.0
Krusty,542,https://img.icons8.com/doodle/48/krusty-the-clown.png,word_count,15.0
Krusty,543,https://img.icons8.com/doodle/48/krusty-the-clown.png,word_count,9.0
Krusty,546,https://img.icons8.com/doodle/48/krusty-the-clown.png,word_count,18.0
Krusty,548,https://img.icons8.com/doodle/48/krusty-the-clown.png,word_count,18.0
Krusty,552,https://img.icons8.com/doodle/48/krusty-the-clown.png,word_count,4.0
Krusty,553,https://img.icons8.com/doodle/48/krusty-the-clown.png,word_count,728.0
Krusty,555,https://img.icons8.com/doodle/48/krusty-the-clown.png,word_count,45.0
Krusty,558,https://img.icons8.com/doodle/48/krusty-the-clown.png,word_count,6.0
Krusty,563,https://img.icons8.com/doodle/48/krusty-the-clown.png,word_count,5.0
Krusty,566,https://img.icons8.com/doodle/48/krusty-the-clown.png,word_count,3.0
Lenny,9,https://static.simpsonswiki.com/images/6/6f/Tapped_Out_Lenny_Icon.png,word_count,19.0
Lenny,10,https://static.simpsonswiki.com/images/6/6f/Tapped_Out_Lenny_Icon.png,word_count,11.0
Lenny,11,https://static.simpsonswiki.com/images/6/6f/Tapped_Out_Lenny_Icon.png,word_count,11.0
Lenny,15,https://static.simpsonswiki.com/images/6/6f/Tapped_Out_Lenny_Icon.png,word_count,72.0
Lenny,23,https://static.simpsonswiki.com/images/6/6f/Tapped_Out_Lenny_Icon.png,word_count,9.0
Lenny,26,https://static.simpsonswiki.com/images/6/6f/Tapped_Out_Lenny_Icon.png,word_count,24.0
Lenny,29,https://static.simpsonswiki.com/images/6/6f/Tapped_Out_Lenny_Icon.png,word_count,5.0
Lenny,35,https://static.simpsonswiki.com/images/6/6f/Tapped_Out_Lenny_Icon.png,word_count,2.0
Lenny,36,https://static.simpsonswiki.com/images/6/6f/Tapped_Out_Lenny_Icon.png,word_count,7.0
Lenny,37,https://static.simpsonswiki.com/images/6/6f/Tapped_Out_Lenny_Icon.png,word_count,22.0
Lenny,40,https://static.simpsonswiki.com/images/6/6f/Tapped_Out_Lenny_Icon.png,word_count,11.0
Lenny,42,https://static.simpsonswiki.com/images/6/6f/Tapped_Out_Lenny_Icon.png,word_count,14.0
Lenny,46,https://static.simpsonswiki.com/images/6/6f/Tapped_Out_Lenny_Icon.png,word_count,61.0
Lenny,52,https://static.simpsonswiki.com/images/6/6f/Tapped_Out_Lenny_Icon.png,word_count,78.0
Lenny,54,https://static.simpsonswiki.com/images/6/6f/Tapped_Out_Lenny_Icon.png,word_count,29.0
Lenny,55,https://static.simpsonswiki.com/images/6/6f/Tapped_Out_Lenny_Icon.png,word_count,19.0
Lenny,59,https://static.simpsonswiki.com/images/6/6f/Tapped_Out_Lenny_Icon.png,word_count,15.0
Lenny,64,https://static.simpsonswiki.com/images/6/6f/Tapped_Out_Lenny_Icon.png,word_count,29.0
Lenny,66,https://static.simpsonswiki.com/images/6/6f/Tapped_Out_Lenny_Icon.png,word_count,10.0
Lenny,70,https://static.simpsonswiki.com/images/6/6f/Tapped_Out_Lenny_Icon.png,word_count,7.0
Lenny,71,https://static.simpsonswiki.com/images/6/6f/Tapped_Out_Lenny_Icon.png,word_count,27.0
Lenny,76,https://static.simpsonswiki.com/images/6/6f/Tapped_Out_Lenny_Icon.png,word_count,31.0
Lenny,77,https://static.simpsonswiki.com/images/6/6f/Tapped_Out_Lenny_Icon.png,word_count,8.0
Lenny,79,https://static.simpsonswiki.com/images/6/6f/Tapped_Out_Lenny_Icon.png,word_count,12.0
Lenny,86,https://static.simpsonswiki.com/images/6/6f/Tapped_Out_Lenny_Icon.png,word_count,11.0
Lenny,87,https://static.simpsonswiki.com/images/6/6f/Tapped_Out_Lenny_Icon.png,word_count,23.0
Lenny,88,https://static.simpsonswiki.com/images/6/6f/Tapped_Out_Lenny_Icon.png,word_count,4.0
Lenny,90,https://static.simpsonswiki.com/images/6/6f/Tapped_Out_Lenny_Icon.png,word_count,59.0
Lenny,92,https://static.simpsonswiki.com/images/6/6f/Tapped_Out_Lenny_Icon.png,word_count,2.0
Lenny,96,https://static.simpsonswiki.com/images/6/6f/Tapped_Out_Lenny_Icon.png,word_count,15.0
Lenny,97,https://static.simpsonswiki.com/images/6/6f/Tapped_Out_Lenny_Icon.png,word_count,16.0
Lenny,99,https://static.simpsonswiki.com/images/6/6f/Tapped_Out_Lenny_Icon.png,word_count,13.0
Lenny,103,https://static.simpsonswiki.com/images/6/6f/Tapped_Out_Lenny_Icon.png,word_count,38.0
Lenny,106,https://static.simpsonswiki.com/images/6/6f/Tapped_Out_Lenny_Icon.png,word_count,8.0
Lenny,108,https://static.simpsonswiki.com/images/6/6f/Tapped_Out_Lenny_Icon.png,word_count,15.0
Lenny,114,https://static.simpsonswiki.com/images/6/6f/Tapped_Out_Lenny_Icon.png,word_count,12.0
Lenny,115,https://static.simpsonswiki.com/images/6/6f/Tapped_Out_Lenny_Icon.png,word_count,176.0
Lenny,116,https://static.simpsonswiki.com/images/6/6f/Tapped_Out_Lenny_Icon.png,word_count,17.0
Lenny,118,https://static.simpsonswiki.com/images/6/6f/Tapped_Out_Lenny_Icon.png,word_count,18.0
Lenny,120,https://static.simpsonswiki.com/images/6/6f/Tapped_Out_Lenny_Icon.png,word_count,14.0
Lenny,126,https://static.simpsonswiki.com/images/6/6f/Tapped_Out_Lenny_Icon.png,word_count,29.0
Lenny,128,https://static.simpsonswiki.com/images/6/6f/Tapped_Out_Lenny_Icon.png,word_count,12.0
Lenny,135,https://static.simpsonswiki.com/images/6/6f/Tapped_Out_Lenny_Icon.png,word_count,59.0
Lenny,136,https://static.simpsonswiki.com/images/6/6f/Tapped_Out_Lenny_Icon.png,word_count,45.0
Lenny,142,https://static.simpsonswiki.com/images/6/6f/Tapped_Out_Lenny_Icon.png,word_count,9.0
Lenny,145,https://static.simpsonswiki.com/images/6/6f/Tapped_Out_Lenny_Icon.png,word_count,29.0
Lenny,147,https://static.simpsonswiki.com/images/6/6f/Tapped_Out_Lenny_Icon.png,word_count,28.0
Lenny,151,https://static.simpsonswiki.com/images/6/6f/Tapped_Out_Lenny_Icon.png,word_count,11.0
Lenny,156,https://static.simpsonswiki.com/images/6/6f/Tapped_Out_Lenny_Icon.png,word_count,9.0
Lenny,158,https://static.simpsonswiki.com/images/6/6f/Tapped_Out_Lenny_Icon.png,word_count,7.0
Lenny,161,https://static.simpsonswiki.com/images/6/6f/Tapped_Out_Lenny_Icon.png,word_count,11.0
Lenny,162,https://static.simpsonswiki.com/images/6/6f/Tapped_Out_Lenny_Icon.png,word_count,18.0
Lenny,163,https://static.simpsonswiki.com/images/6/6f/Tapped_Out_Lenny_Icon.png,word_count,15.0
Lenny,164,https://static.simpsonswiki.com/images/6/6f/Tapped_Out_Lenny_Icon.png,word_count,26.0
Lenny,165,https://static.simpsonswiki.com/images/6/6f/Tapped_Out_Lenny_Icon.png,word_count,81.0
Lenny,170,https://static.simpsonswiki.com/images/6/6f/Tapped_Out_Lenny_Icon.png,word_count,10.0
Lenny,171,https://static.simpsonswiki.com/images/6/6f/Tapped_Out_Lenny_Icon.png,word_count,18.0
Lenny,172,https://static.simpsonswiki.com/images/6/6f/Tapped_Out_Lenny_Icon.png,word_count,8.0
Lenny,174,https://static.simpsonswiki.com/images/6/6f/Tapped_Out_Lenny_Icon.png,word_count,6.0
Lenny,175,https://static.simpsonswiki.com/images/6/6f/Tapped_Out_Lenny_Icon.png,word_count,66.0
Lenny,176,https://static.simpsonswiki.com/images/6/6f/Tapped_Out_Lenny_Icon.png,word_count,108.0
Lenny,179,https://static.simpsonswiki.com/images/6/6f/Tapped_Out_Lenny_Icon.png,word_count,20.0
Lenny,182,https://static.simpsonswiki.com/images/6/6f/Tapped_Out_Lenny_Icon.png,word_count,14.0
Lenny,183,https://static.simpsonswiki.com/images/6/6f/Tapped_Out_Lenny_Icon.png,word_count,51.0
Lenny,184,https://static.simpsonswiki.com/images/6/6f/Tapped_Out_Lenny_Icon.png,word_count,5.0
Lenny,185,https://static.simpsonswiki.com/images/6/6f/Tapped_Out_Lenny_Icon.png,word_count,26.0
Lenny,186,https://static.simpsonswiki.com/images/6/6f/Tapped_Out_Lenny_Icon.png,word_count,34.0
Lenny,187,https://static.simpsonswiki.com/images/6/6f/Tapped_Out_Lenny_Icon.png,word_count,7.0
Lenny,188,https://static.simpsonswiki.com/images/6/6f/Tapped_Out_Lenny_Icon.png,word_count,22.0
Lenny,191,https://static.simpsonswiki.com/images/6/6f/Tapped_Out_Lenny_Icon.png,word_count,11.0
Lenny,193,https://static.simpsonswiki.com/images/6/6f/Tapped_Out_Lenny_Icon.png,word_count,24.0
Lenny,194,https://static.simpsonswiki.com/images/6/6f/Tapped_Out_Lenny_Icon.png,word_count,5.0
Lenny,197,https://static.simpsonswiki.com/images/6/6f/Tapped_Out_Lenny_Icon.png,word_count,14.0
Lenny,198,https://static.simpsonswiki.com/images/6/6f/Tapped_Out_Lenny_Icon.png,word_count,32.0
Lenny,200,https://static.simpsonswiki.com/images/6/6f/Tapped_Out_Lenny_Icon.png,word_count,35.0
Lenny,202,https://static.simpsonswiki.com/images/6/6f/Tapped_Out_Lenny_Icon.png,word_count,15.0
Lenny,203,https://static.simpsonswiki.com/images/6/6f/Tapped_Out_Lenny_Icon.png,word_count,27.0
Lenny,205,https://static.simpsonswiki.com/images/6/6f/Tapped_Out_Lenny_Icon.png,word_count,55.0
Lenny,208,https://static.simpsonswiki.com/images/6/6f/Tapped_Out_Lenny_Icon.png,word_count,19.0
Lenny,209,https://static.simpsonswiki.com/images/6/6f/Tapped_Out_Lenny_Icon.png,word_count,19.0
Lenny,211,https://static.simpsonswiki.com/images/6/6f/Tapped_Out_Lenny_Icon.png,word_count,28.0
Lenny,212,https://static.simpsonswiki.com/images/6/6f/Tapped_Out_Lenny_Icon.png,word_count,15.0
Lenny,213,https://static.simpsonswiki.com/images/6/6f/Tapped_Out_Lenny_Icon.png,word_count,15.0
Lenny,214,https://static.simpsonswiki.com/images/6/6f/Tapped_Out_Lenny_Icon.png,word_count,19.0
Lenny,215,https://static.simpsonswiki.com/images/6/6f/Tapped_Out_Lenny_Icon.png,word_count,36.0
Lenny,216,https://static.simpsonswiki.com/images/6/6f/Tapped_Out_Lenny_Icon.png,word_count,41.0
Lenny,217,https://static.simpsonswiki.com/images/6/6f/Tapped_Out_Lenny_Icon.png,word_count,5.0
Lenny,218,https://static.simpsonswiki.com/images/6/6f/Tapped_Out_Lenny_Icon.png,word_count,39.0
Lenny,219,https://static.simpsonswiki.com/images/6/6f/Tapped_Out_Lenny_Icon.png,word_count,21.0
Lenny,222,https://static.simpsonswiki.com/images/6/6f/Tapped_Out_Lenny_Icon.png,word_count,12.0
Lenny,223,https://static.simpsonswiki.com/images/6/6f/Tapped_Out_Lenny_Icon.png,word_count,15.0
Lenny,224,https://static.simpsonswiki.com/images/6/6f/Tapped_Out_Lenny_Icon.png,word_count,33.0
Lenny,225,https://static.simpsonswiki.com/images/6/6f/Tapped_Out_Lenny_Icon.png,word_count,34.0
Lenny,226,https://static.simpsonswiki.com/images/6/6f/Tapped_Out_Lenny_Icon.png,word_count,15.0
Lenny,228,https://static.simpsonswiki.com/images/6/6f/Tapped_Out_Lenny_Icon.png,word_count,27.0
Lenny,229,https://static.simpsonswiki.com/images/6/6f/Tapped_Out_Lenny_Icon.png,word_count,20.0
Lenny,230,https://static.simpsonswiki.com/images/6/6f/Tapped_Out_Lenny_Icon.png,word_count,9.0
Lenny,231,https://static.simpsonswiki.com/images/6/6f/Tapped_Out_Lenny_Icon.png,word_count,20.0
Lenny,232,https://static.simpsonswiki.com/images/6/6f/Tapped_Out_Lenny_Icon.png,word_count,94.0
Lenny,233,https://static.simpsonswiki.com/images/6/6f/Tapped_Out_Lenny_Icon.png,word_count,6.0
Lenny,234,https://static.simpsonswiki.com/images/6/6f/Tapped_Out_Lenny_Icon.png,word_count,27.0
Lenny,235,https://static.simpsonswiki.com/images/6/6f/Tapped_Out_Lenny_Icon.png,word_count,8.0
Lenny,237,https://static.simpsonswiki.com/images/6/6f/Tapped_Out_Lenny_Icon.png,word_count,15.0
Lenny,238,https://static.simpsonswiki.com/images/6/6f/Tapped_Out_Lenny_Icon.png,word_count,49.0
Lenny,239,https://static.simpsonswiki.com/images/6/6f/Tapped_Out_Lenny_Icon.png,word_count,32.0
Lenny,240,https://static.simpsonswiki.com/images/6/6f/Tapped_Out_Lenny_Icon.png,word_count,14.0
Lenny,241,https://static.simpsonswiki.com/images/6/6f/Tapped_Out_Lenny_Icon.png,word_count,10.0
Lenny,242,https://static.simpsonswiki.com/images/6/6f/Tapped_Out_Lenny_Icon.png,word_count,54.0
Lenny,243,https://static.simpsonswiki.com/images/6/6f/Tapped_Out_Lenny_Icon.png,word_count,12.0
Lenny,244,https://static.simpsonswiki.com/images/6/6f/Tapped_Out_Lenny_Icon.png,word_count,36.0
Lenny,245,https://static.simpsonswiki.com/images/6/6f/Tapped_Out_Lenny_Icon.png,word_count,13.0
Lenny,248,https://static.simpsonswiki.com/images/6/6f/Tapped_Out_Lenny_Icon.png,word_count,18.0
Lenny,249,https://static.simpsonswiki.com/images/6/6f/Tapped_Out_Lenny_Icon.png,word_count,50.0
Lenny,250,https://static.simpsonswiki.com/images/6/6f/Tapped_Out_Lenny_Icon.png,word_count,44.0
Lenny,251,https://static.simpsonswiki.com/images/6/6f/Tapped_Out_Lenny_Icon.png,word_count,36.0
Lenny,253,https://static.simpsonswiki.com/images/6/6f/Tapped_Out_Lenny_Icon.png,word_count,41.0
Lenny,254,https://static.simpsonswiki.com/images/6/6f/Tapped_Out_Lenny_Icon.png,word_count,65.0
Lenny,256,https://static.simpsonswiki.com/images/6/6f/Tapped_Out_Lenny_Icon.png,word_count,7.0
Lenny,257,https://static.simpsonswiki.com/images/6/6f/Tapped_Out_Lenny_Icon.png,word_count,65.0
Lenny,258,https://static.simpsonswiki.com/images/6/6f/Tapped_Out_Lenny_Icon.png,word_count,23.0
Lenny,259,https://static.simpsonswiki.com/images/6/6f/Tapped_Out_Lenny_Icon.png,word_count,9.0
Lenny,260,https://static.simpsonswiki.com/images/6/6f/Tapped_Out_Lenny_Icon.png,word_count,21.0
Lenny,262,https://static.simpsonswiki.com/images/6/6f/Tapped_Out_Lenny_Icon.png,word_count,2.0
Lenny,263,https://static.simpsonswiki.com/images/6/6f/Tapped_Out_Lenny_Icon.png,word_count,58.0
Lenny,265,https://static.simpsonswiki.com/images/6/6f/Tapped_Out_Lenny_Icon.png,word_count,26.0
Lenny,267,https://static.simpsonswiki.com/images/6/6f/Tapped_Out_Lenny_Icon.png,word_count,20.0
Lenny,268,https://static.simpsonswiki.com/images/6/6f/Tapped_Out_Lenny_Icon.png,word_count,25.0
Lenny,269,https://static.simpsonswiki.com/images/6/6f/Tapped_Out_Lenny_Icon.png,word_count,10.0
Lenny,270,https://static.simpsonswiki.com/images/6/6f/Tapped_Out_Lenny_Icon.png,word_count,12.0
Lenny,272,https://static.simpsonswiki.com/images/6/6f/Tapped_Out_Lenny_Icon.png,word_count,94.0
Lenny,273,https://static.simpsonswiki.com/images/6/6f/Tapped_Out_Lenny_Icon.png,word_count,15.0
Lenny,274,https://static.simpsonswiki.com/images/6/6f/Tapped_Out_Lenny_Icon.png,word_count,85.0
Lenny,275,https://static.simpsonswiki.com/images/6/6f/Tapped_Out_Lenny_Icon.png,word_count,43.0
Lenny,276,https://static.simpsonswiki.com/images/6/6f/Tapped_Out_Lenny_Icon.png,word_count,14.0
Lenny,277,https://static.simpsonswiki.com/images/6/6f/Tapped_Out_Lenny_Icon.png,word_count,49.0
Lenny,278,https://static.simpsonswiki.com/images/6/6f/Tapped_Out_Lenny_Icon.png,word_count,30.0
Lenny,279,https://static.simpsonswiki.com/images/6/6f/Tapped_Out_Lenny_Icon.png,word_count,83.0
Lenny,280,https://static.simpsonswiki.com/images/6/6f/Tapped_Out_Lenny_Icon.png,word_count,33.0
Lenny,283,https://static.simpsonswiki.com/images/6/6f/Tapped_Out_Lenny_Icon.png,word_count,40.0
Lenny,284,https://static.simpsonswiki.com/images/6/6f/Tapped_Out_Lenny_Icon.png,word_count,32.0
Lenny,285,https://static.simpsonswiki.com/images/6/6f/Tapped_Out_Lenny_Icon.png,word_count,26.0
Lenny,287,https://static.simpsonswiki.com/images/6/6f/Tapped_Out_Lenny_Icon.png,word_count,24.0
Lenny,288,https://static.simpsonswiki.com/images/6/6f/Tapped_Out_Lenny_Icon.png,word_count,15.0
Lenny,289,https://static.simpsonswiki.com/images/6/6f/Tapped_Out_Lenny_Icon.png,word_count,5.0
Lenny,290,https://static.simpsonswiki.com/images/6/6f/Tapped_Out_Lenny_Icon.png,word_count,70.0
Lenny,291,https://static.simpsonswiki.com/images/6/6f/Tapped_Out_Lenny_Icon.png,word_count,60.0
Lenny,292,https://static.simpsonswiki.com/images/6/6f/Tapped_Out_Lenny_Icon.png,word_count,7.0
Lenny,293,https://static.simpsonswiki.com/images/6/6f/Tapped_Out_Lenny_Icon.png,word_count,81.0
Lenny,295,https://static.simpsonswiki.com/images/6/6f/Tapped_Out_Lenny_Icon.png,word_count,7.0
Lenny,296,https://static.simpsonswiki.com/images/6/6f/Tapped_Out_Lenny_Icon.png,word_count,35.0
Lenny,297,https://static.simpsonswiki.com/images/6/6f/Tapped_Out_Lenny_Icon.png,word_count,24.0
Lenny,299,https://static.simpsonswiki.com/images/6/6f/Tapped_Out_Lenny_Icon.png,word_count,6.0
Lenny,300,https://static.simpsonswiki.com/images/6/6f/Tapped_Out_Lenny_Icon.png,word_count,19.0
Lenny,301,https://static.simpsonswiki.com/images/6/6f/Tapped_Out_Lenny_Icon.png,word_count,62.0
Lenny,304,https://static.simpsonswiki.com/images/6/6f/Tapped_Out_Lenny_Icon.png,word_count,42.0
Lenny,306,https://static.simpsonswiki.com/images/6/6f/Tapped_Out_Lenny_Icon.png,word_count,24.0
Lenny,307,https://static.simpsonswiki.com/images/6/6f/Tapped_Out_Lenny_Icon.png,word_count,26.0
Lenny,308,https://static.simpsonswiki.com/images/6/6f/Tapped_Out_Lenny_Icon.png,word_count,52.0
Lenny,309,https://static.simpsonswiki.com/images/6/6f/Tapped_Out_Lenny_Icon.png,word_count,6.0
Lenny,311,https://static.simpsonswiki.com/images/6/6f/Tapped_Out_Lenny_Icon.png,word_count,27.0
Lenny,312,https://static.simpsonswiki.com/images/6/6f/Tapped_Out_Lenny_Icon.png,word_count,36.0
Lenny,313,https://static.simpsonswiki.com/images/6/6f/Tapped_Out_Lenny_Icon.png,word_count,16.0
Lenny,316,https://static.simpsonswiki.com/images/6/6f/Tapped_Out_Lenny_Icon.png,word_count,15.0
Lenny,318,https://static.simpsonswiki.com/images/6/6f/Tapped_Out_Lenny_Icon.png,word_count,18.0
Lenny,319,https://static.simpsonswiki.com/images/6/6f/Tapped_Out_Lenny_Icon.png,word_count,38.0
Lenny,320,https://static.simpsonswiki.com/images/6/6f/Tapped_Out_Lenny_Icon.png,word_count,26.0
Lenny,321,https://static.simpsonswiki.com/images/6/6f/Tapped_Out_Lenny_Icon.png,word_count,11.0
Lenny,324,https://static.simpsonswiki.com/images/6/6f/Tapped_Out_Lenny_Icon.png,word_count,106.0
Lenny,325,https://static.simpsonswiki.com/images/6/6f/Tapped_Out_Lenny_Icon.png,word_count,5.0
Lenny,327,https://static.simpsonswiki.com/images/6/6f/Tapped_Out_Lenny_Icon.png,word_count,88.0
Lenny,330,https://static.simpsonswiki.com/images/6/6f/Tapped_Out_Lenny_Icon.png,word_count,9.0
Lenny,331,https://static.simpsonswiki.com/images/6/6f/Tapped_Out_Lenny_Icon.png,word_count,8.0
Lenny,332,https://static.simpsonswiki.com/images/6/6f/Tapped_Out_Lenny_Icon.png,word_count,14.0
Lenny,333,https://static.simpsonswiki.com/images/6/6f/Tapped_Out_Lenny_Icon.png,word_count,31.0
Lenny,334,https://static.simpsonswiki.com/images/6/6f/Tapped_Out_Lenny_Icon.png,word_count,27.0
Lenny,335,https://static.simpsonswiki.com/images/6/6f/Tapped_Out_Lenny_Icon.png,word_count,59.0
Lenny,337,https://static.simpsonswiki.com/images/6/6f/Tapped_Out_Lenny_Icon.png,word_count,10.0
Lenny,340,https://static.simpsonswiki.com/images/6/6f/Tapped_Out_Lenny_Icon.png,word_count,23.0
Lenny,341,https://static.simpsonswiki.com/images/6/6f/Tapped_Out_Lenny_Icon.png,word_count,7.0
Lenny,342,https://static.simpsonswiki.com/images/6/6f/Tapped_Out_Lenny_Icon.png,word_count,54.0
Lenny,343,https://static.simpsonswiki.com/images/6/6f/Tapped_Out_Lenny_Icon.png,word_count,20.0
Lenny,347,https://static.simpsonswiki.com/images/6/6f/Tapped_Out_Lenny_Icon.png,word_count,7.0
Lenny,349,https://static.simpsonswiki.com/images/6/6f/Tapped_Out_Lenny_Icon.png,word_count,38.0
Lenny,350,https://static.simpsonswiki.com/images/6/6f/Tapped_Out_Lenny_Icon.png,word_count,16.0
Lenny,351,https://static.simpsonswiki.com/images/6/6f/Tapped_Out_Lenny_Icon.png,word_count,3.0
Lenny,353,https://static.simpsonswiki.com/images/6/6f/Tapped_Out_Lenny_Icon.png,word_count,24.0
Lenny,354,https://static.simpsonswiki.com/images/6/6f/Tapped_Out_Lenny_Icon.png,word_count,21.0
Lenny,357,https://static.simpsonswiki.com/images/6/6f/Tapped_Out_Lenny_Icon.png,word_count,33.0
Lenny,358,https://static.simpsonswiki.com/images/6/6f/Tapped_Out_Lenny_Icon.png,word_count,64.0
Lenny,360,https://static.simpsonswiki.com/images/6/6f/Tapped_Out_Lenny_Icon.png,word_count,24.0
Lenny,361,https://static.simpsonswiki.com/images/6/6f/Tapped_Out_Lenny_Icon.png,word_count,17.0
Lenny,362,https://static.simpsonswiki.com/images/6/6f/Tapped_Out_Lenny_Icon.png,word_count,45.0
Lenny,365,https://static.simpsonswiki.com/images/6/6f/Tapped_Out_Lenny_Icon.png,word_count,14.0
Lenny,366,https://static.simpsonswiki.com/images/6/6f/Tapped_Out_Lenny_Icon.png,word_count,16.0
Lenny,367,https://static.simpsonswiki.com/images/6/6f/Tapped_Out_Lenny_Icon.png,word_count,30.0
Lenny,368,https://static.simpsonswiki.com/images/6/6f/Tapped_Out_Lenny_Icon.png,word_count,16.0
Lenny,369,https://static.simpsonswiki.com/images/6/6f/Tapped_Out_Lenny_Icon.png,word_count,29.0
Lenny,370,https://static.simpsonswiki.com/images/6/6f/Tapped_Out_Lenny_Icon.png,word_count,9.0
Lenny,371,https://static.simpsonswiki.com/images/6/6f/Tapped_Out_Lenny_Icon.png,word_count,92.0
Lenny,372,https://static.simpsonswiki.com/images/6/6f/Tapped_Out_Lenny_Icon.png,word_count,52.0
Lenny,373,https://static.simpsonswiki.com/images/6/6f/Tapped_Out_Lenny_Icon.png,word_count,63.0
Lenny,374,https://static.simpsonswiki.com/images/6/6f/Tapped_Out_Lenny_Icon.png,word_count,37.0
Lenny,375,https://static.simpsonswiki.com/images/6/6f/Tapped_Out_Lenny_Icon.png,word_count,1.0
Lenny,376,https://static.simpsonswiki.com/images/6/6f/Tapped_Out_Lenny_Icon.png,word_count,30.0
Lenny,377,https://static.simpsonswiki.com/images/6/6f/Tapped_Out_Lenny_Icon.png,word_count,11.0
Lenny,378,https://static.simpsonswiki.com/images/6/6f/Tapped_Out_Lenny_Icon.png,word_count,38.0
Lenny,380,https://static.simpsonswiki.com/images/6/6f/Tapped_Out_Lenny_Icon.png,word_count,26.0
Lenny,381,https://static.simpsonswiki.com/images/6/6f/Tapped_Out_Lenny_Icon.png,word_count,19.0
Lenny,382,https://static.simpsonswiki.com/images/6/6f/Tapped_Out_Lenny_Icon.png,word_count,39.0
Lenny,383,https://static.simpsonswiki.com/images/6/6f/Tapped_Out_Lenny_Icon.png,word_count,33.0
Lenny,384,https://static.simpsonswiki.com/images/6/6f/Tapped_Out_Lenny_Icon.png,word_count,11.0
Lenny,385,https://static.simpsonswiki.com/images/6/6f/Tapped_Out_Lenny_Icon.png,word_count,33.0
Lenny,386,https://static.simpsonswiki.com/images/6/6f/Tapped_Out_Lenny_Icon.png,word_count,5.0
Lenny,387,https://static.simpsonswiki.com/images/6/6f/Tapped_Out_Lenny_Icon.png,word_count,7.0
Lenny,388,https://static.simpsonswiki.com/images/6/6f/Tapped_Out_Lenny_Icon.png,word_count,42.0
Lenny,389,https://static.simpsonswiki.com/images/6/6f/Tapped_Out_Lenny_Icon.png,word_count,36.0
Lenny,390,https://static.simpsonswiki.com/images/6/6f/Tapped_Out_Lenny_Icon.png,word_count,9.0
Lenny,391,https://static.simpsonswiki.com/images/6/6f/Tapped_Out_Lenny_Icon.png,word_count,74.0
Lenny,394,https://static.simpsonswiki.com/images/6/6f/Tapped_Out_Lenny_Icon.png,word_count,45.0
Lenny,396,https://static.simpsonswiki.com/images/6/6f/Tapped_Out_Lenny_Icon.png,word_count,17.0
Lenny,401,https://static.simpsonswiki.com/images/6/6f/Tapped_Out_Lenny_Icon.png,word_count,12.0
Lenny,402,https://static.simpsonswiki.com/images/6/6f/Tapped_Out_Lenny_Icon.png,word_count,8.0
Lenny,403,https://static.simpsonswiki.com/images/6/6f/Tapped_Out_Lenny_Icon.png,word_count,82.0
Lenny,405,https://static.simpsonswiki.com/images/6/6f/Tapped_Out_Lenny_Icon.png,word_count,20.0
Lenny,408,https://static.simpsonswiki.com/images/6/6f/Tapped_Out_Lenny_Icon.png,word_count,43.0
Lenny,409,https://static.simpsonswiki.com/images/6/6f/Tapped_Out_Lenny_Icon.png,word_count,53.0
Lenny,410,https://static.simpsonswiki.com/images/6/6f/Tapped_Out_Lenny_Icon.png,word_count,58.0
Lenny,411,https://static.simpsonswiki.com/images/6/6f/Tapped_Out_Lenny_Icon.png,word_count,1.0
Lenny,415,https://static.simpsonswiki.com/images/6/6f/Tapped_Out_Lenny_Icon.png,word_count,7.0
Lenny,416,https://static.simpsonswiki.com/images/6/6f/Tapped_Out_Lenny_Icon.png,word_count,30.0
Lenny,419,https://static.simpsonswiki.com/images/6/6f/Tapped_Out_Lenny_Icon.png,word_count,24.0
Lenny,420,https://static.simpsonswiki.com/images/6/6f/Tapped_Out_Lenny_Icon.png,word_count,1.0
Lenny,423,https://static.simpsonswiki.com/images/6/6f/Tapped_Out_Lenny_Icon.png,word_count,159.0
Lenny,426,https://static.simpsonswiki.com/images/6/6f/Tapped_Out_Lenny_Icon.png,word_count,24.0
Lenny,427,https://static.simpsonswiki.com/images/6/6f/Tapped_Out_Lenny_Icon.png,word_count,41.0
Lenny,428,https://static.simpsonswiki.com/images/6/6f/Tapped_Out_Lenny_Icon.png,word_count,6.0
Lenny,429,https://static.simpsonswiki.com/images/6/6f/Tapped_Out_Lenny_Icon.png,word_count,9.0
Lenny,430,https://static.simpsonswiki.com/images/6/6f/Tapped_Out_Lenny_Icon.png,word_count,78.0
Lenny,432,https://static.simpsonswiki.com/images/6/6f/Tapped_Out_Lenny_Icon.png,word_count,24.0
Lenny,435,https://static.simpsonswiki.com/images/6/6f/Tapped_Out_Lenny_Icon.png,word_count,18.0
Lenny,436,https://static.simpsonswiki.com/images/6/6f/Tapped_Out_Lenny_Icon.png,word_count,94.0
Lenny,437,https://static.simpsonswiki.com/images/6/6f/Tapped_Out_Lenny_Icon.png,word_count,56.0
Lenny,438,https://static.simpsonswiki.com/images/6/6f/Tapped_Out_Lenny_Icon.png,word_count,35.0
Lenny,440,https://static.simpsonswiki.com/images/6/6f/Tapped_Out_Lenny_Icon.png,word_count,20.0
Lenny,442,https://static.simpsonswiki.com/images/6/6f/Tapped_Out_Lenny_Icon.png,word_count,36.0
Lenny,444,https://static.simpsonswiki.com/images/6/6f/Tapped_Out_Lenny_Icon.png,word_count,54.0
Lenny,445,https://static.simpsonswiki.com/images/6/6f/Tapped_Out_Lenny_Icon.png,word_count,2.0
Lenny,446,https://static.simpsonswiki.com/images/6/6f/Tapped_Out_Lenny_Icon.png,word_count,34.0
Lenny,448,https://static.simpsonswiki.com/images/6/6f/Tapped_Out_Lenny_Icon.png,word_count,8.0
Lenny,450,https://static.simpsonswiki.com/images/6/6f/Tapped_Out_Lenny_Icon.png,word_count,14.0
Lenny,451,https://static.simpsonswiki.com/images/6/6f/Tapped_Out_Lenny_Icon.png,word_count,81.0
Lenny,452,https://static.simpsonswiki.com/images/6/6f/Tapped_Out_Lenny_Icon.png,word_count,74.0
Lenny,453,https://static.simpsonswiki.com/images/6/6f/Tapped_Out_Lenny_Icon.png,word_count,31.0
Lenny,458,https://static.simpsonswiki.com/images/6/6f/Tapped_Out_Lenny_Icon.png,word_count,177.0
Lenny,459,https://static.simpsonswiki.com/images/6/6f/Tapped_Out_Lenny_Icon.png,word_count,8.0
Lenny,460,https://static.simpsonswiki.com/images/6/6f/Tapped_Out_Lenny_Icon.png,word_count,11.0
Lenny,461,https://static.simpsonswiki.com/images/6/6f/Tapped_Out_Lenny_Icon.png,word_count,10.0
Lenny,463,https://static.simpsonswiki.com/images/6/6f/Tapped_Out_Lenny_Icon.png,word_count,9.0
Lenny,464,https://static.simpsonswiki.com/images/6/6f/Tapped_Out_Lenny_Icon.png,word_count,4.0
Lenny,466,https://static.simpsonswiki.com/images/6/6f/Tapped_Out_Lenny_Icon.png,word_count,29.0
Lenny,467,https://static.simpsonswiki.com/images/6/6f/Tapped_Out_Lenny_Icon.png,word_count,23.0
Lenny,470,https://static.simpsonswiki.com/images/6/6f/Tapped_Out_Lenny_Icon.png,word_count,25.0
Lenny,471,https://static.simpsonswiki.com/images/6/6f/Tapped_Out_Lenny_Icon.png,word_count,7.0
Lenny,473,https://static.simpsonswiki.com/images/6/6f/Tapped_Out_Lenny_Icon.png,word_count,22.0
Lenny,475,https://static.simpsonswiki.com/images/6/6f/Tapped_Out_Lenny_Icon.png,word_count,59.0
Lenny,477,https://static.simpsonswiki.com/images/6/6f/Tapped_Out_Lenny_Icon.png,word_count,61.0
Lenny,478,https://static.simpsonswiki.com/images/6/6f/Tapped_Out_Lenny_Icon.png,word_count,1.0
Lenny,479,https://static.simpsonswiki.com/images/6/6f/Tapped_Out_Lenny_Icon.png,word_count,27.0
Lenny,480,https://static.simpsonswiki.com/images/6/6f/Tapped_Out_Lenny_Icon.png,word_count,20.0
Lenny,481,https://static.simpsonswiki.com/images/6/6f/Tapped_Out_Lenny_Icon.png,word_count,26.0
Lenny,484,https://static.simpsonswiki.com/images/6/6f/Tapped_Out_Lenny_Icon.png,word_count,21.0
Lenny,486,https://static.simpsonswiki.com/images/6/6f/Tapped_Out_Lenny_Icon.png,word_count,7.0
Lenny,487,https://static.simpsonswiki.com/images/6/6f/Tapped_Out_Lenny_Icon.png,word_count,28.0
Lenny,490,https://static.simpsonswiki.com/images/6/6f/Tapped_Out_Lenny_Icon.png,word_count,31.0
Lenny,492,https://static.simpsonswiki.com/images/6/6f/Tapped_Out_Lenny_Icon.png,word_count,18.0
Lenny,493,https://static.simpsonswiki.com/images/6/6f/Tapped_Out_Lenny_Icon.png,word_count,13.0
Lenny,495,https://static.simpsonswiki.com/images/6/6f/Tapped_Out_Lenny_Icon.png,word_count,29.0
Lenny,496,https://static.simpsonswiki.com/images/6/6f/Tapped_Out_Lenny_Icon.png,word_count,14.0
Lenny,497,https://static.simpsonswiki.com/images/6/6f/Tapped_Out_Lenny_Icon.png,word_count,148.0
Lenny,498,https://static.simpsonswiki.com/images/6/6f/Tapped_Out_Lenny_Icon.png,word_count,58.0
Lenny,500,https://static.simpsonswiki.com/images/6/6f/Tapped_Out_Lenny_Icon.png,word_count,53.0
Lenny,501,https://static.simpsonswiki.com/images/6/6f/Tapped_Out_Lenny_Icon.png,word_count,10.0
Lenny,502,https://static.simpsonswiki.com/images/6/6f/Tapped_Out_Lenny_Icon.png,word_count,49.0
Lenny,503,https://static.simpsonswiki.com/images/6/6f/Tapped_Out_Lenny_Icon.png,word_count,106.0
Lenny,504,https://static.simpsonswiki.com/images/6/6f/Tapped_Out_Lenny_Icon.png,word_count,31.0
Lenny,506,https://static.simpsonswiki.com/images/6/6f/Tapped_Out_Lenny_Icon.png,word_count,113.0
Lenny,507,https://static.simpsonswiki.com/images/6/6f/Tapped_Out_Lenny_Icon.png,word_count,36.0
Lenny,508,https://static.simpsonswiki.com/images/6/6f/Tapped_Out_Lenny_Icon.png,word_count,10.0
Lenny,510,https://static.simpsonswiki.com/images/6/6f/Tapped_Out_Lenny_Icon.png,word_count,8.0
Lenny,511,https://static.simpsonswiki.com/images/6/6f/Tapped_Out_Lenny_Icon.png,word_count,9.0
Lenny,512,https://static.simpsonswiki.com/images/6/6f/Tapped_Out_Lenny_Icon.png,word_count,51.0
Lenny,513,https://static.simpsonswiki.com/images/6/6f/Tapped_Out_Lenny_Icon.png,word_count,17.0
Lenny,514,https://static.simpsonswiki.com/images/6/6f/Tapped_Out_Lenny_Icon.png,word_count,21.0
Lenny,515,https://static.simpsonswiki.com/images/6/6f/Tapped_Out_Lenny_Icon.png,word_count,27.0
Lenny,517,https://static.simpsonswiki.com/images/6/6f/Tapped_Out_Lenny_Icon.png,word_count,6.0
Lenny,519,https://static.simpsonswiki.com/images/6/6f/Tapped_Out_Lenny_Icon.png,word_count,145.0
Lenny,523,https://static.simpsonswiki.com/images/6/6f/Tapped_Out_Lenny_Icon.png,word_count,6.0
Lenny,524,https://static.simpsonswiki.com/images/6/6f/Tapped_Out_Lenny_Icon.png,word_count,3.0
Lenny,525,https://static.simpsonswiki.com/images/6/6f/Tapped_Out_Lenny_Icon.png,word_count,8.0
Lenny,526,https://static.simpsonswiki.com/images/6/6f/Tapped_Out_Lenny_Icon.png,word_count,33.0
Lenny,527,https://static.simpsonswiki.com/images/6/6f/Tapped_Out_Lenny_Icon.png,word_count,122.0
Lenny,528,https://static.simpsonswiki.com/images/6/6f/Tapped_Out_Lenny_Icon.png,word_count,41.0
Lenny,529,https://static.simpsonswiki.com/images/6/6f/Tapped_Out_Lenny_Icon.png,word_count,327.0
Lenny,530,https://static.simpsonswiki.com/images/6/6f/Tapped_Out_Lenny_Icon.png,word_count,6.0
Lenny,531,https://static.simpsonswiki.com/images/6/6f/Tapped_Out_Lenny_Icon.png,word_count,68.0
Lenny,532,https://static.simpsonswiki.com/images/6/6f/Tapped_Out_Lenny_Icon.png,word_count,13.0
Lenny,533,https://static.simpsonswiki.com/images/6/6f/Tapped_Out_Lenny_Icon.png,word_count,6.0
Lenny,535,https://static.simpsonswiki.com/images/6/6f/Tapped_Out_Lenny_Icon.png,word_count,16.0
Lenny,538,https://static.simpsonswiki.com/images/6/6f/Tapped_Out_Lenny_Icon.png,word_count,14.0
Lenny,539,https://static.simpsonswiki.com/images/6/6f/Tapped_Out_Lenny_Icon.png,word_count,131.0
Lenny,541,https://static.simpsonswiki.com/images/6/6f/Tapped_Out_Lenny_Icon.png,word_count,56.0
Lenny,542,https://static.simpsonswiki.com/images/6/6f/Tapped_Out_Lenny_Icon.png,word_count,5.0
Lenny,543,https://static.simpsonswiki.com/images/6/6f/Tapped_Out_Lenny_Icon.png,word_count,23.0
Lenny,545,https://static.simpsonswiki.com/images/6/6f/Tapped_Out_Lenny_Icon.png,word_count,12.0
Lenny,547,https://static.simpsonswiki.com/images/6/6f/Tapped_Out_Lenny_Icon.png,word_count,40.0
Lenny,548,https://static.simpsonswiki.com/images/6/6f/Tapped_Out_Lenny_Icon.png,word_count,13.0
Lenny,549,https://static.simpsonswiki.com/images/6/6f/Tapped_Out_Lenny_Icon.png,word_count,34.0
Lenny,552,https://static.simpsonswiki.com/images/6/6f/Tapped_Out_Lenny_Icon.png,word_count,9.0
Lenny,555,https://static.simpsonswiki.com/images/6/6f/Tapped_Out_Lenny_Icon.png,word_count,3.0
Lenny,557,https://static.simpsonswiki.com/images/6/6f/Tapped_Out_Lenny_Icon.png,word_count,13.0
Lenny,563,https://static.simpsonswiki.com/images/6/6f/Tapped_Out_Lenny_Icon.png,word_count,38.0
Lenny,564,https://static.simpsonswiki.com/images/6/6f/Tapped_Out_Lenny_Icon.png,word_count,24.0
Lenny,565,https://static.simpsonswiki.com/images/6/6f/Tapped_Out_Lenny_Icon.png,word_count,12.0
Lenny,566,https://static.simpsonswiki.com/images/6/6f/Tapped_Out_Lenny_Icon.png,word_count,127.0
Lenny,567,https://static.simpsonswiki.com/images/6/6f/Tapped_Out_Lenny_Icon.png,word_count,49.0
Lisa,1,https://img.icons8.com/doodle/48/lisa-simpson.png,word_count,223.0
Lisa,2,https://img.icons8.com/doodle/48/lisa-simpson.png,word_count,71.0
Lisa,3,https://img.icons8.com/doodle/48/lisa-simpson.png,word_count,54.0
Lisa,4,https://img.icons8.com/doodle/48/lisa-simpson.png,word_count,151.0
Lisa,5,https://img.icons8.com/doodle/48/lisa-simpson.png,word_count,225.0
Lisa,6,https://img.icons8.com/doodle/48/lisa-simpson.png,word_count,340.0
Lisa,7,https://img.icons8.com/doodle/48/lisa-simpson.png,word_count,68.0
Lisa,8,https://img.icons8.com/doodle/48/lisa-simpson.png,word_count,54.0
Lisa,9,https://img.icons8.com/doodle/48/lisa-simpson.png,word_count,205.0
Lisa,10,https://img.icons8.com/doodle/48/lisa-simpson.png,word_count,34.0
Lisa,11,https://img.icons8.com/doodle/48/lisa-simpson.png,word_count,119.0
Lisa,12,https://img.icons8.com/doodle/48/lisa-simpson.png,word_count,183.0
Lisa,13,https://img.icons8.com/doodle/48/lisa-simpson.png,word_count,156.0
Lisa,14,https://img.icons8.com/doodle/48/lisa-simpson.png,word_count,86.0
Lisa,15,https://img.icons8.com/doodle/48/lisa-simpson.png,word_count,22.0
Lisa,16,https://img.icons8.com/doodle/48/lisa-simpson.png,word_count,339.0
Lisa,17,https://img.icons8.com/doodle/48/lisa-simpson.png,word_count,143.0
Lisa,18,https://img.icons8.com/doodle/48/lisa-simpson.png,word_count,172.0
Lisa,19,https://img.icons8.com/doodle/48/lisa-simpson.png,word_count,332.0
Lisa,20,https://img.icons8.com/doodle/48/lisa-simpson.png,word_count,337.0
Lisa,21,https://img.icons8.com/doodle/48/lisa-simpson.png,word_count,135.0
Lisa,22,https://img.icons8.com/doodle/48/lisa-simpson.png,word_count,90.0
Lisa,23,https://img.icons8.com/doodle/48/lisa-simpson.png,word_count,35.0
Lisa,24,https://img.icons8.com/doodle/48/lisa-simpson.png,word_count,138.0
Lisa,25,https://img.icons8.com/doodle/48/lisa-simpson.png,word_count,66.0
Lisa,26,https://img.icons8.com/doodle/48/lisa-simpson.png,word_count,213.0
Lisa,27,https://img.icons8.com/doodle/48/lisa-simpson.png,word_count,49.0
Lisa,28,https://img.icons8.com/doodle/48/lisa-simpson.png,word_count,147.0
Lisa,29,https://img.icons8.com/doodle/48/lisa-simpson.png,word_count,327.0
Lisa,30,https://img.icons8.com/doodle/48/lisa-simpson.png,word_count,137.0
Lisa,31,https://img.icons8.com/doodle/48/lisa-simpson.png,word_count,148.0
Lisa,32,https://img.icons8.com/doodle/48/lisa-simpson.png,word_count,580.0
Lisa,33,https://img.icons8.com/doodle/48/lisa-simpson.png,word_count,135.0
Lisa,34,https://img.icons8.com/doodle/48/lisa-simpson.png,word_count,127.0
Lisa,35,https://img.icons8.com/doodle/48/lisa-simpson.png,word_count,124.0
Lisa,36,https://img.icons8.com/doodle/48/lisa-simpson.png,word_count,324.0
Lisa,37,https://img.icons8.com/doodle/48/lisa-simpson.png,word_count,455.0
Lisa,38,https://img.icons8.com/doodle/48/lisa-simpson.png,word_count,145.0
Lisa,39,https://img.icons8.com/doodle/48/lisa-simpson.png,word_count,44.0
Lisa,40,https://img.icons8.com/doodle/48/lisa-simpson.png,word_count,149.0
Lisa,41,https://img.icons8.com/doodle/48/lisa-simpson.png,word_count,212.0
Lisa,42,https://img.icons8.com/doodle/48/lisa-simpson.png,word_count,128.0
Lisa,43,https://img.icons8.com/doodle/48/lisa-simpson.png,word_count,304.0
Lisa,44,https://img.icons8.com/doodle/48/lisa-simpson.png,word_count,58.0
Lisa,45,https://img.icons8.com/doodle/48/lisa-simpson.png,word_count,64.0
Lisa,46,https://img.icons8.com/doodle/48/lisa-simpson.png,word_count,51.0
Lisa,47,https://img.icons8.com/doodle/48/lisa-simpson.png,word_count,64.0
Lisa,48,https://img.icons8.com/doodle/48/lisa-simpson.png,word_count,133.0
Lisa,49,https://img.icons8.com/doodle/48/lisa-simpson.png,word_count,696.0
Lisa,50,https://img.icons8.com/doodle/48/lisa-simpson.png,word_count,121.0
Lisa,51,https://img.icons8.com/doodle/48/lisa-simpson.png,word_count,149.0
Lisa,52,https://img.icons8.com/doodle/48/lisa-simpson.png,word_count,54.0
Lisa,53,https://img.icons8.com/doodle/48/lisa-simpson.png,word_count,275.0
Lisa,54,https://img.icons8.com/doodle/48/lisa-simpson.png,word_count,84.0
Lisa,55,https://img.icons8.com/doodle/48/lisa-simpson.png,word_count,58.0
Lisa,56,https://img.icons8.com/doodle/48/lisa-simpson.png,word_count,75.0
Lisa,57,https://img.icons8.com/doodle/48/lisa-simpson.png,word_count,29.0
Lisa,58,https://img.icons8.com/doodle/48/lisa-simpson.png,word_count,180.0
Lisa,59,https://img.icons8.com/doodle/48/lisa-simpson.png,word_count,161.0
Lisa,60,https://img.icons8.com/doodle/48/lisa-simpson.png,word_count,328.0
Lisa,61,https://img.icons8.com/doodle/48/lisa-simpson.png,word_count,62.0
Lisa,62,https://img.icons8.com/doodle/48/lisa-simpson.png,word_count,49.0
Lisa,63,https://img.icons8.com/doodle/48/lisa-simpson.png,word_count,340.0
Lisa,64,https://img.icons8.com/doodle/48/lisa-simpson.png,word_count,64.0
Lisa,65,https://img.icons8.com/doodle/48/lisa-simpson.png,word_count,143.0
Lisa,66,https://img.icons8.com/doodle/48/lisa-simpson.png,word_count,60.0
Lisa,67,https://img.icons8.com/doodle/48/lisa-simpson.png,word_count,75.0
Lisa,68,https://img.icons8.com/doodle/48/lisa-simpson.png,word_count,79.0
Lisa,69,https://img.icons8.com/doodle/48/lisa-simpson.png,word_count,90.0
Lisa,70,https://img.icons8.com/doodle/48/lisa-simpson.png,word_count,100.0
Lisa,71,https://img.icons8.com/doodle/48/lisa-simpson.png,word_count,57.0
Lisa,72,https://img.icons8.com/doodle/48/lisa-simpson.png,word_count,137.0
Lisa,73,https://img.icons8.com/doodle/48/lisa-simpson.png,word_count,50.0
Lisa,74,https://img.icons8.com/doodle/48/lisa-simpson.png,word_count,341.0
Lisa,75,https://img.icons8.com/doodle/48/lisa-simpson.png,word_count,173.0
Lisa,76,https://img.icons8.com/doodle/48/lisa-simpson.png,word_count,107.0
Lisa,77,https://img.icons8.com/doodle/48/lisa-simpson.png,word_count,123.0
Lisa,78,https://img.icons8.com/doodle/48/lisa-simpson.png,word_count,211.0
Lisa,79,https://img.icons8.com/doodle/48/lisa-simpson.png,word_count,144.0
Lisa,80,https://img.icons8.com/doodle/48/lisa-simpson.png,word_count,76.0
Lisa,81,https://img.icons8.com/doodle/48/lisa-simpson.png,word_count,119.0
Lisa,82,https://img.icons8.com/doodle/48/lisa-simpson.png,word_count,89.0
Lisa,83,https://img.icons8.com/doodle/48/lisa-simpson.png,word_count,111.0
Lisa,84,https://img.icons8.com/doodle/48/lisa-simpson.png,word_count,135.0
Lisa,85,https://img.icons8.com/doodle/48/lisa-simpson.png,word_count,77.0
Lisa,86,https://img.icons8.com/doodle/48/lisa-simpson.png,word_count,202.0
Lisa,87,https://img.icons8.com/doodle/48/lisa-simpson.png,word_count,62.0
Lisa,88,https://img.icons8.com/doodle/48/lisa-simpson.png,word_count,162.0
Lisa,89,https://img.icons8.com/doodle/48/lisa-simpson.png,word_count,29.0
Lisa,90,https://img.icons8.com/doodle/48/lisa-simpson.png,word_count,56.0
Lisa,91,https://img.icons8.com/doodle/48/lisa-simpson.png,word_count,210.0
Lisa,92,https://img.icons8.com/doodle/48/lisa-simpson.png,word_count,142.0
Lisa,93,https://img.icons8.com/doodle/48/lisa-simpson.png,word_count,152.0
Lisa,94,https://img.icons8.com/doodle/48/lisa-simpson.png,word_count,103.0
Lisa,95,https://img.icons8.com/doodle/48/lisa-simpson.png,word_count,615.0
Lisa,96,https://img.icons8.com/doodle/48/lisa-simpson.png,word_count,59.0
Lisa,97,https://img.icons8.com/doodle/48/lisa-simpson.png,word_count,123.0
Lisa,98,https://img.icons8.com/doodle/48/lisa-simpson.png,word_count,213.0
Lisa,99,https://img.icons8.com/doodle/48/lisa-simpson.png,word_count,84.0
Lisa,100,https://img.icons8.com/doodle/48/lisa-simpson.png,word_count,86.0
Lisa,101,https://img.icons8.com/doodle/48/lisa-simpson.png,word_count,148.0
Lisa,102,https://img.icons8.com/doodle/48/lisa-simpson.png,word_count,80.0
Lisa,103,https://img.icons8.com/doodle/48/lisa-simpson.png,word_count,156.0
Lisa,104,https://img.icons8.com/doodle/48/lisa-simpson.png,word_count,287.0
Lisa,105,https://img.icons8.com/doodle/48/lisa-simpson.png,word_count,538.0
Lisa,106,https://img.icons8.com/doodle/48/lisa-simpson.png,word_count,237.0
Lisa,107,https://img.icons8.com/doodle/48/lisa-simpson.png,word_count,189.0
Lisa,108,https://img.icons8.com/doodle/48/lisa-simpson.png,word_count,389.0
Lisa,109,https://img.icons8.com/doodle/48/lisa-simpson.png,word_count,94.0
Lisa,110,https://img.icons8.com/doodle/48/lisa-simpson.png,word_count,256.0
Lisa,111,https://img.icons8.com/doodle/48/lisa-simpson.png,word_count,329.0
Lisa,112,https://img.icons8.com/doodle/48/lisa-simpson.png,word_count,159.0
Lisa,113,https://img.icons8.com/doodle/48/lisa-simpson.png,word_count,138.0
Lisa,114,https://img.icons8.com/doodle/48/lisa-simpson.png,word_count,148.0
Lisa,115,https://img.icons8.com/doodle/48/lisa-simpson.png,word_count,129.0
Lisa,116,https://img.icons8.com/doodle/48/lisa-simpson.png,word_count,100.0
Lisa,117,https://img.icons8.com/doodle/48/lisa-simpson.png,word_count,101.0
Lisa,118,https://img.icons8.com/doodle/48/lisa-simpson.png,word_count,46.0
Lisa,119,https://img.icons8.com/doodle/48/lisa-simpson.png,word_count,273.0
Lisa,120,https://img.icons8.com/doodle/48/lisa-simpson.png,word_count,91.0
Lisa,121,https://img.icons8.com/doodle/48/lisa-simpson.png,word_count,93.0
Lisa,122,https://img.icons8.com/doodle/48/lisa-simpson.png,word_count,589.0
Lisa,123,https://img.icons8.com/doodle/48/lisa-simpson.png,word_count,208.0
Lisa,124,https://img.icons8.com/doodle/48/lisa-simpson.png,word_count,204.0
Lisa,125,https://img.icons8.com/doodle/48/lisa-simpson.png,word_count,441.0
Lisa,126,https://img.icons8.com/doodle/48/lisa-simpson.png,word_count,128.0
Lisa,127,https://img.icons8.com/doodle/48/lisa-simpson.png,word_count,45.0
Lisa,128,https://img.icons8.com/doodle/48/lisa-simpson.png,word_count,134.0
Lisa,129,https://img.icons8.com/doodle/48/lisa-simpson.png,word_count,464.0
Lisa,130,https://img.icons8.com/doodle/48/lisa-simpson.png,word_count,40.0
Lisa,131,https://img.icons8.com/doodle/48/lisa-simpson.png,word_count,205.0
Lisa,132,https://img.icons8.com/doodle/48/lisa-simpson.png,word_count,190.0
Lisa,133,https://img.icons8.com/doodle/48/lisa-simpson.png,word_count,511.0
Lisa,134,https://img.icons8.com/doodle/48/lisa-simpson.png,word_count,215.0
Lisa,135,https://img.icons8.com/doodle/48/lisa-simpson.png,word_count,169.0
Lisa,136,https://img.icons8.com/doodle/48/lisa-simpson.png,word_count,196.0
Lisa,137,https://img.icons8.com/doodle/48/lisa-simpson.png,word_count,190.0
Lisa,138,https://img.icons8.com/doodle/48/lisa-simpson.png,word_count,105.0
Lisa,139,https://img.icons8.com/doodle/48/lisa-simpson.png,word_count,122.0
Lisa,140,https://img.icons8.com/doodle/48/lisa-simpson.png,word_count,21.0
Lisa,141,https://img.icons8.com/doodle/48/lisa-simpson.png,word_count,30.0
Lisa,142,https://img.icons8.com/doodle/48/lisa-simpson.png,word_count,273.0
Lisa,143,https://img.icons8.com/doodle/48/lisa-simpson.png,word_count,203.0
Lisa,144,https://img.icons8.com/doodle/48/lisa-simpson.png,word_count,609.0
Lisa,145,https://img.icons8.com/doodle/48/lisa-simpson.png,word_count,74.0
Lisa,146,https://img.icons8.com/doodle/48/lisa-simpson.png,word_count,151.0
Lisa,147,https://img.icons8.com/doodle/48/lisa-simpson.png,word_count,24.0
Lisa,148,https://img.icons8.com/doodle/48/lisa-simpson.png,word_count,449.0
Lisa,149,https://img.icons8.com/doodle/48/lisa-simpson.png,word_count,106.0
Lisa,150,https://img.icons8.com/doodle/48/lisa-simpson.png,word_count,53.0
Lisa,151,https://img.icons8.com/doodle/48/lisa-simpson.png,word_count,175.0
Lisa,152,https://img.icons8.com/doodle/48/lisa-simpson.png,word_count,109.0
Lisa,153,https://img.icons8.com/doodle/48/lisa-simpson.png,word_count,587.0
Lisa,154,https://img.icons8.com/doodle/48/lisa-simpson.png,word_count,295.0
Lisa,155,https://img.icons8.com/doodle/48/lisa-simpson.png,word_count,130.0
Lisa,156,https://img.icons8.com/doodle/48/lisa-simpson.png,word_count,32.0
Lisa,157,https://img.icons8.com/doodle/48/lisa-simpson.png,word_count,68.0
Lisa,158,https://img.icons8.com/doodle/48/lisa-simpson.png,word_count,85.0
Lisa,159,https://img.icons8.com/doodle/48/lisa-simpson.png,word_count,84.0
Lisa,160,https://img.icons8.com/doodle/48/lisa-simpson.png,word_count,671.0
Lisa,161,https://img.icons8.com/doodle/48/lisa-simpson.png,word_count,124.0
Lisa,162,https://img.icons8.com/doodle/48/lisa-simpson.png,word_count,33.0
Lisa,163,https://img.icons8.com/doodle/48/lisa-simpson.png,word_count,119.0
Lisa,164,https://img.icons8.com/doodle/48/lisa-simpson.png,word_count,47.0
Lisa,165,https://img.icons8.com/doodle/48/lisa-simpson.png,word_count,56.0
Lisa,166,https://img.icons8.com/doodle/48/lisa-simpson.png,word_count,202.0
Lisa,167,https://img.icons8.com/doodle/48/lisa-simpson.png,word_count,157.0
Lisa,168,https://img.icons8.com/doodle/48/lisa-simpson.png,word_count,148.0
Lisa,169,https://img.icons8.com/doodle/48/lisa-simpson.png,word_count,115.0
Lisa,170,https://img.icons8.com/doodle/48/lisa-simpson.png,word_count,745.0
Lisa,171,https://img.icons8.com/doodle/48/lisa-simpson.png,word_count,44.0
Lisa,172,https://img.icons8.com/doodle/48/lisa-simpson.png,word_count,51.0
Lisa,173,https://img.icons8.com/doodle/48/lisa-simpson.png,word_count,173.0
Lisa,174,https://img.icons8.com/doodle/48/lisa-simpson.png,word_count,482.0
Lisa,175,https://img.icons8.com/doodle/48/lisa-simpson.png,word_count,88.0
Lisa,176,https://img.icons8.com/doodle/48/lisa-simpson.png,word_count,11.0
Lisa,177,https://img.icons8.com/doodle/48/lisa-simpson.png,word_count,70.0
Lisa,178,https://img.icons8.com/doodle/48/lisa-simpson.png,word_count,434.0
Lisa,179,https://img.icons8.com/doodle/48/lisa-simpson.png,word_count,182.0
Lisa,180,https://img.icons8.com/doodle/48/lisa-simpson.png,word_count,98.0
Lisa,181,https://img.icons8.com/doodle/48/lisa-simpson.png,word_count,183.0
Lisa,182,https://img.icons8.com/doodle/48/lisa-simpson.png,word_count,188.0
Lisa,183,https://img.icons8.com/doodle/48/lisa-simpson.png,word_count,116.0
Lisa,184,https://img.icons8.com/doodle/48/lisa-simpson.png,word_count,97.0
Lisa,185,https://img.icons8.com/doodle/48/lisa-simpson.png,word_count,81.0
Lisa,186,https://img.icons8.com/doodle/48/lisa-simpson.png,word_count,643.0
Lisa,187,https://img.icons8.com/doodle/48/lisa-simpson.png,word_count,136.0
Lisa,188,https://img.icons8.com/doodle/48/lisa-simpson.png,word_count,181.0
Lisa,189,https://img.icons8.com/doodle/48/lisa-simpson.png,word_count,97.0
Lisa,190,https://img.icons8.com/doodle/48/lisa-simpson.png,word_count,159.0
Lisa,191,https://img.icons8.com/doodle/48/lisa-simpson.png,word_count,112.0
Lisa,192,https://img.icons8.com/doodle/48/lisa-simpson.png,word_count,322.0
Lisa,193,https://img.icons8.com/doodle/48/lisa-simpson.png,word_count,83.0
Lisa,194,https://img.icons8.com/doodle/48/lisa-simpson.png,word_count,29.0
Lisa,195,https://img.icons8.com/doodle/48/lisa-simpson.png,word_count,710.0
Lisa,196,https://img.icons8.com/doodle/48/lisa-simpson.png,word_count,42.0
Lisa,197,https://img.icons8.com/doodle/48/lisa-simpson.png,word_count,63.0
Lisa,198,https://img.icons8.com/doodle/48/lisa-simpson.png,word_count,44.0
Lisa,199,https://img.icons8.com/doodle/48/lisa-simpson.png,word_count,605.0
Lisa,200,https://img.icons8.com/doodle/48/lisa-simpson.png,word_count,138.0
Lisa,201,https://img.icons8.com/doodle/48/lisa-simpson.png,word_count,35.0
Lisa,202,https://img.icons8.com/doodle/48/lisa-simpson.png,word_count,650.0
Lisa,203,https://img.icons8.com/doodle/48/lisa-simpson.png,word_count,101.0
Lisa,204,https://img.icons8.com/doodle/48/lisa-simpson.png,word_count,660.0
Lisa,205,https://img.icons8.com/doodle/48/lisa-simpson.png,word_count,124.0
Lisa,206,https://img.icons8.com/doodle/48/lisa-simpson.png,word_count,189.0
Lisa,207,https://img.icons8.com/doodle/48/lisa-simpson.png,word_count,94.0
Lisa,208,https://img.icons8.com/doodle/48/lisa-simpson.png,word_count,73.0
Lisa,209,https://img.icons8.com/doodle/48/lisa-simpson.png,word_count,77.0
Lisa,210,https://img.icons8.com/doodle/48/lisa-simpson.png,word_count,540.0
Lisa,211,https://img.icons8.com/doodle/48/lisa-simpson.png,word_count,97.0
Lisa,212,https://img.icons8.com/doodle/48/lisa-simpson.png,word_count,44.0
Lisa,213,https://img.icons8.com/doodle/48/lisa-simpson.png,word_count,43.0
Lisa,214,https://img.icons8.com/doodle/48/lisa-simpson.png,word_count,192.0
Lisa,215,https://img.icons8.com/doodle/48/lisa-simpson.png,word_count,117.0
Lisa,216,https://img.icons8.com/doodle/48/lisa-simpson.png,word_count,87.0
Lisa,217,https://img.icons8.com/doodle/48/lisa-simpson.png,word_count,34.0
Lisa,218,https://img.icons8.com/doodle/48/lisa-simpson.png,word_count,122.0
Lisa,219,https://img.icons8.com/doodle/48/lisa-simpson.png,word_count,670.0
Lisa,220,https://img.icons8.com/doodle/48/lisa-simpson.png,word_count,159.0
Lisa,221,https://img.icons8.com/doodle/48/lisa-simpson.png,word_count,147.0
Lisa,222,https://img.icons8.com/doodle/48/lisa-simpson.png,word_count,131.0
Lisa,223,https://img.icons8.com/doodle/48/lisa-simpson.png,word_count,217.0
Lisa,224,https://img.icons8.com/doodle/48/lisa-simpson.png,word_count,66.0
Lisa,225,https://img.icons8.com/doodle/48/lisa-simpson.png,word_count,514.0
Lisa,226,https://img.icons8.com/doodle/48/lisa-simpson.png,word_count,262.0
Lisa,227,https://img.icons8.com/doodle/48/lisa-simpson.png,word_count,52.0
Lisa,228,https://img.icons8.com/doodle/48/lisa-simpson.png,word_count,130.0
Lisa,229,https://img.icons8.com/doodle/48/lisa-simpson.png,word_count,213.0
Lisa,230,https://img.icons8.com/doodle/48/lisa-simpson.png,word_count,167.0
Lisa,231,https://img.icons8.com/doodle/48/lisa-simpson.png,word_count,224.0
Lisa,232,https://img.icons8.com/doodle/48/lisa-simpson.png,word_count,51.0
Lisa,233,https://img.icons8.com/doodle/48/lisa-simpson.png,word_count,59.0
Lisa,234,https://img.icons8.com/doodle/48/lisa-simpson.png,word_count,70.0
Lisa,235,https://img.icons8.com/doodle/48/lisa-simpson.png,word_count,351.0
Lisa,236,https://img.icons8.com/doodle/48/lisa-simpson.png,word_count,448.0
Lisa,237,https://img.icons8.com/doodle/48/lisa-simpson.png,word_count,108.0
Lisa,238,https://img.icons8.com/doodle/48/lisa-simpson.png,word_count,85.0
Lisa,239,https://img.icons8.com/doodle/48/lisa-simpson.png,word_count,191.0
Lisa,240,https://img.icons8.com/doodle/48/lisa-simpson.png,word_count,104.0
Lisa,241,https://img.icons8.com/doodle/48/lisa-simpson.png,word_count,85.0
Lisa,242,https://img.icons8.com/doodle/48/lisa-simpson.png,word_count,118.0
Lisa,243,https://img.icons8.com/doodle/48/lisa-simpson.png,word_count,578.0
Lisa,244,https://img.icons8.com/doodle/48/lisa-simpson.png,word_count,134.0
Lisa,245,https://img.icons8.com/doodle/48/lisa-simpson.png,word_count,115.0
Lisa,246,https://img.icons8.com/doodle/48/lisa-simpson.png,word_count,346.0
Lisa,247,https://img.icons8.com/doodle/48/lisa-simpson.png,word_count,137.0
Lisa,248,https://img.icons8.com/doodle/48/lisa-simpson.png,word_count,206.0
Lisa,249,https://img.icons8.com/doodle/48/lisa-simpson.png,word_count,198.0
Lisa,250,https://img.icons8.com/doodle/48/lisa-simpson.png,word_count,114.0
Lisa,251,https://img.icons8.com/doodle/48/lisa-simpson.png,word_count,65.0
Lisa,252,https://img.icons8.com/doodle/48/lisa-simpson.png,word_count,442.0
Lisa,253,https://img.icons8.com/doodle/48/lisa-simpson.png,word_count,140.0
Lisa,254,https://img.icons8.com/doodle/48/lisa-simpson.png,word_count,152.0
Lisa,255,https://img.icons8.com/doodle/48/lisa-simpson.png,word_count,94.0
Lisa,256,https://img.icons8.com/doodle/48/lisa-simpson.png,word_count,103.0
Lisa,257,https://img.icons8.com/doodle/48/lisa-simpson.png,word_count,191.0
Lisa,258,https://img.icons8.com/doodle/48/lisa-simpson.png,word_count,43.0
Lisa,259,https://img.icons8.com/doodle/48/lisa-simpson.png,word_count,94.0
Lisa,260,https://img.icons8.com/doodle/48/lisa-simpson.png,word_count,136.0
Lisa,261,https://img.icons8.com/doodle/48/lisa-simpson.png,word_count,12.0
Lisa,262,https://img.icons8.com/doodle/48/lisa-simpson.png,word_count,144.0
Lisa,263,https://img.icons8.com/doodle/48/lisa-simpson.png,word_count,96.0
Lisa,264,https://img.icons8.com/doodle/48/lisa-simpson.png,word_count,498.0
Lisa,265,https://img.icons8.com/doodle/48/lisa-simpson.png,word_count,240.0
Lisa,266,https://img.icons8.com/doodle/48/lisa-simpson.png,word_count,341.0
Lisa,267,https://img.icons8.com/doodle/48/lisa-simpson.png,word_count,106.0
Lisa,268,https://img.icons8.com/doodle/48/lisa-simpson.png,word_count,93.0
Lisa,269,https://img.icons8.com/doodle/48/lisa-simpson.png,word_count,79.0
Lisa,270,https://img.icons8.com/doodle/48/lisa-simpson.png,word_count,146.0
Lisa,271,https://img.icons8.com/doodle/48/lisa-simpson.png,word_count,110.0
Lisa,272,https://img.icons8.com/doodle/48/lisa-simpson.png,word_count,162.0
Lisa,273,https://img.icons8.com/doodle/48/lisa-simpson.png,word_count,71.0
Lisa,274,https://img.icons8.com/doodle/48/lisa-simpson.png,word_count,137.0
Lisa,275,https://img.icons8.com/doodle/48/lisa-simpson.png,word_count,430.0
Lisa,276,https://img.icons8.com/doodle/48/lisa-simpson.png,word_count,183.0
Lisa,277,https://img.icons8.com/doodle/48/lisa-simpson.png,word_count,94.0
Lisa,278,https://img.icons8.com/doodle/48/lisa-simpson.png,word_count,120.0
Lisa,279,https://img.icons8.com/doodle/48/lisa-simpson.png,word_count,69.0
Lisa,280,https://img.icons8.com/doodle/48/lisa-simpson.png,word_count,159.0
Lisa,281,https://img.icons8.com/doodle/48/lisa-simpson.png,word_count,109.0
Lisa,282,https://img.icons8.com/doodle/48/lisa-simpson.png,word_count,117.0
Lisa,283,https://img.icons8.com/doodle/48/lisa-simpson.png,word_count,254.0
Lisa,284,https://img.icons8.com/doodle/48/lisa-simpson.png,word_count,276.0
Lisa,285,https://img.icons8.com/doodle/48/lisa-simpson.png,word_count,66.0
Lisa,286,https://img.icons8.com/doodle/48/lisa-simpson.png,word_count,79.0
Lisa,287,https://img.icons8.com/doodle/48/lisa-simpson.png,word_count,131.0
Lisa,288,https://img.icons8.com/doodle/48/lisa-simpson.png,word_count,34.0
Lisa,289,https://img.icons8.com/doodle/48/lisa-simpson.png,word_count,391.0
Lisa,290,https://img.icons8.com/doodle/48/lisa-simpson.png,word_count,41.0
Lisa,291,https://img.icons8.com/doodle/48/lisa-simpson.png,word_count,78.0
Lisa,292,https://img.icons8.com/doodle/48/lisa-simpson.png,word_count,227.0
Lisa,293,https://img.icons8.com/doodle/48/lisa-simpson.png,word_count,127.0
Lisa,294,https://img.icons8.com/doodle/48/lisa-simpson.png,word_count,340.0
Lisa,295,https://img.icons8.com/doodle/48/lisa-simpson.png,word_count,148.0
Lisa,296,https://img.icons8.com/doodle/48/lisa-simpson.png,word_count,170.0
Lisa,297,https://img.icons8.com/doodle/48/lisa-simpson.png,word_count,28.0
Lisa,298,https://img.icons8.com/doodle/48/lisa-simpson.png,word_count,120.0
Lisa,299,https://img.icons8.com/doodle/48/lisa-simpson.png,word_count,349.0
Lisa,300,https://img.icons8.com/doodle/48/lisa-simpson.png,word_count,89.0
Lisa,301,https://img.icons8.com/doodle/48/lisa-simpson.png,word_count,143.0
Lisa,302,https://img.icons8.com/doodle/48/lisa-simpson.png,word_count,176.0
Lisa,303,https://img.icons8.com/doodle/48/lisa-simpson.png,word_count,438.0
Lisa,304,https://img.icons8.com/doodle/48/lisa-simpson.png,word_count,61.0
Lisa,305,https://img.icons8.com/doodle/48/lisa-simpson.png,word_count,207.0
Lisa,306,https://img.icons8.com/doodle/48/lisa-simpson.png,word_count,54.0
Lisa,307,https://img.icons8.com/doodle/48/lisa-simpson.png,word_count,361.0
Lisa,308,https://img.icons8.com/doodle/48/lisa-simpson.png,word_count,145.0
Lisa,309,https://img.icons8.com/doodle/48/lisa-simpson.png,word_count,403.0
Lisa,310,https://img.icons8.com/doodle/48/lisa-simpson.png,word_count,267.0
Lisa,311,https://img.icons8.com/doodle/48/lisa-simpson.png,word_count,50.0
Lisa,312,https://img.icons8.com/doodle/48/lisa-simpson.png,word_count,50.0
Lisa,313,https://img.icons8.com/doodle/48/lisa-simpson.png,word_count,110.0
Lisa,314,https://img.icons8.com/doodle/48/lisa-simpson.png,word_count,255.0
Lisa,315,https://img.icons8.com/doodle/48/lisa-simpson.png,word_count,105.0
Lisa,316,https://img.icons8.com/doodle/48/lisa-simpson.png,word_count,646.0
Lisa,317,https://img.icons8.com/doodle/48/lisa-simpson.png,word_count,207.0
Lisa,318,https://img.icons8.com/doodle/48/lisa-simpson.png,word_count,142.0
Lisa,319,https://img.icons8.com/doodle/48/lisa-simpson.png,word_count,197.0
Lisa,320,https://img.icons8.com/doodle/48/lisa-simpson.png,word_count,110.0
Lisa,321,https://img.icons8.com/doodle/48/lisa-simpson.png,word_count,111.0
Lisa,322,https://img.icons8.com/doodle/48/lisa-simpson.png,word_count,213.0
Lisa,323,https://img.icons8.com/doodle/48/lisa-simpson.png,word_count,168.0
Lisa,324,https://img.icons8.com/doodle/48/lisa-simpson.png,word_count,89.0
Lisa,325,https://img.icons8.com/doodle/48/lisa-simpson.png,word_count,310.0
Lisa,326,https://img.icons8.com/doodle/48/lisa-simpson.png,word_count,550.0
Lisa,327,https://img.icons8.com/doodle/48/lisa-simpson.png,word_count,253.0
Lisa,328,https://img.icons8.com/doodle/48/lisa-simpson.png,word_count,199.0
Lisa,329,https://img.icons8.com/doodle/48/lisa-simpson.png,word_count,53.0
Lisa,330,https://img.icons8.com/doodle/48/lisa-simpson.png,word_count,47.0
Lisa,331,https://img.icons8.com/doodle/48/lisa-simpson.png,word_count,254.0
Lisa,332,https://img.icons8.com/doodle/48/lisa-simpson.png,word_count,193.0
Lisa,333,https://img.icons8.com/doodle/48/lisa-simpson.png,word_count,62.0
Lisa,334,https://img.icons8.com/doodle/48/lisa-simpson.png,word_count,227.0
Lisa,335,https://img.icons8.com/doodle/48/lisa-simpson.png,word_count,453.0
Lisa,336,https://img.icons8.com/doodle/48/lisa-simpson.png,word_count,88.0
Lisa,337,https://img.icons8.com/doodle/48/lisa-simpson.png,word_count,148.0
Lisa,338,https://img.icons8.com/doodle/48/lisa-simpson.png,word_count,247.0
Lisa,339,https://img.icons8.com/doodle/48/lisa-simpson.png,word_count,318.0
Lisa,340,https://img.icons8.com/doodle/48/lisa-simpson.png,word_count,247.0
Lisa,341,https://img.icons8.com/doodle/48/lisa-simpson.png,word_count,122.0
Lisa,342,https://img.icons8.com/doodle/48/lisa-simpson.png,word_count,79.0
Lisa,343,https://img.icons8.com/doodle/48/lisa-simpson.png,word_count,56.0
Lisa,344,https://img.icons8.com/doodle/48/lisa-simpson.png,word_count,156.0
Lisa,345,https://img.icons8.com/doodle/48/lisa-simpson.png,word_count,103.0
Lisa,346,https://img.icons8.com/doodle/48/lisa-simpson.png,word_count,366.0
Lisa,347,https://img.icons8.com/doodle/48/lisa-simpson.png,word_count,141.0
Lisa,348,https://img.icons8.com/doodle/48/lisa-simpson.png,word_count,189.0
Lisa,349,https://img.icons8.com/doodle/48/lisa-simpson.png,word_count,198.0
Lisa,350,https://img.icons8.com/doodle/48/lisa-simpson.png,word_count,252.0
Lisa,351,https://img.icons8.com/doodle/48/lisa-simpson.png,word_count,65.0
Lisa,352,https://img.icons8.com/doodle/48/lisa-simpson.png,word_count,88.0
Lisa,353,https://img.icons8.com/doodle/48/lisa-simpson.png,word_count,621.0
Lisa,354,https://img.icons8.com/doodle/48/lisa-simpson.png,word_count,162.0
Lisa,355,https://img.icons8.com/doodle/48/lisa-simpson.png,word_count,97.0
Lisa,356,https://img.icons8.com/doodle/48/lisa-simpson.png,word_count,134.0
Lisa,357,https://img.icons8.com/doodle/48/lisa-simpson.png,word_count,138.0
Lisa,358,https://img.icons8.com/doodle/48/lisa-simpson.png,word_count,341.0
Lisa,359,https://img.icons8.com/doodle/48/lisa-simpson.png,word_count,129.0
Lisa,360,https://img.icons8.com/doodle/48/lisa-simpson.png,word_count,137.0
Lisa,361,https://img.icons8.com/doodle/48/lisa-simpson.png,word_count,24.0
Lisa,362,https://img.icons8.com/doodle/48/lisa-simpson.png,word_count,294.0
Lisa,363,https://img.icons8.com/doodle/48/lisa-simpson.png,word_count,165.0
Lisa,364,https://img.icons8.com/doodle/48/lisa-simpson.png,word_count,223.0
Lisa,365,https://img.icons8.com/doodle/48/lisa-simpson.png,word_count,65.0
Lisa,366,https://img.icons8.com/doodle/48/lisa-simpson.png,word_count,84.0
Lisa,367,https://img.icons8.com/doodle/48/lisa-simpson.png,word_count,77.0
Lisa,368,https://img.icons8.com/doodle/48/lisa-simpson.png,word_count,284.0
Lisa,369,https://img.icons8.com/doodle/48/lisa-simpson.png,word_count,236.0
Lisa,370,https://img.icons8.com/doodle/48/lisa-simpson.png,word_count,118.0
Lisa,371,https://img.icons8.com/doodle/48/lisa-simpson.png,word_count,101.0
Lisa,372,https://img.icons8.com/doodle/48/lisa-simpson.png,word_count,94.0
Lisa,373,https://img.icons8.com/doodle/48/lisa-simpson.png,word_count,47.0
Lisa,374,https://img.icons8.com/doodle/48/lisa-simpson.png,word_count,165.0
Lisa,375,https://img.icons8.com/doodle/48/lisa-simpson.png,word_count,482.0
Lisa,376,https://img.icons8.com/doodle/48/lisa-simpson.png,word_count,88.0
Lisa,377,https://img.icons8.com/doodle/48/lisa-simpson.png,word_count,281.0
Lisa,378,https://img.icons8.com/doodle/48/lisa-simpson.png,word_count,55.0
Lisa,379,https://img.icons8.com/doodle/48/lisa-simpson.png,word_count,119.0
Lisa,380,https://img.icons8.com/doodle/48/lisa-simpson.png,word_count,339.0
Lisa,381,https://img.icons8.com/doodle/48/lisa-simpson.png,word_count,106.0
Lisa,382,https://img.icons8.com/doodle/48/lisa-simpson.png,word_count,94.0
Lisa,383,https://img.icons8.com/doodle/48/lisa-simpson.png,word_count,70.0
Lisa,384,https://img.icons8.com/doodle/48/lisa-simpson.png,word_count,247.0
Lisa,385,https://img.icons8.com/doodle/48/lisa-simpson.png,word_count,34.0
Lisa,386,https://img.icons8.com/doodle/48/lisa-simpson.png,word_count,187.0
Lisa,387,https://img.icons8.com/doodle/48/lisa-simpson.png,word_count,99.0
Lisa,388,https://img.icons8.com/doodle/48/lisa-simpson.png,word_count,97.0
Lisa,389,https://img.icons8.com/doodle/48/lisa-simpson.png,word_count,152.0
Lisa,390,https://img.icons8.com/doodle/48/lisa-simpson.png,word_count,377.0
Lisa,391,https://img.icons8.com/doodle/48/lisa-simpson.png,word_count,41.0
Lisa,392,https://img.icons8.com/doodle/48/lisa-simpson.png,word_count,246.0
Lisa,393,https://img.icons8.com/doodle/48/lisa-simpson.png,word_count,84.0
Lisa,394,https://img.icons8.com/doodle/48/lisa-simpson.png,word_count,132.0
Lisa,395,https://img.icons8.com/doodle/48/lisa-simpson.png,word_count,231.0
Lisa,396,https://img.icons8.com/doodle/48/lisa-simpson.png,word_count,103.0
Lisa,397,https://img.icons8.com/doodle/48/lisa-simpson.png,word_count,100.0
Lisa,398,https://img.icons8.com/doodle/48/lisa-simpson.png,word_count,143.0
Lisa,399,https://img.icons8.com/doodle/48/lisa-simpson.png,word_count,239.0
Lisa,400,https://img.icons8.com/doodle/48/lisa-simpson.png,word_count,190.0
Lisa,401,https://img.icons8.com/doodle/48/lisa-simpson.png,word_count,44.0
Lisa,402,https://img.icons8.com/doodle/48/lisa-simpson.png,word_count,101.0
Lisa,403,https://img.icons8.com/doodle/48/lisa-simpson.png,word_count,114.0
Lisa,404,https://img.icons8.com/doodle/48/lisa-simpson.png,word_count,38.0
Lisa,405,https://img.icons8.com/doodle/48/lisa-simpson.png,word_count,164.0
Lisa,406,https://img.icons8.com/doodle/48/lisa-simpson.png,word_count,78.0
Lisa,407,https://img.icons8.com/doodle/48/lisa-simpson.png,word_count,104.0
Lisa,408,https://img.icons8.com/doodle/48/lisa-simpson.png,word_count,281.0
Lisa,409,https://img.icons8.com/doodle/48/lisa-simpson.png,word_count,66.0
Lisa,410,https://img.icons8.com/doodle/48/lisa-simpson.png,word_count,162.0
Lisa,411,https://img.icons8.com/doodle/48/lisa-simpson.png,word_count,62.0
Lisa,412,https://img.icons8.com/doodle/48/lisa-simpson.png,word_count,70.0
Lisa,413,https://img.icons8.com/doodle/48/lisa-simpson.png,word_count,64.0
Lisa,414,https://img.icons8.com/doodle/48/lisa-simpson.png,word_count,410.0
Lisa,415,https://img.icons8.com/doodle/48/lisa-simpson.png,word_count,434.0
Lisa,416,https://img.icons8.com/doodle/48/lisa-simpson.png,word_count,141.0
Lisa,417,https://img.icons8.com/doodle/48/lisa-simpson.png,word_count,238.0
Lisa,418,https://img.icons8.com/doodle/48/lisa-simpson.png,word_count,439.0
Lisa,419,https://img.icons8.com/doodle/48/lisa-simpson.png,word_count,131.0
Lisa,420,https://img.icons8.com/doodle/48/lisa-simpson.png,word_count,270.0
Lisa,421,https://img.icons8.com/doodle/48/lisa-simpson.png,word_count,84.0
Lisa,422,https://img.icons8.com/doodle/48/lisa-simpson.png,word_count,168.0
Lisa,423,https://img.icons8.com/doodle/48/lisa-simpson.png,word_count,80.0
Lisa,425,https://img.icons8.com/doodle/48/lisa-simpson.png,word_count,125.0
Lisa,426,https://img.icons8.com/doodle/48/lisa-simpson.png,word_count,530.0
Lisa,427,https://img.icons8.com/doodle/48/lisa-simpson.png,word_count,199.0
Lisa,428,https://img.icons8.com/doodle/48/lisa-simpson.png,word_count,302.0
Lisa,429,https://img.icons8.com/doodle/48/lisa-simpson.png,word_count,577.0
Lisa,430,https://img.icons8.com/doodle/48/lisa-simpson.png,word_count,190.0
Lisa,431,https://img.icons8.com/doodle/48/lisa-simpson.png,word_count,176.0
Lisa,432,https://img.icons8.com/doodle/48/lisa-simpson.png,word_count,123.0
Lisa,433,https://img.icons8.com/doodle/48/lisa-simpson.png,word_count,544.0
Lisa,434,https://img.icons8.com/doodle/48/lisa-simpson.png,word_count,141.0
Lisa,435,https://img.icons8.com/doodle/48/lisa-simpson.png,word_count,110.0
Lisa,436,https://img.icons8.com/doodle/48/lisa-simpson.png,word_count,23.0
Lisa,437,https://img.icons8.com/doodle/48/lisa-simpson.png,word_count,174.0
Lisa,438,https://img.icons8.com/doodle/48/lisa-simpson.png,word_count,177.0
Lisa,439,https://img.icons8.com/doodle/48/lisa-simpson.png,word_count,406.0
Lisa,440,https://img.icons8.com/doodle/48/lisa-simpson.png,word_count,162.0
Lisa,442,https://img.icons8.com/doodle/48/lisa-simpson.png,word_count,17.0
Lisa,443,https://img.icons8.com/doodle/48/lisa-simpson.png,word_count,19.0
Lisa,444,https://img.icons8.com/doodle/48/lisa-simpson.png,word_count,97.0
Lisa,445,https://img.icons8.com/doodle/48/lisa-simpson.png,word_count,290.0
Lisa,446,https://img.icons8.com/doodle/48/lisa-simpson.png,word_count,8.0
Lisa,448,https://img.icons8.com/doodle/48/lisa-simpson.png,word_count,427.0
Lisa,449,https://img.icons8.com/doodle/48/lisa-simpson.png,word_count,258.0
Lisa,450,https://img.icons8.com/doodle/48/lisa-simpson.png,word_count,199.0
Lisa,451,https://img.icons8.com/doodle/48/lisa-simpson.png,word_count,77.0
Lisa,452,https://img.icons8.com/doodle/48/lisa-simpson.png,word_count,154.0
Lisa,453,https://img.icons8.com/doodle/48/lisa-simpson.png,word_count,232.0
Lisa,454,https://img.icons8.com/doodle/48/lisa-simpson.png,word_count,554.0
Lisa,455,https://img.icons8.com/doodle/48/lisa-simpson.png,word_count,181.0
Lisa,456,https://img.icons8.com/doodle/48/lisa-simpson.png,word_count,194.0
Lisa,457,https://img.icons8.com/doodle/48/lisa-simpson.png,word_count,93.0
Lisa,458,https://img.icons8.com/doodle/48/lisa-simpson.png,word_count,157.0
Lisa,460,https://img.icons8.com/doodle/48/lisa-simpson.png,word_count,424.0
Lisa,461,https://img.icons8.com/doodle/48/lisa-simpson.png,word_count,304.0
Lisa,462,https://img.icons8.com/doodle/48/lisa-simpson.png,word_count,31.0
Lisa,463,https://img.icons8.com/doodle/48/lisa-simpson.png,word_count,51.0
Lisa,464,https://img.icons8.com/doodle/48/lisa-simpson.png,word_count,120.0
Lisa,465,https://img.icons8.com/doodle/48/lisa-simpson.png,word_count,466.0
Lisa,466,https://img.icons8.com/doodle/48/lisa-simpson.png,word_count,322.0
Lisa,467,https://img.icons8.com/doodle/48/lisa-simpson.png,word_count,535.0
Lisa,468,https://img.icons8.com/doodle/48/lisa-simpson.png,word_count,161.0
Lisa,469,https://img.icons8.com/doodle/48/lisa-simpson.png,word_count,527.0
Lisa,470,https://img.icons8.com/doodle/48/lisa-simpson.png,word_count,201.0
Lisa,471,https://img.icons8.com/doodle/48/lisa-simpson.png,word_count,230.0
Lisa,472,https://img.icons8.com/doodle/48/lisa-simpson.png,word_count,303.0
Lisa,473,https://img.icons8.com/doodle/48/lisa-simpson.png,word_count,29.0
Lisa,474,https://img.icons8.com/doodle/48/lisa-simpson.png,word_count,57.0
Lisa,475,https://img.icons8.com/doodle/48/lisa-simpson.png,word_count,8.0
Lisa,476,https://img.icons8.com/doodle/48/lisa-simpson.png,word_count,41.0
Lisa,477,https://img.icons8.com/doodle/48/lisa-simpson.png,word_count,96.0
Lisa,478,https://img.icons8.com/doodle/48/lisa-simpson.png,word_count,131.0
Lisa,479,https://img.icons8.com/doodle/48/lisa-simpson.png,word_count,250.0
Lisa,480,https://img.icons8.com/doodle/48/lisa-simpson.png,word_count,117.0
Lisa,481,https://img.icons8.com/doodle/48/lisa-simpson.png,word_count,30.0
Lisa,482,https://img.icons8.com/doodle/48/lisa-simpson.png,word_count,449.0
Lisa,483,https://img.icons8.com/doodle/48/lisa-simpson.png,word_count,173.0
Lisa,484,https://img.icons8.com/doodle/48/lisa-simpson.png,word_count,238.0
Lisa,485,https://img.icons8.com/doodle/48/lisa-simpson.png,word_count,385.0
Lisa,486,https://img.icons8.com/doodle/48/lisa-simpson.png,word_count,34.0
Lisa,487,https://img.icons8.com/doodle/48/lisa-simpson.png,word_count,11.0
Lisa,488,https://img.icons8.com/doodle/48/lisa-simpson.png,word_count,65.0
Lisa,489,https://img.icons8.com/doodle/48/lisa-simpson.png,word_count,258.0
Lisa,490,https://img.icons8.com/doodle/48/lisa-simpson.png,word_count,101.0
Lisa,491,https://img.icons8.com/doodle/48/lisa-simpson.png,word_count,196.0
Lisa,492,https://img.icons8.com/doodle/48/lisa-simpson.png,word_count,640.0
Lisa,493,https://img.icons8.com/doodle/48/lisa-simpson.png,word_count,98.0
Lisa,494,https://img.icons8.com/doodle/48/lisa-simpson.png,word_count,124.0
Lisa,495,https://img.icons8.com/doodle/48/lisa-simpson.png,word_count,363.0
Lisa,496,https://img.icons8.com/doodle/48/lisa-simpson.png,word_count,172.0
Lisa,497,https://img.icons8.com/doodle/48/lisa-simpson.png,word_count,376.0
Lisa,498,https://img.icons8.com/doodle/48/lisa-simpson.png,word_count,46.0
Lisa,499,https://img.icons8.com/doodle/48/lisa-simpson.png,word_count,296.0
Lisa,500,https://img.icons8.com/doodle/48/lisa-simpson.png,word_count,159.0
Lisa,501,https://img.icons8.com/doodle/48/lisa-simpson.png,word_count,111.0
Lisa,502,https://img.icons8.com/doodle/48/lisa-simpson.png,word_count,58.0
Lisa,503,https://img.icons8.com/doodle/48/lisa-simpson.png,word_count,41.0
Lisa,504,https://img.icons8.com/doodle/48/lisa-simpson.png,word_count,101.0
Lisa,505,https://img.icons8.com/doodle/48/lisa-simpson.png,word_count,249.0
Lisa,506,https://img.icons8.com/doodle/48/lisa-simpson.png,word_count,83.0
Lisa,507,https://img.icons8.com/doodle/48/lisa-simpson.png,word_count,136.0
Lisa,508,https://img.icons8.com/doodle/48/lisa-simpson.png,word_count,551.0
Lisa,509,https://img.icons8.com/doodle/48/lisa-simpson.png,word_count,210.0
Lisa,510,https://img.icons8.com/doodle/48/lisa-simpson.png,word_count,187.0
Lisa,511,https://img.icons8.com/doodle/48/lisa-simpson.png,word_count,86.0
Lisa,512,https://img.icons8.com/doodle/48/lisa-simpson.png,word_count,297.0
Lisa,513,https://img.icons8.com/doodle/48/lisa-simpson.png,word_count,169.0
Lisa,514,https://img.icons8.com/doodle/48/lisa-simpson.png,word_count,47.0
Lisa,515,https://img.icons8.com/doodle/48/lisa-simpson.png,word_count,83.0
Lisa,516,https://img.icons8.com/doodle/48/lisa-simpson.png,word_count,136.0
Lisa,517,https://img.icons8.com/doodle/48/lisa-simpson.png,word_count,100.0
Lisa,518,https://img.icons8.com/doodle/48/lisa-simpson.png,word_count,160.0
Lisa,519,https://img.icons8.com/doodle/48/lisa-simpson.png,word_count,111.0
Lisa,520,https://img.icons8.com/doodle/48/lisa-simpson.png,word_count,130.0
Lisa,521,https://img.icons8.com/doodle/48/lisa-simpson.png,word_count,267.0
Lisa,522,https://img.icons8.com/doodle/48/lisa-simpson.png,word_count,120.0
Lisa,523,https://img.icons8.com/doodle/48/lisa-simpson.png,word_count,283.0
Lisa,524,https://img.icons8.com/doodle/48/lisa-simpson.png,word_count,324.0
Lisa,525,https://img.icons8.com/doodle/48/lisa-simpson.png,word_count,198.0
Lisa,526,https://img.icons8.com/doodle/48/lisa-simpson.png,word_count,165.0
Lisa,527,https://img.icons8.com/doodle/48/lisa-simpson.png,word_count,147.0
Lisa,528,https://img.icons8.com/doodle/48/lisa-simpson.png,word_count,51.0
Lisa,529,https://img.icons8.com/doodle/48/lisa-simpson.png,word_count,107.0
Lisa,530,https://img.icons8.com/doodle/48/lisa-simpson.png,word_count,76.0
Lisa,531,https://img.icons8.com/doodle/48/lisa-simpson.png,word_count,296.0
Lisa,532,https://img.icons8.com/doodle/48/lisa-simpson.png,word_count,210.0
Lisa,533,https://img.icons8.com/doodle/48/lisa-simpson.png,word_count,15.0
Lisa,534,https://img.icons8.com/doodle/48/lisa-simpson.png,word_count,208.0
Lisa,535,https://img.icons8.com/doodle/48/lisa-simpson.png,word_count,237.0
Lisa,536,https://img.icons8.com/doodle/48/lisa-simpson.png,word_count,658.0
Lisa,537,https://img.icons8.com/doodle/48/lisa-simpson.png,word_count,77.0
Lisa,538,https://img.icons8.com/doodle/48/lisa-simpson.png,word_count,278.0
Lisa,539,https://img.icons8.com/doodle/48/lisa-simpson.png,word_count,152.0
Lisa,540,https://img.icons8.com/doodle/48/lisa-simpson.png,word_count,64.0
Lisa,541,https://img.icons8.com/doodle/48/lisa-simpson.png,word_count,63.0
Lisa,542,https://img.icons8.com/doodle/48/lisa-simpson.png,word_count,100.0
Lisa,543,https://img.icons8.com/doodle/48/lisa-simpson.png,word_count,386.0
Lisa,544,https://img.icons8.com/doodle/48/lisa-simpson.png,word_count,69.0
Lisa,545,https://img.icons8.com/doodle/48/lisa-simpson.png,word_count,413.0
Lisa,546,https://img.icons8.com/doodle/48/lisa-simpson.png,word_count,296.0
Lisa,547,https://img.icons8.com/doodle/48/lisa-simpson.png,word_count,217.0
Lisa,548,https://img.icons8.com/doodle/48/lisa-simpson.png,word_count,195.0
Lisa,549,https://img.icons8.com/doodle/48/lisa-simpson.png,word_count,16.0
Lisa,551,https://img.icons8.com/doodle/48/lisa-simpson.png,word_count,284.0
Lisa,552,https://img.icons8.com/doodle/48/lisa-simpson.png,word_count,311.0
Lisa,553,https://img.icons8.com/doodle/48/lisa-simpson.png,word_count,111.0
Lisa,554,https://img.icons8.com/doodle/48/lisa-simpson.png,word_count,108.0
Lisa,555,https://img.icons8.com/doodle/48/lisa-simpson.png,word_count,104.0
Lisa,556,https://img.icons8.com/doodle/48/lisa-simpson.png,word_count,149.0
Lisa,557,https://img.icons8.com/doodle/48/lisa-simpson.png,word_count,140.0
Lisa,558,https://img.icons8.com/doodle/48/lisa-simpson.png,word_count,206.0
Lisa,559,https://img.icons8.com/doodle/48/lisa-simpson.png,word_count,74.0
Lisa,560,https://img.icons8.com/doodle/48/lisa-simpson.png,word_count,73.0
Lisa,561,https://img.icons8.com/doodle/48/lisa-simpson.png,word_count,119.0
Lisa,562,https://img.icons8.com/doodle/48/lisa-simpson.png,word_count,274.0
Lisa,563,https://img.icons8.com/doodle/48/lisa-simpson.png,word_count,105.0
Lisa,564,https://img.icons8.com/doodle/48/lisa-simpson.png,word_count,260.0
Lisa,565,https://img.icons8.com/doodle/48/lisa-simpson.png,word_count,224.0
Lisa,566,https://img.icons8.com/doodle/48/lisa-simpson.png,word_count,10.0
Lisa,567,https://img.icons8.com/doodle/48/lisa-simpson.png,word_count,49.0
Lisa,568,https://img.icons8.com/doodle/48/lisa-simpson.png,word_count,94.0
Marge,1,https://img.icons8.com/doodle/48/marge-simpson.png,word_count,371.0
Marge,2,https://img.icons8.com/doodle/48/marge-simpson.png,word_count,173.0
Marge,3,https://img.icons8.com/doodle/48/marge-simpson.png,word_count,138.0
Marge,4,https://img.icons8.com/doodle/48/marge-simpson.png,word_count,333.0
Marge,5,https://img.icons8.com/doodle/48/marge-simpson.png,word_count,141.0
Marge,6,https://img.icons8.com/doodle/48/marge-simpson.png,word_count,394.0
Marge,7,https://img.icons8.com/doodle/48/marge-simpson.png,word_count,191.0
Marge,8,https://img.icons8.com/doodle/48/marge-simpson.png,word_count,276.0
Marge,9,https://img.icons8.com/doodle/48/marge-simpson.png,word_count,526.0
Marge,10,https://img.icons8.com/doodle/48/marge-simpson.png,word_count,313.0
Marge,11,https://img.icons8.com/doodle/48/marge-simpson.png,word_count,335.0
Marge,12,https://img.icons8.com/doodle/48/marge-simpson.png,word_count,110.0
Marge,13,https://img.icons8.com/doodle/48/marge-simpson.png,word_count,379.0
Marge,14,https://img.icons8.com/doodle/48/marge-simpson.png,word_count,138.0
Marge,15,https://img.icons8.com/doodle/48/marge-simpson.png,word_count,158.0
Marge,16,https://img.icons8.com/doodle/48/marge-simpson.png,word_count,382.0
Marge,17,https://img.icons8.com/doodle/48/marge-simpson.png,word_count,220.0
Marge,18,https://img.icons8.com/doodle/48/marge-simpson.png,word_count,205.0
Marge,19,https://img.icons8.com/doodle/48/marge-simpson.png,word_count,205.0
Marge,20,https://img.icons8.com/doodle/48/marge-simpson.png,word_count,302.0
Marge,21,https://img.icons8.com/doodle/48/marge-simpson.png,word_count,149.0
Marge,22,https://img.icons8.com/doodle/48/marge-simpson.png,word_count,673.0
Marge,23,https://img.icons8.com/doodle/48/marge-simpson.png,word_count,467.0
Marge,24,https://img.icons8.com/doodle/48/marge-simpson.png,word_count,225.0
Marge,25,https://img.icons8.com/doodle/48/marge-simpson.png,word_count,585.0
Marge,26,https://img.icons8.com/doodle/48/marge-simpson.png,word_count,235.0
Marge,27,https://img.icons8.com/doodle/48/marge-simpson.png,word_count,227.0
Marge,28,https://img.icons8.com/doodle/48/marge-simpson.png,word_count,112.0
Marge,29,https://img.icons8.com/doodle/48/marge-simpson.png,word_count,354.0
Marge,30,https://img.icons8.com/doodle/48/marge-simpson.png,word_count,98.0
Marge,31,https://img.icons8.com/doodle/48/marge-simpson.png,word_count,456.0
Marge,32,https://img.icons8.com/doodle/48/marge-simpson.png,word_count,148.0
Marge,33,https://img.icons8.com/doodle/48/marge-simpson.png,word_count,596.0
Marge,34,https://img.icons8.com/doodle/48/marge-simpson.png,word_count,208.0
Marge,35,https://img.icons8.com/doodle/48/marge-simpson.png,word_count,264.0
Marge,36,https://img.icons8.com/doodle/48/marge-simpson.png,word_count,119.0
Marge,37,https://img.icons8.com/doodle/48/marge-simpson.png,word_count,197.0
Marge,38,https://img.icons8.com/doodle/48/marge-simpson.png,word_count,165.0
Marge,39,https://img.icons8.com/doodle/48/marge-simpson.png,word_count,135.0
Marge,40,https://img.icons8.com/doodle/48/marge-simpson.png,word_count,264.0
Marge,41,https://img.icons8.com/doodle/48/marge-simpson.png,word_count,88.0
Marge,42,https://img.icons8.com/doodle/48/marge-simpson.png,word_count,123.0
Marge,43,https://img.icons8.com/doodle/48/marge-simpson.png,word_count,298.0
Marge,44,https://img.icons8.com/doodle/48/marge-simpson.png,word_count,223.0
Marge,45,https://img.icons8.com/doodle/48/marge-simpson.png,word_count,86.0
Marge,46,https://img.icons8.com/doodle/48/marge-simpson.png,word_count,181.0
Marge,47,https://img.icons8.com/doodle/48/marge-simpson.png,word_count,525.0
Marge,48,https://img.icons8.com/doodle/48/marge-simpson.png,word_count,211.0
Marge,49,https://img.icons8.com/doodle/48/marge-simpson.png,word_count,341.0
Marge,50,https://img.icons8.com/doodle/48/marge-simpson.png,word_count,365.0
Marge,51,https://img.icons8.com/doodle/48/marge-simpson.png,word_count,252.0
Marge,52,https://img.icons8.com/doodle/48/marge-simpson.png,word_count,103.0
Marge,53,https://img.icons8.com/doodle/48/marge-simpson.png,word_count,251.0
Marge,54,https://img.icons8.com/doodle/48/marge-simpson.png,word_count,354.0
Marge,55,https://img.icons8.com/doodle/48/marge-simpson.png,word_count,372.0
Marge,56,https://img.icons8.com/doodle/48/marge-simpson.png,word_count,137.0
Marge,57,https://img.icons8.com/doodle/48/marge-simpson.png,word_count,201.0
Marge,58,https://img.icons8.com/doodle/48/marge-simpson.png,word_count,108.0
Marge,59,https://img.icons8.com/doodle/48/marge-simpson.png,word_count,145.0
Marge,60,https://img.icons8.com/doodle/48/marge-simpson.png,word_count,138.0
Marge,61,https://img.icons8.com/doodle/48/marge-simpson.png,word_count,534.0
Marge,62,https://img.icons8.com/doodle/48/marge-simpson.png,word_count,235.0
Marge,63,https://img.icons8.com/doodle/48/marge-simpson.png,word_count,182.0
Marge,64,https://img.icons8.com/doodle/48/marge-simpson.png,word_count,151.0
Marge,65,https://img.icons8.com/doodle/48/marge-simpson.png,word_count,248.0
Marge,66,https://img.icons8.com/doodle/48/marge-simpson.png,word_count,340.0
Marge,67,https://img.icons8.com/doodle/48/marge-simpson.png,word_count,191.0
Marge,68,https://img.icons8.com/doodle/48/marge-simpson.png,word_count,99.0
Marge,69,https://img.icons8.com/doodle/48/marge-simpson.png,word_count,364.0
Marge,70,https://img.icons8.com/doodle/48/marge-simpson.png,word_count,143.0
Marge,71,https://img.icons8.com/doodle/48/marge-simpson.png,word_count,271.0
Marge,72,https://img.icons8.com/doodle/48/marge-simpson.png,word_count,277.0
Marge,73,https://img.icons8.com/doodle/48/marge-simpson.png,word_count,136.0
Marge,74,https://img.icons8.com/doodle/48/marge-simpson.png,word_count,40.0
Marge,75,https://img.icons8.com/doodle/48/marge-simpson.png,word_count,213.0
Marge,76,https://img.icons8.com/doodle/48/marge-simpson.png,word_count,95.0
Marge,77,https://img.icons8.com/doodle/48/marge-simpson.png,word_count,108.0
Marge,78,https://img.icons8.com/doodle/48/marge-simpson.png,word_count,82.0
Marge,79,https://img.icons8.com/doodle/48/marge-simpson.png,word_count,155.0
Marge,80,https://img.icons8.com/doodle/48/marge-simpson.png,word_count,170.0
Marge,82,https://img.icons8.com/doodle/48/marge-simpson.png,word_count,57.0
Marge,83,https://img.icons8.com/doodle/48/marge-simpson.png,word_count,120.0
Marge,84,https://img.icons8.com/doodle/48/marge-simpson.png,word_count,139.0
Marge,85,https://img.icons8.com/doodle/48/marge-simpson.png,word_count,132.0
Marge,86,https://img.icons8.com/doodle/48/marge-simpson.png,word_count,191.0
Marge,87,https://img.icons8.com/doodle/48/marge-simpson.png,word_count,438.0
Marge,88,https://img.icons8.com/doodle/48/marge-simpson.png,word_count,254.0
Marge,89,https://img.icons8.com/doodle/48/marge-simpson.png,word_count,56.0
Marge,90,https://img.icons8.com/doodle/48/marge-simpson.png,word_count,74.0
Marge,91,https://img.icons8.com/doodle/48/marge-simpson.png,word_count,235.0
Marge,92,https://img.icons8.com/doodle/48/marge-simpson.png,word_count,93.0
Marge,93,https://img.icons8.com/doodle/48/marge-simpson.png,word_count,121.0
Marge,94,https://img.icons8.com/doodle/48/marge-simpson.png,word_count,137.0
Marge,95,https://img.icons8.com/doodle/48/marge-simpson.png,word_count,105.0
Marge,96,https://img.icons8.com/doodle/48/marge-simpson.png,word_count,181.0
Marge,97,https://img.icons8.com/doodle/48/marge-simpson.png,word_count,106.0
Marge,98,https://img.icons8.com/doodle/48/marge-simpson.png,word_count,203.0
Marge,99,https://img.icons8.com/doodle/48/marge-simpson.png,word_count,209.0
Marge,100,https://img.icons8.com/doodle/48/marge-simpson.png,word_count,75.0
Marge,101,https://img.icons8.com/doodle/48/marge-simpson.png,word_count,120.0
Marge,102,https://img.icons8.com/doodle/48/marge-simpson.png,word_count,318.0
Marge,103,https://img.icons8.com/doodle/48/marge-simpson.png,word_count,340.0
Marge,104,https://img.icons8.com/doodle/48/marge-simpson.png,word_count,99.0
Marge,105,https://img.icons8.com/doodle/48/marge-simpson.png,word_count,230.0
Marge,106,https://img.icons8.com/doodle/48/marge-simpson.png,word_count,668.0
Marge,107,https://img.icons8.com/doodle/48/marge-simpson.png,word_count,522.0
Marge,108,https://img.icons8.com/doodle/48/marge-simpson.png,word_count,28.0
Marge,109,https://img.icons8.com/doodle/48/marge-simpson.png,word_count,213.0
Marge,110,https://img.icons8.com/doodle/48/marge-simpson.png,word_count,163.0
Marge,111,https://img.icons8.com/doodle/48/marge-simpson.png,word_count,309.0
Marge,112,https://img.icons8.com/doodle/48/marge-simpson.png,word_count,299.0
Marge,113,https://img.icons8.com/doodle/48/marge-simpson.png,word_count,251.0
Marge,114,https://img.icons8.com/doodle/48/marge-simpson.png,word_count,546.0
Marge,115,https://img.icons8.com/doodle/48/marge-simpson.png,word_count,170.0
Marge,116,https://img.icons8.com/doodle/48/marge-simpson.png,word_count,315.0
Marge,117,https://img.icons8.com/doodle/48/marge-simpson.png,word_count,88.0
Marge,118,https://img.icons8.com/doodle/48/marge-simpson.png,word_count,24.0
Marge,119,https://img.icons8.com/doodle/48/marge-simpson.png,word_count,260.0
Marge,120,https://img.icons8.com/doodle/48/marge-simpson.png,word_count,255.0
Marge,121,https://img.icons8.com/doodle/48/marge-simpson.png,word_count,346.0
Marge,122,https://img.icons8.com/doodle/48/marge-simpson.png,word_count,153.0
Marge,123,https://img.icons8.com/doodle/48/marge-simpson.png,word_count,382.0
Marge,124,https://img.icons8.com/doodle/48/marge-simpson.png,word_count,189.0
Marge,125,https://img.icons8.com/doodle/48/marge-simpson.png,word_count,114.0
Marge,126,https://img.icons8.com/doodle/48/marge-simpson.png,word_count,639.0
Marge,127,https://img.icons8.com/doodle/48/marge-simpson.png,word_count,236.0
Marge,128,https://img.icons8.com/doodle/48/marge-simpson.png,word_count,136.0
Marge,129,https://img.icons8.com/doodle/48/marge-simpson.png,word_count,179.0
Marge,130,https://img.icons8.com/doodle/48/marge-simpson.png,word_count,19.0
Marge,131,https://img.icons8.com/doodle/48/marge-simpson.png,word_count,437.0
Marge,132,https://img.icons8.com/doodle/48/marge-simpson.png,word_count,75.0
Marge,133,https://img.icons8.com/doodle/48/marge-simpson.png,word_count,199.0
Marge,134,https://img.icons8.com/doodle/48/marge-simpson.png,word_count,162.0
Marge,135,https://img.icons8.com/doodle/48/marge-simpson.png,word_count,232.0
Marge,136,https://img.icons8.com/doodle/48/marge-simpson.png,word_count,179.0
Marge,137,https://img.icons8.com/doodle/48/marge-simpson.png,word_count,99.0
Marge,138,https://img.icons8.com/doodle/48/marge-simpson.png,word_count,141.0
Marge,139,https://img.icons8.com/doodle/48/marge-simpson.png,word_count,517.0
Marge,140,https://img.icons8.com/doodle/48/marge-simpson.png,word_count,108.0
Marge,141,https://img.icons8.com/doodle/48/marge-simpson.png,word_count,138.0
Marge,142,https://img.icons8.com/doodle/48/marge-simpson.png,word_count,808.0
Marge,143,https://img.icons8.com/doodle/48/marge-simpson.png,word_count,114.0
Marge,144,https://img.icons8.com/doodle/48/marge-simpson.png,word_count,47.0
Marge,145,https://img.icons8.com/doodle/48/marge-simpson.png,word_count,124.0
Marge,146,https://img.icons8.com/doodle/48/marge-simpson.png,word_count,144.0
Marge,147,https://img.icons8.com/doodle/48/marge-simpson.png,word_count,120.0
Marge,148,https://img.icons8.com/doodle/48/marge-simpson.png,word_count,231.0
Marge,149,https://img.icons8.com/doodle/48/marge-simpson.png,word_count,77.0
Marge,150,https://img.icons8.com/doodle/48/marge-simpson.png,word_count,31.0
Marge,151,https://img.icons8.com/doodle/48/marge-simpson.png,word_count,97.0
Marge,152,https://img.icons8.com/doodle/48/marge-simpson.png,word_count,182.0
Marge,153,https://img.icons8.com/doodle/48/marge-simpson.png,word_count,327.0
Marge,154,https://img.icons8.com/doodle/48/marge-simpson.png,word_count,121.0
Marge,155,https://img.icons8.com/doodle/48/marge-simpson.png,word_count,248.0
Marge,156,https://img.icons8.com/doodle/48/marge-simpson.png,word_count,255.0
Marge,157,https://img.icons8.com/doodle/48/marge-simpson.png,word_count,220.0
Marge,158,https://img.icons8.com/doodle/48/marge-simpson.png,word_count,411.0
Marge,159,https://img.icons8.com/doodle/48/marge-simpson.png,word_count,541.0
Marge,160,https://img.icons8.com/doodle/48/marge-simpson.png,word_count,89.0
Marge,161,https://img.icons8.com/doodle/48/marge-simpson.png,word_count,191.0
Marge,162,https://img.icons8.com/doodle/48/marge-simpson.png,word_count,326.0
Marge,163,https://img.icons8.com/doodle/48/marge-simpson.png,word_count,168.0
Marge,164,https://img.icons8.com/doodle/48/marge-simpson.png,word_count,559.0
Marge,165,https://img.icons8.com/doodle/48/marge-simpson.png,word_count,62.0
Marge,166,https://img.icons8.com/doodle/48/marge-simpson.png,word_count,270.0
Marge,167,https://img.icons8.com/doodle/48/marge-simpson.png,word_count,120.0
Marge,168,https://img.icons8.com/doodle/48/marge-simpson.png,word_count,338.0
Marge,169,https://img.icons8.com/doodle/48/marge-simpson.png,word_count,65.0
Marge,170,https://img.icons8.com/doodle/48/marge-simpson.png,word_count,227.0
Marge,171,https://img.icons8.com/doodle/48/marge-simpson.png,word_count,251.0
Marge,172,https://img.icons8.com/doodle/48/marge-simpson.png,word_count,8.0
Marge,173,https://img.icons8.com/doodle/48/marge-simpson.png,word_count,209.0
Marge,174,https://img.icons8.com/doodle/48/marge-simpson.png,word_count,88.0
Marge,175,https://img.icons8.com/doodle/48/marge-simpson.png,word_count,526.0
Marge,176,https://img.icons8.com/doodle/48/marge-simpson.png,word_count,160.0
Marge,177,https://img.icons8.com/doodle/48/marge-simpson.png,word_count,160.0
Marge,178,https://img.icons8.com/doodle/48/marge-simpson.png,word_count,166.0
Marge,179,https://img.icons8.com/doodle/48/marge-simpson.png,word_count,215.0
Marge,180,https://img.icons8.com/doodle/48/marge-simpson.png,word_count,167.0
Marge,181,https://img.icons8.com/doodle/48/marge-simpson.png,word_count,459.0
Marge,182,https://img.icons8.com/doodle/48/marge-simpson.png,word_count,228.0
Marge,183,https://img.icons8.com/doodle/48/marge-simpson.png,word_count,308.0
Marge,184,https://img.icons8.com/doodle/48/marge-simpson.png,word_count,200.0
Marge,185,https://img.icons8.com/doodle/48/marge-simpson.png,word_count,162.0
Marge,186,https://img.icons8.com/doodle/48/marge-simpson.png,word_count,169.0
Marge,187,https://img.icons8.com/doodle/48/marge-simpson.png,word_count,636.0
Marge,188,https://img.icons8.com/doodle/48/marge-simpson.png,word_count,358.0
Marge,189,https://img.icons8.com/doodle/48/marge-simpson.png,word_count,131.0
Marge,190,https://img.icons8.com/doodle/48/marge-simpson.png,word_count,339.0
Marge,191,https://img.icons8.com/doodle/48/marge-simpson.png,word_count,298.0
Marge,192,https://img.icons8.com/doodle/48/marge-simpson.png,word_count,94.0
Marge,193,https://img.icons8.com/doodle/48/marge-simpson.png,word_count,147.0
Marge,194,https://img.icons8.com/doodle/48/marge-simpson.png,word_count,70.0
Marge,195,https://img.icons8.com/doodle/48/marge-simpson.png,word_count,141.0
Marge,196,https://img.icons8.com/doodle/48/marge-simpson.png,word_count,240.0
Marge,197,https://img.icons8.com/doodle/48/marge-simpson.png,word_count,67.0
Marge,198,https://img.icons8.com/doodle/48/marge-simpson.png,word_count,53.0
Marge,199,https://img.icons8.com/doodle/48/marge-simpson.png,word_count,188.0
Marge,200,https://img.icons8.com/doodle/48/marge-simpson.png,word_count,223.0
Marge,201,https://img.icons8.com/doodle/48/marge-simpson.png,word_count,127.0
Marge,202,https://img.icons8.com/doodle/48/marge-simpson.png,word_count,182.0
Marge,203,https://img.icons8.com/doodle/48/marge-simpson.png,word_count,456.0
Marge,204,https://img.icons8.com/doodle/48/marge-simpson.png,word_count,182.0
Marge,205,https://img.icons8.com/doodle/48/marge-simpson.png,word_count,254.0
Marge,206,https://img.icons8.com/doodle/48/marge-simpson.png,word_count,425.0
Marge,207,https://img.icons8.com/doodle/48/marge-simpson.png,word_count,291.0
Marge,208,https://img.icons8.com/doodle/48/marge-simpson.png,word_count,102.0
Marge,209,https://img.icons8.com/doodle/48/marge-simpson.png,word_count,124.0
Marge,210,https://img.icons8.com/doodle/48/marge-simpson.png,word_count,296.0
Marge,211,https://img.icons8.com/doodle/48/marge-simpson.png,word_count,217.0
Marge,212,https://img.icons8.com/doodle/48/marge-simpson.png,word_count,96.0
Marge,213,https://img.icons8.com/doodle/48/marge-simpson.png,word_count,99.0
Marge,214,https://img.icons8.com/doodle/48/marge-simpson.png,word_count,162.0
Marge,215,https://img.icons8.com/doodle/48/marge-simpson.png,word_count,155.0
Marge,216,https://img.icons8.com/doodle/48/marge-simpson.png,word_count,310.0
Marge,217,https://img.icons8.com/doodle/48/marge-simpson.png,word_count,404.0
Marge,218,https://img.icons8.com/doodle/48/marge-simpson.png,word_count,479.0
Marge,219,https://img.icons8.com/doodle/48/marge-simpson.png,word_count,193.0
Marge,220,https://img.icons8.com/doodle/48/marge-simpson.png,word_count,391.0
Marge,221,https://img.icons8.com/doodle/48/marge-simpson.png,word_count,178.0
Marge,222,https://img.icons8.com/doodle/48/marge-simpson.png,word_count,395.0
Marge,223,https://img.icons8.com/doodle/48/marge-simpson.png,word_count,94.0
Marge,224,https://img.icons8.com/doodle/48/marge-simpson.png,word_count,186.0
Marge,225,https://img.icons8.com/doodle/48/marge-simpson.png,word_count,171.0
Marge,226,https://img.icons8.com/doodle/48/marge-simpson.png,word_count,257.0
Marge,227,https://img.icons8.com/doodle/48/marge-simpson.png,word_count,234.0
Marge,228,https://img.icons8.com/doodle/48/marge-simpson.png,word_count,381.0
Marge,229,https://img.icons8.com/doodle/48/marge-simpson.png,word_count,85.0
Marge,230,https://img.icons8.com/doodle/48/marge-simpson.png,word_count,122.0
Marge,231,https://img.icons8.com/doodle/48/marge-simpson.png,word_count,292.0
Marge,232,https://img.icons8.com/doodle/48/marge-simpson.png,word_count,131.0
Marge,233,https://img.icons8.com/doodle/48/marge-simpson.png,word_count,182.0
Marge,234,https://img.icons8.com/doodle/48/marge-simpson.png,word_count,328.0
Marge,235,https://img.icons8.com/doodle/48/marge-simpson.png,word_count,55.0
Marge,236,https://img.icons8.com/doodle/48/marge-simpson.png,word_count,314.0
Marge,237,https://img.icons8.com/doodle/48/marge-simpson.png,word_count,83.0
Marge,238,https://img.icons8.com/doodle/48/marge-simpson.png,word_count,261.0
Marge,239,https://img.icons8.com/doodle/48/marge-simpson.png,word_count,256.0
Marge,240,https://img.icons8.com/doodle/48/marge-simpson.png,word_count,108.0
Marge,241,https://img.icons8.com/doodle/48/marge-simpson.png,word_count,117.0
Marge,242,https://img.icons8.com/doodle/48/marge-simpson.png,word_count,82.0
Marge,243,https://img.icons8.com/doodle/48/marge-simpson.png,word_count,150.0
Marge,244,https://img.icons8.com/doodle/48/marge-simpson.png,word_count,180.0
Marge,245,https://img.icons8.com/doodle/48/marge-simpson.png,word_count,355.0
Marge,246,https://img.icons8.com/doodle/48/marge-simpson.png,word_count,273.0
Marge,247,https://img.icons8.com/doodle/48/marge-simpson.png,word_count,651.0
Marge,248,https://img.icons8.com/doodle/48/marge-simpson.png,word_count,266.0
Marge,249,https://img.icons8.com/doodle/48/marge-simpson.png,word_count,180.0
Marge,250,https://img.icons8.com/doodle/48/marge-simpson.png,word_count,149.0
Marge,251,https://img.icons8.com/doodle/48/marge-simpson.png,word_count,97.0
Marge,252,https://img.icons8.com/doodle/48/marge-simpson.png,word_count,188.0
Marge,253,https://img.icons8.com/doodle/48/marge-simpson.png,word_count,113.0
Marge,254,https://img.icons8.com/doodle/48/marge-simpson.png,word_count,74.0
Marge,255,https://img.icons8.com/doodle/48/marge-simpson.png,word_count,251.0
Marge,256,https://img.icons8.com/doodle/48/marge-simpson.png,word_count,79.0
Marge,257,https://img.icons8.com/doodle/48/marge-simpson.png,word_count,64.0
Marge,258,https://img.icons8.com/doodle/48/marge-simpson.png,word_count,637.0
Marge,259,https://img.icons8.com/doodle/48/marge-simpson.png,word_count,64.0
Marge,260,https://img.icons8.com/doodle/48/marge-simpson.png,word_count,387.0
Marge,261,https://img.icons8.com/doodle/48/marge-simpson.png,word_count,44.0
Marge,262,https://img.icons8.com/doodle/48/marge-simpson.png,word_count,83.0
Marge,263,https://img.icons8.com/doodle/48/marge-simpson.png,word_count,167.0
Marge,264,https://img.icons8.com/doodle/48/marge-simpson.png,word_count,221.0
Marge,265,https://img.icons8.com/doodle/48/marge-simpson.png,word_count,194.0
Marge,266,https://img.icons8.com/doodle/48/marge-simpson.png,word_count,212.0
Marge,267,https://img.icons8.com/doodle/48/marge-simpson.png,word_count,102.0
Marge,268,https://img.icons8.com/doodle/48/marge-simpson.png,word_count,77.0
Marge,269,https://img.icons8.com/doodle/48/marge-simpson.png,word_count,105.0
Marge,270,https://img.icons8.com/doodle/48/marge-simpson.png,word_count,216.0
Marge,271,https://img.icons8.com/doodle/48/marge-simpson.png,word_count,320.0
Marge,272,https://img.icons8.com/doodle/48/marge-simpson.png,word_count,71.0
Marge,273,https://img.icons8.com/doodle/48/marge-simpson.png,word_count,76.0
Marge,274,https://img.icons8.com/doodle/48/marge-simpson.png,word_count,318.0
Marge,275,https://img.icons8.com/doodle/48/marge-simpson.png,word_count,355.0
Marge,276,https://img.icons8.com/doodle/48/marge-simpson.png,word_count,255.0
Marge,277,https://img.icons8.com/doodle/48/marge-simpson.png,word_count,348.0
Marge,278,https://img.icons8.com/doodle/48/marge-simpson.png,word_count,465.0
Marge,279,https://img.icons8.com/doodle/48/marge-simpson.png,word_count,449.0
Marge,280,https://img.icons8.com/doodle/48/marge-simpson.png,word_count,114.0
Marge,281,https://img.icons8.com/doodle/48/marge-simpson.png,word_count,163.0
Marge,282,https://img.icons8.com/doodle/48/marge-simpson.png,word_count,173.0
Marge,283,https://img.icons8.com/doodle/48/marge-simpson.png,word_count,206.0
Marge,284,https://img.icons8.com/doodle/48/marge-simpson.png,word_count,255.0
Marge,285,https://img.icons8.com/doodle/48/marge-simpson.png,word_count,279.0
Marge,286,https://img.icons8.com/doodle/48/marge-simpson.png,word_count,45.0
Marge,287,https://img.icons8.com/doodle/48/marge-simpson.png,word_count,82.0
Marge,288,https://img.icons8.com/doodle/48/marge-simpson.png,word_count,293.0
Marge,289,https://img.icons8.com/doodle/48/marge-simpson.png,word_count,107.0
Marge,290,https://img.icons8.com/doodle/48/marge-simpson.png,word_count,314.0
Marge,291,https://img.icons8.com/doodle/48/marge-simpson.png,word_count,225.0
Marge,292,https://img.icons8.com/doodle/48/marge-simpson.png,word_count,242.0
Marge,293,https://img.icons8.com/doodle/48/marge-simpson.png,word_count,239.0
Marge,294,https://img.icons8.com/doodle/48/marge-simpson.png,word_count,117.0
Marge,295,https://img.icons8.com/doodle/48/marge-simpson.png,word_count,473.0
Marge,296,https://img.icons8.com/doodle/48/marge-simpson.png,word_count,302.0
Marge,297,https://img.icons8.com/doodle/48/marge-simpson.png,word_count,188.0
Marge,298,https://img.icons8.com/doodle/48/marge-simpson.png,word_count,60.0
Marge,299,https://img.icons8.com/doodle/48/marge-simpson.png,word_count,78.0
Marge,300,https://img.icons8.com/doodle/48/marge-simpson.png,word_count,535.0
Marge,301,https://img.icons8.com/doodle/48/marge-simpson.png,word_count,187.0
Marge,302,https://img.icons8.com/doodle/48/marge-simpson.png,word_count,244.0
Marge,303,https://img.icons8.com/doodle/48/marge-simpson.png,word_count,173.0
Marge,304,https://img.icons8.com/doodle/48/marge-simpson.png,word_count,154.0
Marge,305,https://img.icons8.com/doodle/48/marge-simpson.png,word_count,248.0
Marge,306,https://img.icons8.com/doodle/48/marge-simpson.png,word_count,179.0
Marge,307,https://img.icons8.com/doodle/48/marge-simpson.png,word_count,33.0
Marge,308,https://img.icons8.com/doodle/48/marge-simpson.png,word_count,470.0
Marge,309,https://img.icons8.com/doodle/48/marge-simpson.png,word_count,245.0
Marge,310,https://img.icons8.com/doodle/48/marge-simpson.png,word_count,131.0
Marge,311,https://img.icons8.com/doodle/48/marge-simpson.png,word_count,390.0
Marge,312,https://img.icons8.com/doodle/48/marge-simpson.png,word_count,293.0
Marge,313,https://img.icons8.com/doodle/48/marge-simpson.png,word_count,238.0
Marge,314,https://img.icons8.com/doodle/48/marge-simpson.png,word_count,101.0
Marge,315,https://img.icons8.com/doodle/48/marge-simpson.png,word_count,121.0
Marge,316,https://img.icons8.com/doodle/48/marge-simpson.png,word_count,150.0
Marge,317,https://img.icons8.com/doodle/48/marge-simpson.png,word_count,329.0
Marge,318,https://img.icons8.com/doodle/48/marge-simpson.png,word_count,172.0
Marge,319,https://img.icons8.com/doodle/48/marge-simpson.png,word_count,121.0
Marge,320,https://img.icons8.com/doodle/48/marge-simpson.png,word_count,167.0
Marge,321,https://img.icons8.com/doodle/48/marge-simpson.png,word_count,453.0
Marge,322,https://img.icons8.com/doodle/48/marge-simpson.png,word_count,141.0
Marge,323,https://img.icons8.com/doodle/48/marge-simpson.png,word_count,519.0
Marge,324,https://img.icons8.com/doodle/48/marge-simpson.png,word_count,228.0
Marge,325,https://img.icons8.com/doodle/48/marge-simpson.png,word_count,232.0
Marge,326,https://img.icons8.com/doodle/48/marge-simpson.png,word_count,247.0
Marge,327,https://img.icons8.com/doodle/48/marge-simpson.png,word_count,226.0
Marge,328,https://img.icons8.com/doodle/48/marge-simpson.png,word_count,521.0
Marge,329,https://img.icons8.com/doodle/48/marge-simpson.png,word_count,126.0
Marge,330,https://img.icons8.com/doodle/48/marge-simpson.png,word_count,316.0
Marge,331,https://img.icons8.com/doodle/48/marge-simpson.png,word_count,475.0
Marge,332,https://img.icons8.com/doodle/48/marge-simpson.png,word_count,197.0
Marge,333,https://img.icons8.com/doodle/48/marge-simpson.png,word_count,484.0
Marge,334,https://img.icons8.com/doodle/48/marge-simpson.png,word_count,334.0
Marge,335,https://img.icons8.com/doodle/48/marge-simpson.png,word_count,32.0
Marge,336,https://img.icons8.com/doodle/48/marge-simpson.png,word_count,112.0
Marge,337,https://img.icons8.com/doodle/48/marge-simpson.png,word_count,665.0
Marge,338,https://img.icons8.com/doodle/48/marge-simpson.png,word_count,536.0
Marge,339,https://img.icons8.com/doodle/48/marge-simpson.png,word_count,528.0
Marge,340,https://img.icons8.com/doodle/48/marge-simpson.png,word_count,108.0
Marge,341,https://img.icons8.com/doodle/48/marge-simpson.png,word_count,78.0
Marge,342,https://img.icons8.com/doodle/48/marge-simpson.png,word_count,548.0
Marge,343,https://img.icons8.com/doodle/48/marge-simpson.png,word_count,169.0
Marge,344,https://img.icons8.com/doodle/48/marge-simpson.png,word_count,169.0
Marge,345,https://img.icons8.com/doodle/48/marge-simpson.png,word_count,350.0
Marge,346,https://img.icons8.com/doodle/48/marge-simpson.png,word_count,94.0
Marge,347,https://img.icons8.com/doodle/48/marge-simpson.png,word_count,131.0
Marge,348,https://img.icons8.com/doodle/48/marge-simpson.png,word_count,639.0
Marge,349,https://img.icons8.com/doodle/48/marge-simpson.png,word_count,326.0
Marge,350,https://img.icons8.com/doodle/48/marge-simpson.png,word_count,122.0
Marge,351,https://img.icons8.com/doodle/48/marge-simpson.png,word_count,413.0
Marge,352,https://img.icons8.com/doodle/48/marge-simpson.png,word_count,220.0
Marge,353,https://img.icons8.com/doodle/48/marge-simpson.png,word_count,137.0
Marge,354,https://img.icons8.com/doodle/48/marge-simpson.png,word_count,231.0
Marge,355,https://img.icons8.com/doodle/48/marge-simpson.png,word_count,153.0
Marge,356,https://img.icons8.com/doodle/48/marge-simpson.png,word_count,379.0
Marge,357,https://img.icons8.com/doodle/48/marge-simpson.png,word_count,443.0
Marge,358,https://img.icons8.com/doodle/48/marge-simpson.png,word_count,326.0
Marge,359,https://img.icons8.com/doodle/48/marge-simpson.png,word_count,373.0
Marge,360,https://img.icons8.com/doodle/48/marge-simpson.png,word_count,157.0
Marge,361,https://img.icons8.com/doodle/48/marge-simpson.png,word_count,580.0
Marge,362,https://img.icons8.com/doodle/48/marge-simpson.png,word_count,133.0
Marge,363,https://img.icons8.com/doodle/48/marge-simpson.png,word_count,318.0
Marge,364,https://img.icons8.com/doodle/48/marge-simpson.png,word_count,200.0
Marge,365,https://img.icons8.com/doodle/48/marge-simpson.png,word_count,54.0
Marge,366,https://img.icons8.com/doodle/48/marge-simpson.png,word_count,254.0
Marge,367,https://img.icons8.com/doodle/48/marge-simpson.png,word_count,156.0
Marge,368,https://img.icons8.com/doodle/48/marge-simpson.png,word_count,113.0
Marge,369,https://img.icons8.com/doodle/48/marge-simpson.png,word_count,160.0
Marge,370,https://img.icons8.com/doodle/48/marge-simpson.png,word_count,395.0
Marge,371,https://img.icons8.com/doodle/48/marge-simpson.png,word_count,404.0
Marge,372,https://img.icons8.com/doodle/48/marge-simpson.png,word_count,127.0
Marge,373,https://img.icons8.com/doodle/48/marge-simpson.png,word_count,77.0
Marge,374,https://img.icons8.com/doodle/48/marge-simpson.png,word_count,242.0
Marge,375,https://img.icons8.com/doodle/48/marge-simpson.png,word_count,158.0
Marge,376,https://img.icons8.com/doodle/48/marge-simpson.png,word_count,659.0
Marge,377,https://img.icons8.com/doodle/48/marge-simpson.png,word_count,214.0
Marge,378,https://img.icons8.com/doodle/48/marge-simpson.png,word_count,420.0
Marge,379,https://img.icons8.com/doodle/48/marge-simpson.png,word_count,158.0
Marge,380,https://img.icons8.com/doodle/48/marge-simpson.png,word_count,181.0
Marge,381,https://img.icons8.com/doodle/48/marge-simpson.png,word_count,412.0
Marge,382,https://img.icons8.com/doodle/48/marge-simpson.png,word_count,83.0
Marge,383,https://img.icons8.com/doodle/48/marge-simpson.png,word_count,177.0
Marge,384,https://img.icons8.com/doodle/48/marge-simpson.png,word_count,94.0
Marge,385,https://img.icons8.com/doodle/48/marge-simpson.png,word_count,353.0
Marge,386,https://img.icons8.com/doodle/48/marge-simpson.png,word_count,142.0
Marge,387,https://img.icons8.com/doodle/48/marge-simpson.png,word_count,398.0
Marge,388,https://img.icons8.com/doodle/48/marge-simpson.png,word_count,247.0
Marge,389,https://img.icons8.com/doodle/48/marge-simpson.png,word_count,194.0
Marge,390,https://img.icons8.com/doodle/48/marge-simpson.png,word_count,120.0
Marge,391,https://img.icons8.com/doodle/48/marge-simpson.png,word_count,238.0
Marge,392,https://img.icons8.com/doodle/48/marge-simpson.png,word_count,108.0
Marge,393,https://img.icons8.com/doodle/48/marge-simpson.png,word_count,162.0
Marge,394,https://img.icons8.com/doodle/48/marge-simpson.png,word_count,251.0
Marge,395,https://img.icons8.com/doodle/48/marge-simpson.png,word_count,580.0
Marge,396,https://img.icons8.com/doodle/48/marge-simpson.png,word_count,287.0
Marge,397,https://img.icons8.com/doodle/48/marge-simpson.png,word_count,230.0
Marge,398,https://img.icons8.com/doodle/48/marge-simpson.png,word_count,134.0
Marge,399,https://img.icons8.com/doodle/48/marge-simpson.png,word_count,168.0
Marge,400,https://img.icons8.com/doodle/48/marge-simpson.png,word_count,189.0
Marge,401,https://img.icons8.com/doodle/48/marge-simpson.png,word_count,195.0
Marge,402,https://img.icons8.com/doodle/48/marge-simpson.png,word_count,306.0
Marge,403,https://img.icons8.com/doodle/48/marge-simpson.png,word_count,215.0
Marge,404,https://img.icons8.com/doodle/48/marge-simpson.png,word_count,482.0
Marge,405,https://img.icons8.com/doodle/48/marge-simpson.png,word_count,209.0
Marge,406,https://img.icons8.com/doodle/48/marge-simpson.png,word_count,169.0
Marge,407,https://img.icons8.com/doodle/48/marge-simpson.png,word_count,318.0
Marge,408,https://img.icons8.com/doodle/48/marge-simpson.png,word_count,211.0
Marge,409,https://img.icons8.com/doodle/48/marge-simpson.png,word_count,143.0
Marge,410,https://img.icons8.com/doodle/48/marge-simpson.png,word_count,129.0
Marge,411,https://img.icons8.com/doodle/48/marge-simpson.png,word_count,578.0
Marge,412,https://img.icons8.com/doodle/48/marge-simpson.png,word_count,63.0
Marge,413,https://img.icons8.com/doodle/48/marge-simpson.png,word_count,45.0
Marge,414,https://img.icons8.com/doodle/48/marge-simpson.png,word_count,241.0
Marge,415,https://img.icons8.com/doodle/48/marge-simpson.png,word_count,252.0
Marge,416,https://img.icons8.com/doodle/48/marge-simpson.png,word_count,289.0
Marge,417,https://img.icons8.com/doodle/48/marge-simpson.png,word_count,206.0
Marge,418,https://img.icons8.com/doodle/48/marge-simpson.png,word_count,168.0
Marge,419,https://img.icons8.com/doodle/48/marge-simpson.png,word_count,184.0
Marge,420,https://img.icons8.com/doodle/48/marge-simpson.png,word_count,18.0
Marge,421,https://img.icons8.com/doodle/48/marge-simpson.png,word_count,245.0
Marge,422,https://img.icons8.com/doodle/48/marge-simpson.png,word_count,328.0
Marge,423,https://img.icons8.com/doodle/48/marge-simpson.png,word_count,253.0
Marge,425,https://img.icons8.com/doodle/48/marge-simpson.png,word_count,368.0
Marge,426,https://img.icons8.com/doodle/48/marge-simpson.png,word_count,152.0
Marge,427,https://img.icons8.com/doodle/48/marge-simpson.png,word_count,108.0
Marge,428,https://img.icons8.com/doodle/48/marge-simpson.png,word_count,108.0
Marge,429,https://img.icons8.com/doodle/48/marge-simpson.png,word_count,248.0
Marge,430,https://img.icons8.com/doodle/48/marge-simpson.png,word_count,123.0
Marge,431,https://img.icons8.com/doodle/48/marge-simpson.png,word_count,110.0
Marge,432,https://img.icons8.com/doodle/48/marge-simpson.png,word_count,279.0
Marge,433,https://img.icons8.com/doodle/48/marge-simpson.png,word_count,184.0
Marge,434,https://img.icons8.com/doodle/48/marge-simpson.png,word_count,237.0
Marge,435,https://img.icons8.com/doodle/48/marge-simpson.png,word_count,388.0
Marge,436,https://img.icons8.com/doodle/48/marge-simpson.png,word_count,119.0
Marge,437,https://img.icons8.com/doodle/48/marge-simpson.png,word_count,53.0
Marge,438,https://img.icons8.com/doodle/48/marge-simpson.png,word_count,170.0
Marge,439,https://img.icons8.com/doodle/48/marge-simpson.png,word_count,341.0
Marge,440,https://img.icons8.com/doodle/48/marge-simpson.png,word_count,462.0
Marge,442,https://img.icons8.com/doodle/48/marge-simpson.png,word_count,47.0
Marge,443,https://img.icons8.com/doodle/48/marge-simpson.png,word_count,14.0
Marge,444,https://img.icons8.com/doodle/48/marge-simpson.png,word_count,473.0
Marge,445,https://img.icons8.com/doodle/48/marge-simpson.png,word_count,205.0
Marge,446,https://img.icons8.com/doodle/48/marge-simpson.png,word_count,354.0
Marge,448,https://img.icons8.com/doodle/48/marge-simpson.png,word_count,50.0
Marge,449,https://img.icons8.com/doodle/48/marge-simpson.png,word_count,171.0
Marge,450,https://img.icons8.com/doodle/48/marge-simpson.png,word_count,120.0
Marge,451,https://img.icons8.com/doodle/48/marge-simpson.png,word_count,36.0
Marge,452,https://img.icons8.com/doodle/48/marge-simpson.png,word_count,277.0
Marge,453,https://img.icons8.com/doodle/48/marge-simpson.png,word_count,316.0
Marge,454,https://img.icons8.com/doodle/48/marge-simpson.png,word_count,187.0
Marge,455,https://img.icons8.com/doodle/48/marge-simpson.png,word_count,367.0
Marge,456,https://img.icons8.com/doodle/48/marge-simpson.png,word_count,52.0
Marge,457,https://img.icons8.com/doodle/48/marge-simpson.png,word_count,149.0
Marge,458,https://img.icons8.com/doodle/48/marge-simpson.png,word_count,59.0
Marge,459,https://img.icons8.com/doodle/48/marge-simpson.png,word_count,140.0
Marge,460,https://img.icons8.com/doodle/48/marge-simpson.png,word_count,101.0
Marge,461,https://img.icons8.com/doodle/48/marge-simpson.png,word_count,155.0
Marge,462,https://img.icons8.com/doodle/48/marge-simpson.png,word_count,147.0
Marge,463,https://img.icons8.com/doodle/48/marge-simpson.png,word_count,278.0
Marge,464,https://img.icons8.com/doodle/48/marge-simpson.png,word_count,169.0
Marge,465,https://img.icons8.com/doodle/48/marge-simpson.png,word_count,114.0
Marge,466,https://img.icons8.com/doodle/48/marge-simpson.png,word_count,202.0
Marge,467,https://img.icons8.com/doodle/48/marge-simpson.png,word_count,138.0
Marge,468,https://img.icons8.com/doodle/48/marge-simpson.png,word_count,232.0
Marge,469,https://img.icons8.com/doodle/48/marge-simpson.png,word_count,380.0
Marge,470,https://img.icons8.com/doodle/48/marge-simpson.png,word_count,149.0
Marge,471,https://img.icons8.com/doodle/48/marge-simpson.png,word_count,172.0
Marge,472,https://img.icons8.com/doodle/48/marge-simpson.png,word_count,178.0
Marge,473,https://img.icons8.com/doodle/48/marge-simpson.png,word_count,82.0
Marge,474,https://img.icons8.com/doodle/48/marge-simpson.png,word_count,363.0
Marge,475,https://img.icons8.com/doodle/48/marge-simpson.png,word_count,45.0
Marge,476,https://img.icons8.com/doodle/48/marge-simpson.png,word_count,84.0
Marge,477,https://img.icons8.com/doodle/48/marge-simpson.png,word_count,320.0
Marge,478,https://img.icons8.com/doodle/48/marge-simpson.png,word_count,48.0
Marge,479,https://img.icons8.com/doodle/48/marge-simpson.png,word_count,75.0
Marge,480,https://img.icons8.com/doodle/48/marge-simpson.png,word_count,238.0
Marge,481,https://img.icons8.com/doodle/48/marge-simpson.png,word_count,293.0
Marge,482,https://img.icons8.com/doodle/48/marge-simpson.png,word_count,71.0
Marge,483,https://img.icons8.com/doodle/48/marge-simpson.png,word_count,241.0
Marge,484,https://img.icons8.com/doodle/48/marge-simpson.png,word_count,135.0
Marge,485,https://img.icons8.com/doodle/48/marge-simpson.png,word_count,152.0
Marge,486,https://img.icons8.com/doodle/48/marge-simpson.png,word_count,135.0
Marge,487,https://img.icons8.com/doodle/48/marge-simpson.png,word_count,174.0
Marge,488,https://img.icons8.com/doodle/48/marge-simpson.png,word_count,57.0
Marge,489,https://img.icons8.com/doodle/48/marge-simpson.png,word_count,91.0
Marge,490,https://img.icons8.com/doodle/48/marge-simpson.png,word_count,38.0
Marge,491,https://img.icons8.com/doodle/48/marge-simpson.png,word_count,568.0
Marge,492,https://img.icons8.com/doodle/48/marge-simpson.png,word_count,66.0
Marge,493,https://img.icons8.com/doodle/48/marge-simpson.png,word_count,235.0
Marge,494,https://img.icons8.com/doodle/48/marge-simpson.png,word_count,92.0
Marge,495,https://img.icons8.com/doodle/48/marge-simpson.png,word_count,194.0
Marge,496,https://img.icons8.com/doodle/48/marge-simpson.png,word_count,166.0
Marge,497,https://img.icons8.com/doodle/48/marge-simpson.png,word_count,132.0
Marge,498,https://img.icons8.com/doodle/48/marge-simpson.png,word_count,64.0
Marge,499,https://img.icons8.com/doodle/48/marge-simpson.png,word_count,292.0
Marge,500,https://img.icons8.com/doodle/48/marge-simpson.png,word_count,311.0
Marge,501,https://img.icons8.com/doodle/48/marge-simpson.png,word_count,126.0
Marge,502,https://img.icons8.com/doodle/48/marge-simpson.png,word_count,203.0
Marge,503,https://img.icons8.com/doodle/48/marge-simpson.png,word_count,88.0
Marge,504,https://img.icons8.com/doodle/48/marge-simpson.png,word_count,231.0
Marge,505,https://img.icons8.com/doodle/48/marge-simpson.png,word_count,273.0
Marge,506,https://img.icons8.com/doodle/48/marge-simpson.png,word_count,185.0
Marge,507,https://img.icons8.com/doodle/48/marge-simpson.png,word_count,228.0
Marge,508,https://img.icons8.com/doodle/48/marge-simpson.png,word_count,134.0
Marge,509,https://img.icons8.com/doodle/48/marge-simpson.png,word_count,132.0
Marge,510,https://img.icons8.com/doodle/48/marge-simpson.png,word_count,224.0
Marge,511,https://img.icons8.com/doodle/48/marge-simpson.png,word_count,603.0
Marge,512,https://img.icons8.com/doodle/48/marge-simpson.png,word_count,186.0
Marge,513,https://img.icons8.com/doodle/48/marge-simpson.png,word_count,19.0
Marge,514,https://img.icons8.com/doodle/48/marge-simpson.png,word_count,215.0
Marge,515,https://img.icons8.com/doodle/48/marge-simpson.png,word_count,380.0
Marge,516,https://img.icons8.com/doodle/48/marge-simpson.png,word_count,117.0
Marge,517,https://img.icons8.com/doodle/48/marge-simpson.png,word_count,277.0
Marge,518,https://img.icons8.com/doodle/48/marge-simpson.png,word_count,134.0
Marge,519,https://img.icons8.com/doodle/48/marge-simpson.png,word_count,445.0
Marge,520,https://img.icons8.com/doodle/48/marge-simpson.png,word_count,136.0
Marge,521,https://img.icons8.com/doodle/48/marge-simpson.png,word_count,286.0
Marge,522,https://img.icons8.com/doodle/48/marge-simpson.png,word_count,362.0
Marge,523,https://img.icons8.com/doodle/48/marge-simpson.png,word_count,128.0
Marge,524,https://img.icons8.com/doodle/48/marge-simpson.png,word_count,48.0
Marge,525,https://img.icons8.com/doodle/48/marge-simpson.png,word_count,360.0
Marge,526,https://img.icons8.com/doodle/48/marge-simpson.png,word_count,227.0
Marge,527,https://img.icons8.com/doodle/48/marge-simpson.png,word_count,288.0
Marge,528,https://img.icons8.com/doodle/48/marge-simpson.png,word_count,393.0
Marge,529,https://img.icons8.com/doodle/48/marge-simpson.png,word_count,181.0
Marge,530,https://img.icons8.com/doodle/48/marge-simpson.png,word_count,732.0
Marge,531,https://img.icons8.com/doodle/48/marge-simpson.png,word_count,176.0
Marge,532,https://img.icons8.com/doodle/48/marge-simpson.png,word_count,124.0
Marge,533,https://img.icons8.com/doodle/48/marge-simpson.png,word_count,185.0
Marge,534,https://img.icons8.com/doodle/48/marge-simpson.png,word_count,269.0
Marge,535,https://img.icons8.com/doodle/48/marge-simpson.png,word_count,233.0
Marge,536,https://img.icons8.com/doodle/48/marge-simpson.png,word_count,144.0
Marge,537,https://img.icons8.com/doodle/48/marge-simpson.png,word_count,75.0
Marge,538,https://img.icons8.com/doodle/48/marge-simpson.png,word_count,339.0
Marge,539,https://img.icons8.com/doodle/48/marge-simpson.png,word_count,268.0
Marge,540,https://img.icons8.com/doodle/48/marge-simpson.png,word_count,112.0
Marge,541,https://img.icons8.com/doodle/48/marge-simpson.png,word_count,347.0
Marge,542,https://img.icons8.com/doodle/48/marge-simpson.png,word_count,115.0
Marge,543,https://img.icons8.com/doodle/48/marge-simpson.png,word_count,282.0
Marge,544,https://img.icons8.com/doodle/48/marge-simpson.png,word_count,183.0
Marge,545,https://img.icons8.com/doodle/48/marge-simpson.png,word_count,425.0
Marge,546,https://img.icons8.com/doodle/48/marge-simpson.png,word_count,134.0
Marge,547,https://img.icons8.com/doodle/48/marge-simpson.png,word_count,365.0
Marge,548,https://img.icons8.com/doodle/48/marge-simpson.png,word_count,214.0
Marge,549,https://img.icons8.com/doodle/48/marge-simpson.png,word_count,63.0
Marge,551,https://img.icons8.com/doodle/48/marge-simpson.png,word_count,430.0
Marge,552,https://img.icons8.com/doodle/48/marge-simpson.png,word_count,36.0
Marge,553,https://img.icons8.com/doodle/48/marge-simpson.png,word_count,135.0
Marge,554,https://img.icons8.com/doodle/48/marge-simpson.png,word_count,214.0
Marge,555,https://img.icons8.com/doodle/48/marge-simpson.png,word_count,596.0
Marge,556,https://img.icons8.com/doodle/48/marge-simpson.png,word_count,261.0
Marge,557,https://img.icons8.com/doodle/48/marge-simpson.png,word_count,142.0
Marge,558,https://img.icons8.com/doodle/48/marge-simpson.png,word_count,102.0
Marge,559,https://img.icons8.com/doodle/48/marge-simpson.png,word_count,239.0
Marge,560,https://img.icons8.com/doodle/48/marge-simpson.png,word_count,165.0
Marge,561,https://img.icons8.com/doodle/48/marge-simpson.png,word_count,280.0
Marge,562,https://img.icons8.com/doodle/48/marge-simpson.png,word_count,96.0
Marge,563,https://img.icons8.com/doodle/48/marge-simpson.png,word_count,234.0
Marge,564,https://img.icons8.com/doodle/48/marge-simpson.png,word_count,90.0
Marge,565,https://img.icons8.com/doodle/48/marge-simpson.png,word_count,236.0
Marge,566,https://img.icons8.com/doodle/48/marge-simpson.png,word_count,228.0
Marge,567,https://img.icons8.com/doodle/48/marge-simpson.png,word_count,32.0
Marge,568,https://img.icons8.com/doodle/48/marge-simpson.png,word_count,450.0
Milhouse,1,https://img.icons8.com/doodle/48/milhouse-van-houten.png,word_count,19.0
Milhouse,2,https://img.icons8.com/doodle/48/milhouse-van-houten.png,word_count,9.0
Milhouse,5,https://img.icons8.com/doodle/48/milhouse-van-houten.png,word_count,29.0
Milhouse,8,https://img.icons8.com/doodle/48/milhouse-van-houten.png,word_count,6.0
Milhouse,10,https://img.icons8.com/doodle/48/milhouse-van-houten.png,word_count,24.0
Milhouse,11,https://img.icons8.com/doodle/48/milhouse-van-houten.png,word_count,18.0
Milhouse,14,https://img.icons8.com/doodle/48/milhouse-van-houten.png,word_count,10.0
Milhouse,15,https://img.icons8.com/doodle/48/milhouse-van-houten.png,word_count,2.0
Milhouse,18,https://img.icons8.com/doodle/48/milhouse-van-houten.png,word_count,22.0
Milhouse,21,https://img.icons8.com/doodle/48/milhouse-van-houten.png,word_count,38.0
Milhouse,22,https://img.icons8.com/doodle/48/milhouse-van-houten.png,word_count,12.0
Milhouse,26,https://img.icons8.com/doodle/48/milhouse-van-houten.png,word_count,4.0
Milhouse,27,https://img.icons8.com/doodle/48/milhouse-van-houten.png,word_count,5.0
Milhouse,32,https://img.icons8.com/doodle/48/milhouse-van-houten.png,word_count,11.0
Milhouse,33,https://img.icons8.com/doodle/48/milhouse-van-houten.png,word_count,9.0
Milhouse,34,https://img.icons8.com/doodle/48/milhouse-van-houten.png,word_count,164.0
Milhouse,36,https://img.icons8.com/doodle/48/milhouse-van-houten.png,word_count,8.0
Milhouse,39,https://img.icons8.com/doodle/48/milhouse-van-houten.png,word_count,18.0
Milhouse,40,https://img.icons8.com/doodle/48/milhouse-van-houten.png,word_count,82.0
Milhouse,41,https://img.icons8.com/doodle/48/milhouse-van-houten.png,word_count,28.0
Milhouse,44,https://img.icons8.com/doodle/48/milhouse-van-houten.png,word_count,17.0
Milhouse,48,https://img.icons8.com/doodle/48/milhouse-van-houten.png,word_count,1.0
Milhouse,51,https://img.icons8.com/doodle/48/milhouse-van-houten.png,word_count,18.0
Milhouse,53,https://img.icons8.com/doodle/48/milhouse-van-houten.png,word_count,21.0
Milhouse,57,https://img.icons8.com/doodle/48/milhouse-van-houten.png,word_count,26.0
Milhouse,58,https://img.icons8.com/doodle/48/milhouse-van-houten.png,word_count,269.0
Milhouse,60,https://img.icons8.com/doodle/48/milhouse-van-houten.png,word_count,14.0
Milhouse,63,https://img.icons8.com/doodle/48/milhouse-van-houten.png,word_count,6.0
Milhouse,65,https://img.icons8.com/doodle/48/milhouse-van-houten.png,word_count,17.0
Milhouse,73,https://img.icons8.com/doodle/48/milhouse-van-houten.png,word_count,15.0
Milhouse,74,https://img.icons8.com/doodle/48/milhouse-van-houten.png,word_count,35.0
Milhouse,75,https://img.icons8.com/doodle/48/milhouse-van-houten.png,word_count,6.0
Milhouse,79,https://img.icons8.com/doodle/48/milhouse-van-houten.png,word_count,2.0
Milhouse,80,https://img.icons8.com/doodle/48/milhouse-van-houten.png,word_count,9.0
Milhouse,81,https://img.icons8.com/doodle/48/milhouse-van-houten.png,word_count,21.0
Milhouse,82,https://img.icons8.com/doodle/48/milhouse-van-houten.png,word_count,11.0
Milhouse,83,https://img.icons8.com/doodle/48/milhouse-van-houten.png,word_count,26.0
Milhouse,86,https://img.icons8.com/doodle/48/milhouse-van-houten.png,word_count,89.0
Milhouse,88,https://img.icons8.com/doodle/48/milhouse-van-houten.png,word_count,20.0
Milhouse,89,https://img.icons8.com/doodle/48/milhouse-van-houten.png,word_count,103.0
Milhouse,90,https://img.icons8.com/doodle/48/milhouse-van-houten.png,word_count,12.0
Milhouse,91,https://img.icons8.com/doodle/48/milhouse-van-houten.png,word_count,10.0
Milhouse,93,https://img.icons8.com/doodle/48/milhouse-van-houten.png,word_count,32.0
Milhouse,97,https://img.icons8.com/doodle/48/milhouse-van-houten.png,word_count,12.0
Milhouse,99,https://img.icons8.com/doodle/48/milhouse-van-houten.png,word_count,66.0
Milhouse,100,https://img.icons8.com/doodle/48/milhouse-van-houten.png,word_count,58.0
Milhouse,101,https://img.icons8.com/doodle/48/milhouse-van-houten.png,word_count,11.0
Milhouse,102,https://img.icons8.com/doodle/48/milhouse-van-houten.png,word_count,20.0
Milhouse,103,https://img.icons8.com/doodle/48/milhouse-van-houten.png,word_count,18.0
Milhouse,104,https://img.icons8.com/doodle/48/milhouse-van-houten.png,word_count,33.0
Milhouse,105,https://img.icons8.com/doodle/48/milhouse-van-houten.png,word_count,17.0
Milhouse,108,https://img.icons8.com/doodle/48/milhouse-van-houten.png,word_count,2.0
Milhouse,109,https://img.icons8.com/doodle/48/milhouse-van-houten.png,word_count,27.0
Milhouse,110,https://img.icons8.com/doodle/48/milhouse-van-houten.png,word_count,50.0
Milhouse,111,https://img.icons8.com/doodle/48/milhouse-van-houten.png,word_count,55.0
Milhouse,113,https://img.icons8.com/doodle/48/milhouse-van-houten.png,word_count,92.0
Milhouse,117,https://img.icons8.com/doodle/48/milhouse-van-houten.png,word_count,18.0
Milhouse,118,https://img.icons8.com/doodle/48/milhouse-van-houten.png,word_count,35.0
Milhouse,119,https://img.icons8.com/doodle/48/milhouse-van-houten.png,word_count,16.0
Milhouse,120,https://img.icons8.com/doodle/48/milhouse-van-houten.png,word_count,54.0
Milhouse,121,https://img.icons8.com/doodle/48/milhouse-van-houten.png,word_count,2.0
Milhouse,122,https://img.icons8.com/doodle/48/milhouse-van-houten.png,word_count,22.0
Milhouse,124,https://img.icons8.com/doodle/48/milhouse-van-houten.png,word_count,89.0
Milhouse,125,https://img.icons8.com/doodle/48/milhouse-van-houten.png,word_count,15.0
Milhouse,126,https://img.icons8.com/doodle/48/milhouse-van-houten.png,word_count,3.0
Milhouse,127,https://img.icons8.com/doodle/48/milhouse-van-houten.png,word_count,207.0
Milhouse,128,https://img.icons8.com/doodle/48/milhouse-van-houten.png,word_count,4.0
Milhouse,130,https://img.icons8.com/doodle/48/milhouse-van-houten.png,word_count,264.0
Milhouse,131,https://img.icons8.com/doodle/48/milhouse-van-houten.png,word_count,21.0
Milhouse,132,https://img.icons8.com/doodle/48/milhouse-van-houten.png,word_count,204.0
Milhouse,135,https://img.icons8.com/doodle/48/milhouse-van-houten.png,word_count,17.0
Milhouse,137,https://img.icons8.com/doodle/48/milhouse-van-houten.png,word_count,18.0
Milhouse,139,https://img.icons8.com/doodle/48/milhouse-van-houten.png,word_count,111.0
Milhouse,140,https://img.icons8.com/doodle/48/milhouse-van-houten.png,word_count,42.0
Milhouse,143,https://img.icons8.com/doodle/48/milhouse-van-houten.png,word_count,37.0
Milhouse,144,https://img.icons8.com/doodle/48/milhouse-van-houten.png,word_count,6.0
Milhouse,146,https://img.icons8.com/doodle/48/milhouse-van-houten.png,word_count,21.0
Milhouse,148,https://img.icons8.com/doodle/48/milhouse-van-houten.png,word_count,253.0
Milhouse,149,https://img.icons8.com/doodle/48/milhouse-van-houten.png,word_count,65.0
Milhouse,152,https://img.icons8.com/doodle/48/milhouse-van-houten.png,word_count,31.0
Milhouse,153,https://img.icons8.com/doodle/48/milhouse-van-houten.png,word_count,102.0
Milhouse,155,https://img.icons8.com/doodle/48/milhouse-van-houten.png,word_count,20.0
Milhouse,156,https://img.icons8.com/doodle/48/milhouse-van-houten.png,word_count,13.0
Milhouse,158,https://img.icons8.com/doodle/48/milhouse-van-houten.png,word_count,62.0
Milhouse,159,https://img.icons8.com/doodle/48/milhouse-van-houten.png,word_count,51.0
Milhouse,160,https://img.icons8.com/doodle/48/milhouse-van-houten.png,word_count,97.0
Milhouse,163,https://img.icons8.com/doodle/48/milhouse-van-houten.png,word_count,13.0
Milhouse,167,https://img.icons8.com/doodle/48/milhouse-van-houten.png,word_count,21.0
Milhouse,168,https://img.icons8.com/doodle/48/milhouse-van-houten.png,word_count,3.0
Milhouse,169,https://img.icons8.com/doodle/48/milhouse-van-houten.png,word_count,7.0
Milhouse,171,https://img.icons8.com/doodle/48/milhouse-van-houten.png,word_count,10.0
Milhouse,172,https://img.icons8.com/doodle/48/milhouse-van-houten.png,word_count,58.0
Milhouse,173,https://img.icons8.com/doodle/48/milhouse-van-houten.png,word_count,51.0
Milhouse,176,https://img.icons8.com/doodle/48/milhouse-van-houten.png,word_count,66.0
Milhouse,181,https://img.icons8.com/doodle/48/milhouse-van-houten.png,word_count,24.0
Milhouse,183,https://img.icons8.com/doodle/48/milhouse-van-houten.png,word_count,14.0
Milhouse,184,https://img.icons8.com/doodle/48/milhouse-van-houten.png,word_count,21.0
Milhouse,186,https://img.icons8.com/doodle/48/milhouse-van-houten.png,word_count,12.0
Milhouse,188,https://img.icons8.com/doodle/48/milhouse-van-houten.png,word_count,11.0
Milhouse,192,https://img.icons8.com/doodle/48/milhouse-van-houten.png,word_count,206.0
Milhouse,195,https://img.icons8.com/doodle/48/milhouse-van-houten.png,word_count,40.0
Milhouse,196,https://img.icons8.com/doodle/48/milhouse-van-houten.png,word_count,6.0
Milhouse,197,https://img.icons8.com/doodle/48/milhouse-van-houten.png,word_count,31.0
Milhouse,198,https://img.icons8.com/doodle/48/milhouse-van-houten.png,word_count,4.0
Milhouse,199,https://img.icons8.com/doodle/48/milhouse-van-houten.png,word_count,26.0
Milhouse,201,https://img.icons8.com/doodle/48/milhouse-van-houten.png,word_count,33.0
Milhouse,202,https://img.icons8.com/doodle/48/milhouse-van-houten.png,word_count,73.0
Milhouse,204,https://img.icons8.com/doodle/48/milhouse-van-houten.png,word_count,115.0
Milhouse,206,https://img.icons8.com/doodle/48/milhouse-van-houten.png,word_count,10.0
Milhouse,210,https://img.icons8.com/doodle/48/milhouse-van-houten.png,word_count,1.0
Milhouse,212,https://img.icons8.com/doodle/48/milhouse-van-houten.png,word_count,9.0
Milhouse,214,https://img.icons8.com/doodle/48/milhouse-van-houten.png,word_count,100.0
Milhouse,215,https://img.icons8.com/doodle/48/milhouse-van-houten.png,word_count,6.0
Milhouse,219,https://img.icons8.com/doodle/48/milhouse-van-houten.png,word_count,4.0
Milhouse,220,https://img.icons8.com/doodle/48/milhouse-van-houten.png,word_count,5.0
Milhouse,221,https://img.icons8.com/doodle/48/milhouse-van-houten.png,word_count,110.0
Milhouse,222,https://img.icons8.com/doodle/48/milhouse-van-houten.png,word_count,23.0
Milhouse,223,https://img.icons8.com/doodle/48/milhouse-van-houten.png,word_count,11.0
Milhouse,224,https://img.icons8.com/doodle/48/milhouse-van-houten.png,word_count,5.0
Milhouse,228,https://img.icons8.com/doodle/48/milhouse-van-houten.png,word_count,30.0
Milhouse,229,https://img.icons8.com/doodle/48/milhouse-van-houten.png,word_count,19.0
Milhouse,230,https://img.icons8.com/doodle/48/milhouse-van-houten.png,word_count,11.0
Milhouse,232,https://img.icons8.com/doodle/48/milhouse-van-houten.png,word_count,8.0
Milhouse,234,https://img.icons8.com/doodle/48/milhouse-van-houten.png,word_count,13.0
Milhouse,235,https://img.icons8.com/doodle/48/milhouse-van-houten.png,word_count,92.0
Milhouse,237,https://img.icons8.com/doodle/48/milhouse-van-houten.png,word_count,109.0
Milhouse,239,https://img.icons8.com/doodle/48/milhouse-van-houten.png,word_count,7.0
Milhouse,242,https://img.icons8.com/doodle/48/milhouse-van-houten.png,word_count,7.0
Milhouse,243,https://img.icons8.com/doodle/48/milhouse-van-houten.png,word_count,62.0
Milhouse,246,https://img.icons8.com/doodle/48/milhouse-van-houten.png,word_count,90.0
Milhouse,247,https://img.icons8.com/doodle/48/milhouse-van-houten.png,word_count,14.0
Milhouse,250,https://img.icons8.com/doodle/48/milhouse-van-houten.png,word_count,2.0
Milhouse,251,https://img.icons8.com/doodle/48/milhouse-van-houten.png,word_count,15.0
Milhouse,252,https://img.icons8.com/doodle/48/milhouse-van-houten.png,word_count,10.0
Milhouse,253,https://img.icons8.com/doodle/48/milhouse-van-houten.png,word_count,17.0
Milhouse,256,https://img.icons8.com/doodle/48/milhouse-van-houten.png,word_count,43.0
Milhouse,258,https://img.icons8.com/doodle/48/milhouse-van-houten.png,word_count,6.0
Milhouse,259,https://img.icons8.com/doodle/48/milhouse-van-houten.png,word_count,356.0
Milhouse,262,https://img.icons8.com/doodle/48/milhouse-van-houten.png,word_count,55.0
Milhouse,263,https://img.icons8.com/doodle/48/milhouse-van-houten.png,word_count,10.0
Milhouse,264,https://img.icons8.com/doodle/48/milhouse-van-houten.png,word_count,43.0
Milhouse,266,https://img.icons8.com/doodle/48/milhouse-van-houten.png,word_count,52.0
Milhouse,267,https://img.icons8.com/doodle/48/milhouse-van-houten.png,word_count,10.0
Milhouse,268,https://img.icons8.com/doodle/48/milhouse-van-houten.png,word_count,52.0
Milhouse,269,https://img.icons8.com/doodle/48/milhouse-van-houten.png,word_count,8.0
Milhouse,270,https://img.icons8.com/doodle/48/milhouse-van-houten.png,word_count,29.0
Milhouse,271,https://img.icons8.com/doodle/48/milhouse-van-houten.png,word_count,50.0
Milhouse,275,https://img.icons8.com/doodle/48/milhouse-van-houten.png,word_count,24.0
Milhouse,276,https://img.icons8.com/doodle/48/milhouse-van-houten.png,word_count,12.0
Milhouse,278,https://img.icons8.com/doodle/48/milhouse-van-houten.png,word_count,24.0
Milhouse,279,https://img.icons8.com/doodle/48/milhouse-van-houten.png,word_count,24.0
Milhouse,280,https://img.icons8.com/doodle/48/milhouse-van-houten.png,word_count,133.0
Milhouse,281,https://img.icons8.com/doodle/48/milhouse-van-houten.png,word_count,41.0
Milhouse,283,https://img.icons8.com/doodle/48/milhouse-van-houten.png,word_count,48.0
Milhouse,287,https://img.icons8.com/doodle/48/milhouse-van-houten.png,word_count,36.0
Milhouse,288,https://img.icons8.com/doodle/48/milhouse-van-houten.png,word_count,7.0
Milhouse,289,https://img.icons8.com/doodle/48/milhouse-van-houten.png,word_count,46.0
Milhouse,294,https://img.icons8.com/doodle/48/milhouse-van-houten.png,word_count,6.0
Milhouse,295,https://img.icons8.com/doodle/48/milhouse-van-houten.png,word_count,98.0
Milhouse,298,https://img.icons8.com/doodle/48/milhouse-van-houten.png,word_count,39.0
Milhouse,300,https://img.icons8.com/doodle/48/milhouse-van-houten.png,word_count,12.0
Milhouse,302,https://img.icons8.com/doodle/48/milhouse-van-houten.png,word_count,54.0
Milhouse,303,https://img.icons8.com/doodle/48/milhouse-van-houten.png,word_count,28.0
Milhouse,304,https://img.icons8.com/doodle/48/milhouse-van-houten.png,word_count,5.0
Milhouse,305,https://img.icons8.com/doodle/48/milhouse-van-houten.png,word_count,4.0
Milhouse,306,https://img.icons8.com/doodle/48/milhouse-van-houten.png,word_count,14.0
Milhouse,307,https://img.icons8.com/doodle/48/milhouse-van-houten.png,word_count,111.0
Milhouse,308,https://img.icons8.com/doodle/48/milhouse-van-houten.png,word_count,23.0
Milhouse,310,https://img.icons8.com/doodle/48/milhouse-van-houten.png,word_count,73.0
Milhouse,311,https://img.icons8.com/doodle/48/milhouse-van-houten.png,word_count,18.0
Milhouse,312,https://img.icons8.com/doodle/48/milhouse-van-houten.png,word_count,186.0
Milhouse,314,https://img.icons8.com/doodle/48/milhouse-van-houten.png,word_count,125.0
Milhouse,316,https://img.icons8.com/doodle/48/milhouse-van-houten.png,word_count,87.0
Milhouse,317,https://img.icons8.com/doodle/48/milhouse-van-houten.png,word_count,41.0
Milhouse,322,https://img.icons8.com/doodle/48/milhouse-van-houten.png,word_count,25.0
Milhouse,324,https://img.icons8.com/doodle/48/milhouse-van-houten.png,word_count,41.0
Milhouse,325,https://img.icons8.com/doodle/48/milhouse-van-houten.png,word_count,228.0
Milhouse,326,https://img.icons8.com/doodle/48/milhouse-van-houten.png,word_count,32.0
Milhouse,329,https://img.icons8.com/doodle/48/milhouse-van-houten.png,word_count,14.0
Milhouse,330,https://img.icons8.com/doodle/48/milhouse-van-houten.png,word_count,13.0
Milhouse,331,https://img.icons8.com/doodle/48/milhouse-van-houten.png,word_count,1.0
Milhouse,332,https://img.icons8.com/doodle/48/milhouse-van-houten.png,word_count,45.0
Milhouse,333,https://img.icons8.com/doodle/48/milhouse-van-houten.png,word_count,83.0
Milhouse,335,https://img.icons8.com/doodle/48/milhouse-van-houten.png,word_count,26.0
Milhouse,337,https://img.icons8.com/doodle/48/milhouse-van-houten.png,word_count,63.0
Milhouse,338,https://img.icons8.com/doodle/48/milhouse-van-houten.png,word_count,28.0
Milhouse,340,https://img.icons8.com/doodle/48/milhouse-van-houten.png,word_count,36.0
Milhouse,343,https://img.icons8.com/doodle/48/milhouse-van-houten.png,word_count,14.0
Milhouse,344,https://img.icons8.com/doodle/48/milhouse-van-houten.png,word_count,94.0
Milhouse,345,https://img.icons8.com/doodle/48/milhouse-van-houten.png,word_count,36.0
Milhouse,346,https://img.icons8.com/doodle/48/milhouse-van-houten.png,word_count,18.0
Milhouse,347,https://img.icons8.com/doodle/48/milhouse-van-houten.png,word_count,23.0
Milhouse,350,https://img.icons8.com/doodle/48/milhouse-van-houten.png,word_count,199.0
Milhouse,353,https://img.icons8.com/doodle/48/milhouse-van-houten.png,word_count,10.0
Milhouse,355,https://img.icons8.com/doodle/48/milhouse-van-houten.png,word_count,24.0
Milhouse,356,https://img.icons8.com/doodle/48/milhouse-van-houten.png,word_count,16.0
Milhouse,358,https://img.icons8.com/doodle/48/milhouse-van-houten.png,word_count,46.0
Milhouse,359,https://img.icons8.com/doodle/48/milhouse-van-houten.png,word_count,369.0
Milhouse,360,https://img.icons8.com/doodle/48/milhouse-van-houten.png,word_count,19.0
Milhouse,361,https://img.icons8.com/doodle/48/milhouse-van-houten.png,word_count,32.0
Milhouse,362,https://img.icons8.com/doodle/48/milhouse-van-houten.png,word_count,14.0
Milhouse,363,https://img.icons8.com/doodle/48/milhouse-van-houten.png,word_count,196.0
Milhouse,367,https://img.icons8.com/doodle/48/milhouse-van-houten.png,word_count,78.0
Milhouse,368,https://img.icons8.com/doodle/48/milhouse-van-houten.png,word_count,15.0
Milhouse,369,https://img.icons8.com/doodle/48/milhouse-van-houten.png,word_count,4.0
Milhouse,374,https://img.icons8.com/doodle/48/milhouse-van-houten.png,word_count,10.0
Milhouse,375,https://img.icons8.com/doodle/48/milhouse-van-houten.png,word_count,66.0
Milhouse,376,https://img.icons8.com/doodle/48/milhouse-van-houten.png,word_count,33.0
Milhouse,377,https://img.icons8.com/doodle/48/milhouse-van-houten.png,word_count,9.0
Milhouse,379,https://img.icons8.com/doodle/48/milhouse-van-houten.png,word_count,19.0
Milhouse,381,https://img.icons8.com/doodle/48/milhouse-van-houten.png,word_count,26.0
Milhouse,382,https://img.icons8.com/doodle/48/milhouse-van-houten.png,word_count,21.0
Milhouse,383,https://img.icons8.com/doodle/48/milhouse-van-houten.png,word_count,39.0
Milhouse,385,https://img.icons8.com/doodle/48/milhouse-van-houten.png,word_count,5.0
Milhouse,386,https://img.icons8.com/doodle/48/milhouse-van-houten.png,word_count,102.0
Milhouse,387,https://img.icons8.com/doodle/48/milhouse-van-houten.png,word_count,4.0
Milhouse,388,https://img.icons8.com/doodle/48/milhouse-van-houten.png,word_count,7.0
Milhouse,389,https://img.icons8.com/doodle/48/milhouse-van-houten.png,word_count,132.0
Milhouse,392,https://img.icons8.com/doodle/48/milhouse-van-houten.png,word_count,21.0
Milhouse,395,https://img.icons8.com/doodle/48/milhouse-van-houten.png,word_count,28.0
Milhouse,396,https://img.icons8.com/doodle/48/milhouse-van-houten.png,word_count,55.0
Milhouse,397,https://img.icons8.com/doodle/48/milhouse-van-houten.png,word_count,22.0
Milhouse,399,https://img.icons8.com/doodle/48/milhouse-van-houten.png,word_count,57.0
Milhouse,401,https://img.icons8.com/doodle/48/milhouse-van-houten.png,word_count,32.0
Milhouse,403,https://img.icons8.com/doodle/48/milhouse-van-houten.png,word_count,7.0
Milhouse,405,https://img.icons8.com/doodle/48/milhouse-van-houten.png,word_count,42.0
Milhouse,406,https://img.icons8.com/doodle/48/milhouse-van-houten.png,word_count,328.0
Milhouse,407,https://img.icons8.com/doodle/48/milhouse-van-houten.png,word_count,37.0
Milhouse,408,https://img.icons8.com/doodle/48/milhouse-van-houten.png,word_count,87.0
Milhouse,412,https://img.icons8.com/doodle/48/milhouse-van-houten.png,word_count,53.0
Milhouse,413,https://img.icons8.com/doodle/48/milhouse-van-houten.png,word_count,25.0
Milhouse,415,https://img.icons8.com/doodle/48/milhouse-van-houten.png,word_count,8.0
Milhouse,420,https://img.icons8.com/doodle/48/milhouse-van-houten.png,word_count,24.0
Milhouse,422,https://img.icons8.com/doodle/48/milhouse-van-houten.png,word_count,181.0
Milhouse,423,https://img.icons8.com/doodle/48/milhouse-van-houten.png,word_count,66.0
Milhouse,431,https://img.icons8.com/doodle/48/milhouse-van-houten.png,word_count,27.0
Milhouse,433,https://img.icons8.com/doodle/48/milhouse-van-houten.png,word_count,11.0
Milhouse,437,https://img.icons8.com/doodle/48/milhouse-van-houten.png,word_count,271.0
Milhouse,439,https://img.icons8.com/doodle/48/milhouse-van-houten.png,word_count,32.0
Milhouse,442,https://img.icons8.com/doodle/48/milhouse-van-houten.png,word_count,37.0
Milhouse,443,https://img.icons8.com/doodle/48/milhouse-van-houten.png,word_count,132.0
Milhouse,444,https://img.icons8.com/doodle/48/milhouse-van-houten.png,word_count,9.0
Milhouse,446,https://img.icons8.com/doodle/48/milhouse-van-houten.png,word_count,13.0
Milhouse,449,https://img.icons8.com/doodle/48/milhouse-van-houten.png,word_count,25.0
Milhouse,450,https://img.icons8.com/doodle/48/milhouse-van-houten.png,word_count,4.0
Milhouse,451,https://img.icons8.com/doodle/48/milhouse-van-houten.png,word_count,78.0
Milhouse,452,https://img.icons8.com/doodle/48/milhouse-van-houten.png,word_count,15.0
Milhouse,454,https://img.icons8.com/doodle/48/milhouse-van-houten.png,word_count,56.0
Milhouse,455,https://img.icons8.com/doodle/48/milhouse-van-houten.png,word_count,52.0
Milhouse,456,https://img.icons8.com/doodle/48/milhouse-van-houten.png,word_count,41.0
Milhouse,458,https://img.icons8.com/doodle/48/milhouse-van-houten.png,word_count,5.0
Milhouse,459,https://img.icons8.com/doodle/48/milhouse-van-houten.png,word_count,12.0
Milhouse,460,https://img.icons8.com/doodle/48/milhouse-van-houten.png,word_count,19.0
Milhouse,461,https://img.icons8.com/doodle/48/milhouse-van-houten.png,word_count,12.0
Milhouse,462,https://img.icons8.com/doodle/48/milhouse-van-houten.png,word_count,7.0
Milhouse,463,https://img.icons8.com/doodle/48/milhouse-van-houten.png,word_count,87.0
Milhouse,466,https://img.icons8.com/doodle/48/milhouse-van-houten.png,word_count,39.0
Milhouse,467,https://img.icons8.com/doodle/48/milhouse-van-houten.png,word_count,42.0
Milhouse,468,https://img.icons8.com/doodle/48/milhouse-van-houten.png,word_count,102.0
Milhouse,471,https://img.icons8.com/doodle/48/milhouse-van-houten.png,word_count,46.0
Milhouse,472,https://img.icons8.com/doodle/48/milhouse-van-houten.png,word_count,11.0
Milhouse,474,https://img.icons8.com/doodle/48/milhouse-van-houten.png,word_count,78.0
Milhouse,475,https://img.icons8.com/doodle/48/milhouse-van-houten.png,word_count,3.0
Milhouse,476,https://img.icons8.com/doodle/48/milhouse-van-houten.png,word_count,24.0
Milhouse,477,https://img.icons8.com/doodle/48/milhouse-van-houten.png,word_count,47.0
Milhouse,479,https://img.icons8.com/doodle/48/milhouse-van-houten.png,word_count,14.0
Milhouse,482,https://img.icons8.com/doodle/48/milhouse-van-houten.png,word_count,2.0
Milhouse,484,https://img.icons8.com/doodle/48/milhouse-van-houten.png,word_count,392.0
Milhouse,485,https://img.icons8.com/doodle/48/milhouse-van-houten.png,word_count,3.0
Milhouse,486,https://img.icons8.com/doodle/48/milhouse-van-houten.png,word_count,10.0
Milhouse,488,https://img.icons8.com/doodle/48/milhouse-van-houten.png,word_count,35.0
Milhouse,489,https://img.icons8.com/doodle/48/milhouse-van-houten.png,word_count,37.0
Milhouse,490,https://img.icons8.com/doodle/48/milhouse-van-houten.png,word_count,46.0
Milhouse,492,https://img.icons8.com/doodle/48/milhouse-van-houten.png,word_count,5.0
Milhouse,493,https://img.icons8.com/doodle/48/milhouse-van-houten.png,word_count,18.0
Milhouse,495,https://img.icons8.com/doodle/48/milhouse-van-houten.png,word_count,88.0
Milhouse,497,https://img.icons8.com/doodle/48/milhouse-van-houten.png,word_count,19.0
Milhouse,498,https://img.icons8.com/doodle/48/milhouse-van-houten.png,word_count,126.0
Milhouse,499,https://img.icons8.com/doodle/48/milhouse-van-houten.png,word_count,104.0
Milhouse,501,https://img.icons8.com/doodle/48/milhouse-van-houten.png,word_count,74.0
Milhouse,503,https://img.icons8.com/doodle/48/milhouse-van-houten.png,word_count,9.0
Milhouse,504,https://img.icons8.com/doodle/48/milhouse-van-houten.png,word_count,8.0
Milhouse,505,https://img.icons8.com/doodle/48/milhouse-van-houten.png,word_count,10.0
Milhouse,506,https://img.icons8.com/doodle/48/milhouse-van-houten.png,word_count,9.0
Milhouse,507,https://img.icons8.com/doodle/48/milhouse-van-houten.png,word_count,21.0
Milhouse,508,https://img.icons8.com/doodle/48/milhouse-van-houten.png,word_count,77.0
Milhouse,509,https://img.icons8.com/doodle/48/milhouse-van-houten.png,word_count,64.0
Milhouse,510,https://img.icons8.com/doodle/48/milhouse-van-houten.png,word_count,8.0
Milhouse,511,https://img.icons8.com/doodle/48/milhouse-van-houten.png,word_count,105.0
Milhouse,512,https://img.icons8.com/doodle/48/milhouse-van-houten.png,word_count,14.0
Milhouse,513,https://img.icons8.com/doodle/48/milhouse-van-houten.png,word_count,10.0
Milhouse,517,https://img.icons8.com/doodle/48/milhouse-van-houten.png,word_count,3.0
Milhouse,518,https://img.icons8.com/doodle/48/milhouse-van-houten.png,word_count,18.0
Milhouse,520,https://img.icons8.com/doodle/48/milhouse-van-houten.png,word_count,29.0
Milhouse,521,https://img.icons8.com/doodle/48/milhouse-van-houten.png,word_count,531.0
Milhouse,522,https://img.icons8.com/doodle/48/milhouse-van-houten.png,word_count,8.0
Milhouse,524,https://img.icons8.com/doodle/48/milhouse-van-houten.png,word_count,19.0
Milhouse,525,https://img.icons8.com/doodle/48/milhouse-van-houten.png,word_count,303.0
Milhouse,526,https://img.icons8.com/doodle/48/milhouse-van-houten.png,word_count,40.0
Milhouse,527,https://img.icons8.com/doodle/48/milhouse-van-houten.png,word_count,3.0
Milhouse,528,https://img.icons8.com/doodle/48/milhouse-van-houten.png,word_count,11.0
Milhouse,531,https://img.icons8.com/doodle/48/milhouse-van-houten.png,word_count,13.0
Milhouse,532,https://img.icons8.com/doodle/48/milhouse-van-houten.png,word_count,11.0
Milhouse,533,https://img.icons8.com/doodle/48/milhouse-van-houten.png,word_count,13.0
Milhouse,534,https://img.icons8.com/doodle/48/milhouse-van-houten.png,word_count,72.0
Milhouse,535,https://img.icons8.com/doodle/48/milhouse-van-houten.png,word_count,21.0
Milhouse,536,https://img.icons8.com/doodle/48/milhouse-van-houten.png,word_count,72.0
Milhouse,537,https://img.icons8.com/doodle/48/milhouse-van-houten.png,word_count,7.0
Milhouse,538,https://img.icons8.com/doodle/48/milhouse-van-houten.png,word_count,17.0
Milhouse,539,https://img.icons8.com/doodle/48/milhouse-van-houten.png,word_count,8.0
Milhouse,540,https://img.icons8.com/doodle/48/milhouse-van-houten.png,word_count,73.0
Milhouse,541,https://img.icons8.com/doodle/48/milhouse-van-houten.png,word_count,39.0
Milhouse,542,https://img.icons8.com/doodle/48/milhouse-van-houten.png,word_count,116.0
Milhouse,544,https://img.icons8.com/doodle/48/milhouse-van-houten.png,word_count,4.0
Milhouse,545,https://img.icons8.com/doodle/48/milhouse-van-houten.png,word_count,55.0
Milhouse,547,https://img.icons8.com/doodle/48/milhouse-van-houten.png,word_count,183.0
Milhouse,548,https://img.icons8.com/doodle/48/milhouse-van-houten.png,word_count,88.0
Milhouse,549,https://img.icons8.com/doodle/48/milhouse-van-houten.png,word_count,52.0
Milhouse,551,https://img.icons8.com/doodle/48/milhouse-van-houten.png,word_count,12.0
Milhouse,552,https://img.icons8.com/doodle/48/milhouse-van-houten.png,word_count,190.0
Milhouse,553,https://img.icons8.com/doodle/48/milhouse-van-houten.png,word_count,5.0
Milhouse,554,https://img.icons8.com/doodle/48/milhouse-van-houten.png,word_count,25.0
Milhouse,558,https://img.icons8.com/doodle/48/milhouse-van-houten.png,word_count,14.0
Milhouse,559,https://img.icons8.com/doodle/48/milhouse-van-houten.png,word_count,178.0
Milhouse,563,https://img.icons8.com/doodle/48/milhouse-van-houten.png,word_count,22.0
Milhouse,564,https://img.icons8.com/doodle/48/milhouse-van-houten.png,word_count,5.0
Milhouse,565,https://img.icons8.com/doodle/48/milhouse-van-houten.png,word_count,65.0
Milhouse,566,https://img.icons8.com/doodle/48/milhouse-van-houten.png,word_count,11.0
Moe,1,https://img.icons8.com/doodle/48/bartender-mo.png,word_count,26.0
Moe,3,https://img.icons8.com/doodle/48/bartender-mo.png,word_count,80.0
Moe,4,https://img.icons8.com/doodle/48/bartender-mo.png,word_count,31.0
Moe,6,https://img.icons8.com/doodle/48/bartender-mo.png,word_count,51.0
Moe,8,https://img.icons8.com/doodle/48/bartender-mo.png,word_count,27.0
Moe,10,https://img.icons8.com/doodle/48/bartender-mo.png,word_count,19.0
Moe,13,https://img.icons8.com/doodle/48/bartender-mo.png,word_count,209.0
Moe,17,https://img.icons8.com/doodle/48/bartender-mo.png,word_count,11.0
Moe,18,https://img.icons8.com/doodle/48/bartender-mo.png,word_count,22.0
Moe,21,https://img.icons8.com/doodle/48/bartender-mo.png,word_count,11.0
Moe,23,https://img.icons8.com/doodle/48/bartender-mo.png,word_count,55.0
Moe,24,https://img.icons8.com/doodle/48/bartender-mo.png,word_count,56.0
Moe,26,https://img.icons8.com/doodle/48/bartender-mo.png,word_count,30.0
Moe,27,https://img.icons8.com/doodle/48/bartender-mo.png,word_count,88.0
Moe,30,https://img.icons8.com/doodle/48/bartender-mo.png,word_count,48.0
Moe,33,https://img.icons8.com/doodle/48/bartender-mo.png,word_count,2.0
Moe,35,https://img.icons8.com/doodle/48/bartender-mo.png,word_count,68.0
Moe,36,https://img.icons8.com/doodle/48/bartender-mo.png,word_count,4.0
Moe,37,https://img.icons8.com/doodle/48/bartender-mo.png,word_count,11.0
Moe,38,https://img.icons8.com/doodle/48/bartender-mo.png,word_count,18.0
Moe,40,https://img.icons8.com/doodle/48/bartender-mo.png,word_count,31.0
Moe,41,https://img.icons8.com/doodle/48/bartender-mo.png,word_count,7.0
Moe,42,https://img.icons8.com/doodle/48/bartender-mo.png,word_count,41.0
Moe,43,https://img.icons8.com/doodle/48/bartender-mo.png,word_count,31.0
Moe,45,https://img.icons8.com/doodle/48/bartender-mo.png,word_count,674.0
Moe,46,https://img.icons8.com/doodle/48/bartender-mo.png,word_count,143.0
Moe,49,https://img.icons8.com/doodle/48/bartender-mo.png,word_count,152.0
Moe,52,https://img.icons8.com/doodle/48/bartender-mo.png,word_count,30.0
Moe,54,https://img.icons8.com/doodle/48/bartender-mo.png,word_count,23.0
Moe,55,https://img.icons8.com/doodle/48/bartender-mo.png,word_count,36.0
Moe,59,https://img.icons8.com/doodle/48/bartender-mo.png,word_count,17.0
Moe,62,https://img.icons8.com/doodle/48/bartender-mo.png,word_count,16.0
Moe,63,https://img.icons8.com/doodle/48/bartender-mo.png,word_count,2.0
Moe,67,https://img.icons8.com/doodle/48/bartender-mo.png,word_count,155.0
Moe,68,https://img.icons8.com/doodle/48/bartender-mo.png,word_count,42.0
Moe,70,https://img.icons8.com/doodle/48/bartender-mo.png,word_count,37.0
Moe,74,https://img.icons8.com/doodle/48/bartender-mo.png,word_count,9.0
Moe,75,https://img.icons8.com/doodle/48/bartender-mo.png,word_count,48.0
Moe,77,https://img.icons8.com/doodle/48/bartender-mo.png,word_count,11.0
Moe,81,https://img.icons8.com/doodle/48/bartender-mo.png,word_count,60.0
Moe,82,https://img.icons8.com/doodle/48/bartender-mo.png,word_count,43.0
Moe,83,https://img.icons8.com/doodle/48/bartender-mo.png,word_count,19.0
Moe,85,https://img.icons8.com/doodle/48/bartender-mo.png,word_count,24.0
Moe,87,https://img.icons8.com/doodle/48/bartender-mo.png,word_count,13.0
Moe,88,https://img.icons8.com/doodle/48/bartender-mo.png,word_count,54.0
Moe,89,https://img.icons8.com/doodle/48/bartender-mo.png,word_count,12.0
Moe,90,https://img.icons8.com/doodle/48/bartender-mo.png,word_count,8.0
Moe,92,https://img.icons8.com/doodle/48/bartender-mo.png,word_count,24.0
Moe,97,https://img.icons8.com/doodle/48/bartender-mo.png,word_count,59.0
Moe,98,https://img.icons8.com/doodle/48/bartender-mo.png,word_count,16.0
Moe,99,https://img.icons8.com/doodle/48/bartender-mo.png,word_count,22.0
Moe,101,https://img.icons8.com/doodle/48/bartender-mo.png,word_count,35.0
Moe,103,https://img.icons8.com/doodle/48/bartender-mo.png,word_count,250.0
Moe,106,https://img.icons8.com/doodle/48/bartender-mo.png,word_count,62.0
Moe,108,https://img.icons8.com/doodle/48/bartender-mo.png,word_count,35.0
Moe,109,https://img.icons8.com/doodle/48/bartender-mo.png,word_count,104.0
Moe,110,https://img.icons8.com/doodle/48/bartender-mo.png,word_count,8.0
Moe,111,https://img.icons8.com/doodle/48/bartender-mo.png,word_count,85.0
Moe,112,https://img.icons8.com/doodle/48/bartender-mo.png,word_count,40.0
Moe,114,https://img.icons8.com/doodle/48/bartender-mo.png,word_count,128.0
Moe,115,https://img.icons8.com/doodle/48/bartender-mo.png,word_count,96.0
Moe,116,https://img.icons8.com/doodle/48/bartender-mo.png,word_count,10.0
Moe,117,https://img.icons8.com/doodle/48/bartender-mo.png,word_count,112.0
Moe,120,https://img.icons8.com/doodle/48/bartender-mo.png,word_count,64.0
Moe,121,https://img.icons8.com/doodle/48/bartender-mo.png,word_count,36.0
Moe,122,https://img.icons8.com/doodle/48/bartender-mo.png,word_count,24.0
Moe,124,https://img.icons8.com/doodle/48/bartender-mo.png,word_count,76.0
Moe,125,https://img.icons8.com/doodle/48/bartender-mo.png,word_count,13.0
Moe,126,https://img.icons8.com/doodle/48/bartender-mo.png,word_count,100.0
Moe,128,https://img.icons8.com/doodle/48/bartender-mo.png,word_count,27.0
Moe,129,https://img.icons8.com/doodle/48/bartender-mo.png,word_count,79.0
Moe,130,https://img.icons8.com/doodle/48/bartender-mo.png,word_count,102.0
Moe,132,https://img.icons8.com/doodle/48/bartender-mo.png,word_count,495.0
Moe,137,https://img.icons8.com/doodle/48/bartender-mo.png,word_count,1.0
Moe,140,https://img.icons8.com/doodle/48/bartender-mo.png,word_count,313.0
Moe,141,https://img.icons8.com/doodle/48/bartender-mo.png,word_count,2.0
Moe,143,https://img.icons8.com/doodle/48/bartender-mo.png,word_count,5.0
Moe,144,https://img.icons8.com/doodle/48/bartender-mo.png,word_count,74.0
Moe,145,https://img.icons8.com/doodle/48/bartender-mo.png,word_count,88.0
Moe,148,https://img.icons8.com/doodle/48/bartender-mo.png,word_count,17.0
Moe,149,https://img.icons8.com/doodle/48/bartender-mo.png,word_count,87.0
Moe,151,https://img.icons8.com/doodle/48/bartender-mo.png,word_count,66.0
Moe,155,https://img.icons8.com/doodle/48/bartender-mo.png,word_count,2.0
Moe,156,https://img.icons8.com/doodle/48/bartender-mo.png,word_count,738.0
Moe,157,https://img.icons8.com/doodle/48/bartender-mo.png,word_count,16.0
Moe,158,https://img.icons8.com/doodle/48/bartender-mo.png,word_count,22.0
Moe,161,https://img.icons8.com/doodle/48/bartender-mo.png,word_count,33.0
Moe,162,https://img.icons8.com/doodle/48/bartender-mo.png,word_count,13.0
Moe,163,https://img.icons8.com/doodle/48/bartender-mo.png,word_count,81.0
Moe,164,https://img.icons8.com/doodle/48/bartender-mo.png,word_count,21.0
Moe,166,https://img.icons8.com/doodle/48/bartender-mo.png,word_count,26.0
Moe,167,https://img.icons8.com/doodle/48/bartender-mo.png,word_count,15.0
Moe,168,https://img.icons8.com/doodle/48/bartender-mo.png,word_count,253.0
Moe,170,https://img.icons8.com/doodle/48/bartender-mo.png,word_count,12.0
Moe,171,https://img.icons8.com/doodle/48/bartender-mo.png,word_count,125.0
Moe,173,https://img.icons8.com/doodle/48/bartender-mo.png,word_count,20.0
Moe,174,https://img.icons8.com/doodle/48/bartender-mo.png,word_count,13.0
Moe,175,https://img.icons8.com/doodle/48/bartender-mo.png,word_count,83.0
Moe,176,https://img.icons8.com/doodle/48/bartender-mo.png,word_count,90.0
Moe,177,https://img.icons8.com/doodle/48/bartender-mo.png,word_count,313.0
Moe,179,https://img.icons8.com/doodle/48/bartender-mo.png,word_count,90.0
Moe,181,https://img.icons8.com/doodle/48/bartender-mo.png,word_count,21.0
Moe,182,https://img.icons8.com/doodle/48/bartender-mo.png,word_count,37.0
Moe,183,https://img.icons8.com/doodle/48/bartender-mo.png,word_count,124.0
Moe,185,https://img.icons8.com/doodle/48/bartender-mo.png,word_count,81.0
Moe,186,https://img.icons8.com/doodle/48/bartender-mo.png,word_count,80.0
Moe,187,https://img.icons8.com/doodle/48/bartender-mo.png,word_count,65.0
Moe,188,https://img.icons8.com/doodle/48/bartender-mo.png,word_count,85.0
Moe,191,https://img.icons8.com/doodle/48/bartender-mo.png,word_count,88.0
Moe,193,https://img.icons8.com/doodle/48/bartender-mo.png,word_count,46.0
Moe,194,https://img.icons8.com/doodle/48/bartender-mo.png,word_count,1232.0
Moe,197,https://img.icons8.com/doodle/48/bartender-mo.png,word_count,107.0
Moe,198,https://img.icons8.com/doodle/48/bartender-mo.png,word_count,70.0
Moe,200,https://img.icons8.com/doodle/48/bartender-mo.png,word_count,84.0
Moe,202,https://img.icons8.com/doodle/48/bartender-mo.png,word_count,11.0
Moe,203,https://img.icons8.com/doodle/48/bartender-mo.png,word_count,19.0
Moe,205,https://img.icons8.com/doodle/48/bartender-mo.png,word_count,34.0
Moe,206,https://img.icons8.com/doodle/48/bartender-mo.png,word_count,18.0
Moe,207,https://img.icons8.com/doodle/48/bartender-mo.png,word_count,39.0
Moe,208,https://img.icons8.com/doodle/48/bartender-mo.png,word_count,89.0
Moe,211,https://img.icons8.com/doodle/48/bartender-mo.png,word_count,66.0
Moe,212,https://img.icons8.com/doodle/48/bartender-mo.png,word_count,94.0
Moe,213,https://img.icons8.com/doodle/48/bartender-mo.png,word_count,9.0
Moe,214,https://img.icons8.com/doodle/48/bartender-mo.png,word_count,29.0
Moe,215,https://img.icons8.com/doodle/48/bartender-mo.png,word_count,72.0
Moe,216,https://img.icons8.com/doodle/48/bartender-mo.png,word_count,49.0
Moe,217,https://img.icons8.com/doodle/48/bartender-mo.png,word_count,106.0
Moe,218,https://img.icons8.com/doodle/48/bartender-mo.png,word_count,32.0
Moe,219,https://img.icons8.com/doodle/48/bartender-mo.png,word_count,54.0
Moe,222,https://img.icons8.com/doodle/48/bartender-mo.png,word_count,54.0
Moe,223,https://img.icons8.com/doodle/48/bartender-mo.png,word_count,25.0
Moe,224,https://img.icons8.com/doodle/48/bartender-mo.png,word_count,28.0
Moe,225,https://img.icons8.com/doodle/48/bartender-mo.png,word_count,53.0
Moe,226,https://img.icons8.com/doodle/48/bartender-mo.png,word_count,13.0
Moe,227,https://img.icons8.com/doodle/48/bartender-mo.png,word_count,15.0
Moe,228,https://img.icons8.com/doodle/48/bartender-mo.png,word_count,42.0
Moe,231,https://img.icons8.com/doodle/48/bartender-mo.png,word_count,64.0
Moe,232,https://img.icons8.com/doodle/48/bartender-mo.png,word_count,38.0
Moe,234,https://img.icons8.com/doodle/48/bartender-mo.png,word_count,30.0
Moe,235,https://img.icons8.com/doodle/48/bartender-mo.png,word_count,41.0
Moe,236,https://img.icons8.com/doodle/48/bartender-mo.png,word_count,52.0
Moe,238,https://img.icons8.com/doodle/48/bartender-mo.png,word_count,109.0
Moe,239,https://img.icons8.com/doodle/48/bartender-mo.png,word_count,35.0
Moe,240,https://img.icons8.com/doodle/48/bartender-mo.png,word_count,96.0
Moe,242,https://img.icons8.com/doodle/48/bartender-mo.png,word_count,886.0
Moe,243,https://img.icons8.com/doodle/48/bartender-mo.png,word_count,12.0
Moe,244,https://img.icons8.com/doodle/48/bartender-mo.png,word_count,193.0
Moe,247,https://img.icons8.com/doodle/48/bartender-mo.png,word_count,37.0
Moe,248,https://img.icons8.com/doodle/48/bartender-mo.png,word_count,39.0
Moe,249,https://img.icons8.com/doodle/48/bartender-mo.png,word_count,12.0
Moe,250,https://img.icons8.com/doodle/48/bartender-mo.png,word_count,48.0
Moe,251,https://img.icons8.com/doodle/48/bartender-mo.png,word_count,6.0
Moe,252,https://img.icons8.com/doodle/48/bartender-mo.png,word_count,58.0
Moe,253,https://img.icons8.com/doodle/48/bartender-mo.png,word_count,6.0
Moe,254,https://img.icons8.com/doodle/48/bartender-mo.png,word_count,45.0
Moe,257,https://img.icons8.com/doodle/48/bartender-mo.png,word_count,73.0
Moe,258,https://img.icons8.com/doodle/48/bartender-mo.png,word_count,43.0
Moe,259,https://img.icons8.com/doodle/48/bartender-mo.png,word_count,54.0
Moe,260,https://img.icons8.com/doodle/48/bartender-mo.png,word_count,19.0
Moe,261,https://img.icons8.com/doodle/48/bartender-mo.png,word_count,89.0
Moe,262,https://img.icons8.com/doodle/48/bartender-mo.png,word_count,12.0
Moe,263,https://img.icons8.com/doodle/48/bartender-mo.png,word_count,37.0
Moe,265,https://img.icons8.com/doodle/48/bartender-mo.png,word_count,13.0
Moe,266,https://img.icons8.com/doodle/48/bartender-mo.png,word_count,44.0
Moe,267,https://img.icons8.com/doodle/48/bartender-mo.png,word_count,29.0
Moe,268,https://img.icons8.com/doodle/48/bartender-mo.png,word_count,13.0
Moe,269,https://img.icons8.com/doodle/48/bartender-mo.png,word_count,95.0
Moe,270,https://img.icons8.com/doodle/48/bartender-mo.png,word_count,14.0
Moe,271,https://img.icons8.com/doodle/48/bartender-mo.png,word_count,33.0
Moe,272,https://img.icons8.com/doodle/48/bartender-mo.png,word_count,760.0
Moe,274,https://img.icons8.com/doodle/48/bartender-mo.png,word_count,416.0
Moe,276,https://img.icons8.com/doodle/48/bartender-mo.png,word_count,27.0
Moe,277,https://img.icons8.com/doodle/48/bartender-mo.png,word_count,42.0
Moe,278,https://img.icons8.com/doodle/48/bartender-mo.png,word_count,56.0
Moe,279,https://img.icons8.com/doodle/48/bartender-mo.png,word_count,40.0
Moe,280,https://img.icons8.com/doodle/48/bartender-mo.png,word_count,25.0
Moe,283,https://img.icons8.com/doodle/48/bartender-mo.png,word_count,200.0
Moe,285,https://img.icons8.com/doodle/48/bartender-mo.png,word_count,87.0
Moe,286,https://img.icons8.com/doodle/48/bartender-mo.png,word_count,12.0
Moe,287,https://img.icons8.com/doodle/48/bartender-mo.png,word_count,19.0
Moe,288,https://img.icons8.com/doodle/48/bartender-mo.png,word_count,32.0
Moe,290,https://img.icons8.com/doodle/48/bartender-mo.png,word_count,92.0
Moe,291,https://img.icons8.com/doodle/48/bartender-mo.png,word_count,25.0
Moe,292,https://img.icons8.com/doodle/48/bartender-mo.png,word_count,27.0
Moe,293,https://img.icons8.com/doodle/48/bartender-mo.png,word_count,92.0
Moe,295,https://img.icons8.com/doodle/48/bartender-mo.png,word_count,31.0
Moe,296,https://img.icons8.com/doodle/48/bartender-mo.png,word_count,87.0
Moe,297,https://img.icons8.com/doodle/48/bartender-mo.png,word_count,24.0
Moe,299,https://img.icons8.com/doodle/48/bartender-mo.png,word_count,65.0
Moe,300,https://img.icons8.com/doodle/48/bartender-mo.png,word_count,53.0
Moe,301,https://img.icons8.com/doodle/48/bartender-mo.png,word_count,107.0
Moe,303,https://img.icons8.com/doodle/48/bartender-mo.png,word_count,43.0
Moe,304,https://img.icons8.com/doodle/48/bartender-mo.png,word_count,54.0
Moe,305,https://img.icons8.com/doodle/48/bartender-mo.png,word_count,16.0
Moe,306,https://img.icons8.com/doodle/48/bartender-mo.png,word_count,32.0
Moe,307,https://img.icons8.com/doodle/48/bartender-mo.png,word_count,43.0
Moe,308,https://img.icons8.com/doodle/48/bartender-mo.png,word_count,45.0
Moe,309,https://img.icons8.com/doodle/48/bartender-mo.png,word_count,47.0
Moe,310,https://img.icons8.com/doodle/48/bartender-mo.png,word_count,43.0
Moe,311,https://img.icons8.com/doodle/48/bartender-mo.png,word_count,80.0
Moe,312,https://img.icons8.com/doodle/48/bartender-mo.png,word_count,16.0
Moe,313,https://img.icons8.com/doodle/48/bartender-mo.png,word_count,1068.0
Moe,314,https://img.icons8.com/doodle/48/bartender-mo.png,word_count,36.0
Moe,315,https://img.icons8.com/doodle/48/bartender-mo.png,word_count,27.0
Moe,317,https://img.icons8.com/doodle/48/bartender-mo.png,word_count,39.0
Moe,319,https://img.icons8.com/doodle/48/bartender-mo.png,word_count,23.0
Moe,320,https://img.icons8.com/doodle/48/bartender-mo.png,word_count,27.0
Moe,321,https://img.icons8.com/doodle/48/bartender-mo.png,word_count,25.0
Moe,322,https://img.icons8.com/doodle/48/bartender-mo.png,word_count,20.0
Moe,323,https://img.icons8.com/doodle/48/bartender-mo.png,word_count,39.0
Moe,324,https://img.icons8.com/doodle/48/bartender-mo.png,word_count,54.0
Moe,325,https://img.icons8.com/doodle/48/bartender-mo.png,word_count,21.0
Moe,326,https://img.icons8.com/doodle/48/bartender-mo.png,word_count,21.0
Moe,327,https://img.icons8.com/doodle/48/bartender-mo.png,word_count,90.0
Moe,328,https://img.icons8.com/doodle/48/bartender-mo.png,word_count,173.0
Moe,329,https://img.icons8.com/doodle/48/bartender-mo.png,word_count,17.0
Moe,330,https://img.icons8.com/doodle/48/bartender-mo.png,word_count,47.0
Moe,331,https://img.icons8.com/doodle/48/bartender-mo.png,word_count,11.0
Moe,332,https://img.icons8.com/doodle/48/bartender-mo.png,word_count,10.0
Moe,333,https://img.icons8.com/doodle/48/bartender-mo.png,word_count,96.0
Moe,334,https://img.icons8.com/doodle/48/bartender-mo.png,word_count,52.0
Moe,335,https://img.icons8.com/doodle/48/bartender-mo.png,word_count,7.0
Moe,337,https://img.icons8.com/doodle/48/bartender-mo.png,word_count,24.0
Moe,338,https://img.icons8.com/doodle/48/bartender-mo.png,word_count,17.0
Moe,339,https://img.icons8.com/doodle/48/bartender-mo.png,word_count,23.0
Moe,340,https://img.icons8.com/doodle/48/bartender-mo.png,word_count,19.0
Moe,341,https://img.icons8.com/doodle/48/bartender-mo.png,word_count,33.0
Moe,342,https://img.icons8.com/doodle/48/bartender-mo.png,word_count,748.0
Moe,343,https://img.icons8.com/doodle/48/bartender-mo.png,word_count,37.0
Moe,345,https://img.icons8.com/doodle/48/bartender-mo.png,word_count,69.0
Moe,348,https://img.icons8.com/doodle/48/bartender-mo.png,word_count,6.0
Moe,349,https://img.icons8.com/doodle/48/bartender-mo.png,word_count,21.0
Moe,350,https://img.icons8.com/doodle/48/bartender-mo.png,word_count,78.0
Moe,351,https://img.icons8.com/doodle/48/bartender-mo.png,word_count,40.0
Moe,354,https://img.icons8.com/doodle/48/bartender-mo.png,word_count,90.0
Moe,355,https://img.icons8.com/doodle/48/bartender-mo.png,word_count,27.0
Moe,357,https://img.icons8.com/doodle/48/bartender-mo.png,word_count,50.0
Moe,360,https://img.icons8.com/doodle/48/bartender-mo.png,word_count,132.0
Moe,361,https://img.icons8.com/doodle/48/bartender-mo.png,word_count,277.0
Moe,362,https://img.icons8.com/doodle/48/bartender-mo.png,word_count,58.0
Moe,363,https://img.icons8.com/doodle/48/bartender-mo.png,word_count,12.0
Moe,365,https://img.icons8.com/doodle/48/bartender-mo.png,word_count,38.0
Moe,366,https://img.icons8.com/doodle/48/bartender-mo.png,word_count,64.0
Moe,367,https://img.icons8.com/doodle/48/bartender-mo.png,word_count,51.0
Moe,368,https://img.icons8.com/doodle/48/bartender-mo.png,word_count,48.0
Moe,369,https://img.icons8.com/doodle/48/bartender-mo.png,word_count,560.0
Moe,371,https://img.icons8.com/doodle/48/bartender-mo.png,word_count,20.0
Moe,373,https://img.icons8.com/doodle/48/bartender-mo.png,word_count,13.0
Moe,374,https://img.icons8.com/doodle/48/bartender-mo.png,word_count,174.0
Moe,376,https://img.icons8.com/doodle/48/bartender-mo.png,word_count,61.0
Moe,377,https://img.icons8.com/doodle/48/bartender-mo.png,word_count,20.0
Moe,378,https://img.icons8.com/doodle/48/bartender-mo.png,word_count,91.0
Moe,379,https://img.icons8.com/doodle/48/bartender-mo.png,word_count,55.0
Moe,380,https://img.icons8.com/doodle/48/bartender-mo.png,word_count,31.0
Moe,382,https://img.icons8.com/doodle/48/bartender-mo.png,word_count,18.0
Moe,383,https://img.icons8.com/doodle/48/bartender-mo.png,word_count,90.0
Moe,384,https://img.icons8.com/doodle/48/bartender-mo.png,word_count,789.0
Moe,385,https://img.icons8.com/doodle/48/bartender-mo.png,word_count,55.0
Moe,386,https://img.icons8.com/doodle/48/bartender-mo.png,word_count,8.0
Moe,387,https://img.icons8.com/doodle/48/bartender-mo.png,word_count,29.0
Moe,388,https://img.icons8.com/doodle/48/bartender-mo.png,word_count,58.0
Moe,390,https://img.icons8.com/doodle/48/bartender-mo.png,word_count,3.0
Moe,391,https://img.icons8.com/doodle/48/bartender-mo.png,word_count,155.0
Moe,393,https://img.icons8.com/doodle/48/bartender-mo.png,word_count,17.0
Moe,394,https://img.icons8.com/doodle/48/bartender-mo.png,word_count,33.0
Moe,395,https://img.icons8.com/doodle/48/bartender-mo.png,word_count,155.0
Moe,396,https://img.icons8.com/doodle/48/bartender-mo.png,word_count,81.0
Moe,397,https://img.icons8.com/doodle/48/bartender-mo.png,word_count,275.0
Moe,399,https://img.icons8.com/doodle/48/bartender-mo.png,word_count,13.0
Moe,402,https://img.icons8.com/doodle/48/bartender-mo.png,word_count,10.0
Moe,403,https://img.icons8.com/doodle/48/bartender-mo.png,word_count,77.0
Moe,404,https://img.icons8.com/doodle/48/bartender-mo.png,word_count,11.0
Moe,405,https://img.icons8.com/doodle/48/bartender-mo.png,word_count,13.0
Moe,408,https://img.icons8.com/doodle/48/bartender-mo.png,word_count,53.0
Moe,409,https://img.icons8.com/doodle/48/bartender-mo.png,word_count,175.0
Moe,410,https://img.icons8.com/doodle/48/bartender-mo.png,word_count,38.0
Moe,411,https://img.icons8.com/doodle/48/bartender-mo.png,word_count,31.0
Moe,412,https://img.icons8.com/doodle/48/bartender-mo.png,word_count,87.0
Moe,414,https://img.icons8.com/doodle/48/bartender-mo.png,word_count,3.0
Moe,416,https://img.icons8.com/doodle/48/bartender-mo.png,word_count,66.0
Moe,419,https://img.icons8.com/doodle/48/bartender-mo.png,word_count,50.0
Moe,420,https://img.icons8.com/doodle/48/bartender-mo.png,word_count,2.0
Moe,421,https://img.icons8.com/doodle/48/bartender-mo.png,word_count,11.0
Moe,422,https://img.icons8.com/doodle/48/bartender-mo.png,word_count,14.0
Moe,423,https://img.icons8.com/doodle/48/bartender-mo.png,word_count,39.0
Moe,426,https://img.icons8.com/doodle/48/bartender-mo.png,word_count,84.0
Moe,427,https://img.icons8.com/doodle/48/bartender-mo.png,word_count,48.0
Moe,428,https://img.icons8.com/doodle/48/bartender-mo.png,word_count,105.0
Moe,430,https://img.icons8.com/doodle/48/bartender-mo.png,word_count,20.0
Moe,432,https://img.icons8.com/doodle/48/bartender-mo.png,word_count,98.0
Moe,434,https://img.icons8.com/doodle/48/bartender-mo.png,word_count,106.0
Moe,435,https://img.icons8.com/doodle/48/bartender-mo.png,word_count,34.0
Moe,436,https://img.icons8.com/doodle/48/bartender-mo.png,word_count,1147.0
Moe,438,https://img.icons8.com/doodle/48/bartender-mo.png,word_count,50.0
Moe,442,https://img.icons8.com/doodle/48/bartender-mo.png,word_count,11.0
Moe,443,https://img.icons8.com/doodle/48/bartender-mo.png,word_count,22.0
Moe,444,https://img.icons8.com/doodle/48/bartender-mo.png,word_count,67.0
Moe,445,https://img.icons8.com/doodle/48/bartender-mo.png,word_count,395.0
Moe,448,https://img.icons8.com/doodle/48/bartender-mo.png,word_count,148.0
Moe,450,https://img.icons8.com/doodle/48/bartender-mo.png,word_count,16.0
Moe,451,https://img.icons8.com/doodle/48/bartender-mo.png,word_count,32.0
Moe,452,https://img.icons8.com/doodle/48/bartender-mo.png,word_count,31.0
Moe,453,https://img.icons8.com/doodle/48/bartender-mo.png,word_count,22.0
Moe,455,https://img.icons8.com/doodle/48/bartender-mo.png,word_count,10.0
Moe,458,https://img.icons8.com/doodle/48/bartender-mo.png,word_count,79.0
Moe,459,https://img.icons8.com/doodle/48/bartender-mo.png,word_count,9.0
Moe,460,https://img.icons8.com/doodle/48/bartender-mo.png,word_count,15.0
Moe,461,https://img.icons8.com/doodle/48/bartender-mo.png,word_count,15.0
Moe,462,https://img.icons8.com/doodle/48/bartender-mo.png,word_count,619.0
Moe,464,https://img.icons8.com/doodle/48/bartender-mo.png,word_count,675.0
Moe,465,https://img.icons8.com/doodle/48/bartender-mo.png,word_count,20.0
Moe,467,https://img.icons8.com/doodle/48/bartender-mo.png,word_count,62.0
Moe,468,https://img.icons8.com/doodle/48/bartender-mo.png,word_count,7.0
Moe,469,https://img.icons8.com/doodle/48/bartender-mo.png,word_count,13.0
Moe,471,https://img.icons8.com/doodle/48/bartender-mo.png,word_count,73.0
Moe,472,https://img.icons8.com/doodle/48/bartender-mo.png,word_count,261.0
Moe,473,https://img.icons8.com/doodle/48/bartender-mo.png,word_count,150.0
Moe,474,https://img.icons8.com/doodle/48/bartender-mo.png,word_count,27.0
Moe,475,https://img.icons8.com/doodle/48/bartender-mo.png,word_count,711.0
Moe,477,https://img.icons8.com/doodle/48/bartender-mo.png,word_count,221.0
Moe,479,https://img.icons8.com/doodle/48/bartender-mo.png,word_count,17.0
Moe,480,https://img.icons8.com/doodle/48/bartender-mo.png,word_count,10.0
Moe,481,https://img.icons8.com/doodle/48/bartender-mo.png,word_count,55.0
Moe,484,https://img.icons8.com/doodle/48/bartender-mo.png,word_count,16.0
Moe,486,https://img.icons8.com/doodle/48/bartender-mo.png,word_count,40.0
Moe,487,https://img.icons8.com/doodle/48/bartender-mo.png,word_count,78.0
Moe,489,https://img.icons8.com/doodle/48/bartender-mo.png,word_count,24.0
Moe,490,https://img.icons8.com/doodle/48/bartender-mo.png,word_count,23.0
Moe,492,https://img.icons8.com/doodle/48/bartender-mo.png,word_count,181.0
Moe,494,https://img.icons8.com/doodle/48/bartender-mo.png,word_count,31.0
Moe,495,https://img.icons8.com/doodle/48/bartender-mo.png,word_count,16.0
Moe,496,https://img.icons8.com/doodle/48/bartender-mo.png,word_count,8.0
Moe,498,https://img.icons8.com/doodle/48/bartender-mo.png,word_count,170.0
Moe,499,https://img.icons8.com/doodle/48/bartender-mo.png,word_count,18.0
Moe,500,https://img.icons8.com/doodle/48/bartender-mo.png,word_count,36.0
Moe,501,https://img.icons8.com/doodle/48/bartender-mo.png,word_count,36.0
Moe,502,https://img.icons8.com/doodle/48/bartender-mo.png,word_count,23.0
Moe,503,https://img.icons8.com/doodle/48/bartender-mo.png,word_count,95.0
Moe,504,https://img.icons8.com/doodle/48/bartender-mo.png,word_count,12.0
Moe,505,https://img.icons8.com/doodle/48/bartender-mo.png,word_count,11.0
Moe,506,https://img.icons8.com/doodle/48/bartender-mo.png,word_count,41.0
Moe,507,https://img.icons8.com/doodle/48/bartender-mo.png,word_count,30.0
Moe,508,https://img.icons8.com/doodle/48/bartender-mo.png,word_count,36.0
Moe,509,https://img.icons8.com/doodle/48/bartender-mo.png,word_count,30.0
Moe,511,https://img.icons8.com/doodle/48/bartender-mo.png,word_count,62.0
Moe,512,https://img.icons8.com/doodle/48/bartender-mo.png,word_count,67.0
Moe,513,https://img.icons8.com/doodle/48/bartender-mo.png,word_count,148.0
Moe,514,https://img.icons8.com/doodle/48/bartender-mo.png,word_count,153.0
Moe,515,https://img.icons8.com/doodle/48/bartender-mo.png,word_count,13.0
Moe,517,https://img.icons8.com/doodle/48/bartender-mo.png,word_count,38.0
Moe,518,https://img.icons8.com/doodle/48/bartender-mo.png,word_count,7.0
Moe,519,https://img.icons8.com/doodle/48/bartender-mo.png,word_count,18.0
Moe,521,https://img.icons8.com/doodle/48/bartender-mo.png,word_count,35.0
Moe,522,https://img.icons8.com/doodle/48/bartender-mo.png,word_count,19.0
Moe,524,https://img.icons8.com/doodle/48/bartender-mo.png,word_count,82.0
Moe,525,https://img.icons8.com/doodle/48/bartender-mo.png,word_count,98.0
Moe,526,https://img.icons8.com/doodle/48/bartender-mo.png,word_count,92.0
Moe,527,https://img.icons8.com/doodle/48/bartender-mo.png,word_count,705.0
Moe,528,https://img.icons8.com/doodle/48/bartender-mo.png,word_count,75.0
Moe,529,https://img.icons8.com/doodle/48/bartender-mo.png,word_count,554.0
Moe,530,https://img.icons8.com/doodle/48/bartender-mo.png,word_count,56.0
Moe,531,https://img.icons8.com/doodle/48/bartender-mo.png,word_count,33.0
Moe,532,https://img.icons8.com/doodle/48/bartender-mo.png,word_count,164.0
Moe,534,https://img.icons8.com/doodle/48/bartender-mo.png,word_count,22.0
Moe,535,https://img.icons8.com/doodle/48/bartender-mo.png,word_count,46.0
Moe,538,https://img.icons8.com/doodle/48/bartender-mo.png,word_count,23.0
Moe,541,https://img.icons8.com/doodle/48/bartender-mo.png,word_count,153.0
Moe,544,https://img.icons8.com/doodle/48/bartender-mo.png,word_count,30.0
Moe,545,https://img.icons8.com/doodle/48/bartender-mo.png,word_count,11.0
Moe,547,https://img.icons8.com/doodle/48/bartender-mo.png,word_count,63.0
Moe,548,https://img.icons8.com/doodle/48/bartender-mo.png,word_count,115.0
Moe,549,https://img.icons8.com/doodle/48/bartender-mo.png,word_count,170.0
Moe,554,https://img.icons8.com/doodle/48/bartender-mo.png,word_count,13.0
Moe,555,https://img.icons8.com/doodle/48/bartender-mo.png,word_count,54.0
Moe,557,https://img.icons8.com/doodle/48/bartender-mo.png,word_count,11.0
Moe,558,https://img.icons8.com/doodle/48/bartender-mo.png,word_count,32.0
Moe,560,https://img.icons8.com/doodle/48/bartender-mo.png,word_count,69.0
Moe,561,https://img.icons8.com/doodle/48/bartender-mo.png,word_count,299.0
Moe,565,https://img.icons8.com/doodle/48/bartender-mo.png,word_count,111.0
Moe,566,https://img.icons8.com/doodle/48/bartender-mo.png,word_count,663.0
Moe,567,https://img.icons8.com/doodle/48/bartender-mo.png,word_count,657.0
Mr. Burns,1,https://img.icons8.com/doodle/48/charles-montgomery-burns.png,word_count,46.0
Mr. Burns,3,https://img.icons8.com/doodle/48/charles-montgomery-burns.png,word_count,182.0
Mr. Burns,4,https://img.icons8.com/doodle/48/charles-montgomery-burns.png,word_count,203.0
Mr. Burns,8,https://img.icons8.com/doodle/48/charles-montgomery-burns.png,word_count,25.0
Mr. Burns,10,https://img.icons8.com/doodle/48/charles-montgomery-burns.png,word_count,194.0
Mr. Burns,14,https://img.icons8.com/doodle/48/charles-montgomery-burns.png,word_count,21.0
Mr. Burns,15,https://img.icons8.com/doodle/48/charles-montgomery-burns.png,word_count,456.0
Mr. Burns,17,https://img.icons8.com/doodle/48/charles-montgomery-burns.png,word_count,1000.0
Mr. Burns,18,https://img.icons8.com/doodle/48/charles-montgomery-burns.png,word_count,236.0
Mr. Burns,20,https://img.icons8.com/doodle/48/charles-montgomery-burns.png,word_count,34.0
Mr. Burns,23,https://img.icons8.com/doodle/48/charles-montgomery-burns.png,word_count,534.0
Mr. Burns,24,https://img.icons8.com/doodle/48/charles-montgomery-burns.png,word_count,41.0
Mr. Burns,26,https://img.icons8.com/doodle/48/charles-montgomery-burns.png,word_count,149.0
Mr. Burns,30,https://img.icons8.com/doodle/48/charles-montgomery-burns.png,word_count,44.0
Mr. Burns,31,https://img.icons8.com/doodle/48/charles-montgomery-burns.png,word_count,398.0
Mr. Burns,35,https://img.icons8.com/doodle/48/charles-montgomery-burns.png,word_count,679.0
Mr. Burns,36,https://img.icons8.com/doodle/48/charles-montgomery-burns.png,word_count,99.0
Mr. Burns,37,https://img.icons8.com/doodle/48/charles-montgomery-burns.png,word_count,17.0
Mr. Burns,38,https://img.icons8.com/doodle/48/charles-montgomery-burns.png,word_count,186.0
Mr. Burns,39,https://img.icons8.com/doodle/48/charles-montgomery-burns.png,word_count,23.0
Mr. Burns,40,https://img.icons8.com/doodle/48/charles-montgomery-burns.png,word_count,468.0
Mr. Burns,42,https://img.icons8.com/doodle/48/charles-montgomery-burns.png,word_count,384.0
Mr. Burns,43,https://img.icons8.com/doodle/48/charles-montgomery-burns.png,word_count,113.0
Mr. Burns,46,https://img.icons8.com/doodle/48/charles-montgomery-burns.png,word_count,575.0
Mr. Burns,47,https://img.icons8.com/doodle/48/charles-montgomery-burns.png,word_count,70.0
Mr. Burns,52,https://img.icons8.com/doodle/48/charles-montgomery-burns.png,word_count,922.0
Mr. Burns,54,https://img.icons8.com/doodle/48/charles-montgomery-burns.png,word_count,213.0
Mr. Burns,59,https://img.icons8.com/doodle/48/charles-montgomery-burns.png,word_count,217.0
Mr. Burns,64,https://img.icons8.com/doodle/48/charles-montgomery-burns.png,word_count,262.0
Mr. Burns,66,https://img.icons8.com/doodle/48/charles-montgomery-burns.png,word_count,374.0
Mr. Burns,70,https://img.icons8.com/doodle/48/charles-montgomery-burns.png,word_count,111.0
Mr. Burns,71,https://img.icons8.com/doodle/48/charles-montgomery-burns.png,word_count,68.0
Mr. Burns,76,https://img.icons8.com/doodle/48/charles-montgomery-burns.png,word_count,544.0
Mr. Burns,77,https://img.icons8.com/doodle/48/charles-montgomery-burns.png,word_count,47.0
Mr. Burns,80,https://img.icons8.com/doodle/48/charles-montgomery-burns.png,word_count,28.0
Mr. Burns,81,https://img.icons8.com/doodle/48/charles-montgomery-burns.png,word_count,5.0
Mr. Burns,84,https://img.icons8.com/doodle/48/charles-montgomery-burns.png,word_count,252.0
Mr. Burns,85,https://img.icons8.com/doodle/48/charles-montgomery-burns.png,word_count,632.0
Mr. Burns,86,https://img.icons8.com/doodle/48/charles-montgomery-burns.png,word_count,70.0
Mr. Burns,87,https://img.icons8.com/doodle/48/charles-montgomery-burns.png,word_count,25.0
Mr. Burns,88,https://img.icons8.com/doodle/48/charles-montgomery-burns.png,word_count,19.0
Mr. Burns,90,https://img.icons8.com/doodle/48/charles-montgomery-burns.png,word_count,137.0
Mr. Burns,91,https://img.icons8.com/doodle/48/charles-montgomery-burns.png,word_count,256.0
Mr. Burns,93,https://img.icons8.com/doodle/48/charles-montgomery-burns.png,word_count,1.0
Mr. Burns,95,https://img.icons8.com/doodle/48/charles-montgomery-burns.png,word_count,9.0
Mr. Burns,96,https://img.icons8.com/doodle/48/charles-montgomery-burns.png,word_count,82.0
Mr. Burns,97,https://img.icons8.com/doodle/48/charles-montgomery-burns.png,word_count,27.0
Mr. Burns,98,https://img.icons8.com/doodle/48/charles-montgomery-burns.png,word_count,14.0
Mr. Burns,99,https://img.icons8.com/doodle/48/charles-montgomery-burns.png,word_count,800.0
Mr. Burns,102,https://img.icons8.com/doodle/48/charles-montgomery-burns.png,word_count,308.0
Mr. Burns,103,https://img.icons8.com/doodle/48/charles-montgomery-burns.png,word_count,2.0
Mr. Burns,106,https://img.icons8.com/doodle/48/charles-montgomery-burns.png,word_count,43.0
Mr. Burns,108,https://img.icons8.com/doodle/48/charles-montgomery-burns.png,word_count,44.0
Mr. Burns,109,https://img.icons8.com/doodle/48/charles-montgomery-burns.png,word_count,106.0
Mr. Burns,115,https://img.icons8.com/doodle/48/charles-montgomery-burns.png,word_count,26.0
Mr. Burns,116,https://img.icons8.com/doodle/48/charles-montgomery-burns.png,word_count,64.0
Mr. Burns,121,https://img.icons8.com/doodle/48/charles-montgomery-burns.png,word_count,219.0
Mr. Burns,122,https://img.icons8.com/doodle/48/charles-montgomery-burns.png,word_count,15.0
Mr. Burns,123,https://img.icons8.com/doodle/48/charles-montgomery-burns.png,word_count,445.0
Mr. Burns,125,https://img.icons8.com/doodle/48/charles-montgomery-burns.png,word_count,4.0
Mr. Burns,128,https://img.icons8.com/doodle/48/charles-montgomery-burns.png,word_count,639.0
Mr. Burns,129,https://img.icons8.com/doodle/48/charles-montgomery-burns.png,word_count,277.0
Mr. Burns,133,https://img.icons8.com/doodle/48/charles-montgomery-burns.png,word_count,22.0
Mr. Burns,135,https://img.icons8.com/doodle/48/charles-montgomery-burns.png,word_count,170.0
Mr. Burns,136,https://img.icons8.com/doodle/48/charles-montgomery-burns.png,word_count,195.0
Mr. Burns,138,https://img.icons8.com/doodle/48/charles-montgomery-burns.png,word_count,230.0
Mr. Burns,140,https://img.icons8.com/doodle/48/charles-montgomery-burns.png,word_count,388.0
Mr. Burns,142,https://img.icons8.com/doodle/48/charles-montgomery-burns.png,word_count,194.0
Mr. Burns,145,https://img.icons8.com/doodle/48/charles-montgomery-burns.png,word_count,927.0
Mr. Burns,149,https://img.icons8.com/doodle/48/charles-montgomery-burns.png,word_count,105.0
Mr. Burns,150,https://img.icons8.com/doodle/48/charles-montgomery-burns.png,word_count,360.0
Mr. Burns,152,https://img.icons8.com/doodle/48/charles-montgomery-burns.png,word_count,18.0
Mr. Burns,155,https://img.icons8.com/doodle/48/charles-montgomery-burns.png,word_count,2.0
Mr. Burns,157,https://img.icons8.com/doodle/48/charles-montgomery-burns.png,word_count,643.0
Mr. Burns,158,https://img.icons8.com/doodle/48/charles-montgomery-burns.png,word_count,16.0
Mr. Burns,160,https://img.icons8.com/doodle/48/charles-montgomery-burns.png,word_count,15.0
Mr. Burns,163,https://img.icons8.com/doodle/48/charles-montgomery-burns.png,word_count,101.0
Mr. Burns,164,https://img.icons8.com/doodle/48/charles-montgomery-burns.png,word_count,7.0
Mr. Burns,165,https://img.icons8.com/doodle/48/charles-montgomery-burns.png,word_count,936.0
Mr. Burns,166,https://img.icons8.com/doodle/48/charles-montgomery-burns.png,word_count,42.0
Mr. Burns,173,https://img.icons8.com/doodle/48/charles-montgomery-burns.png,word_count,28.0
Mr. Burns,174,https://img.icons8.com/doodle/48/charles-montgomery-burns.png,word_count,1154.0
Mr. Burns,176,https://img.icons8.com/doodle/48/charles-montgomery-burns.png,word_count,217.0
Mr. Burns,182,https://img.icons8.com/doodle/48/charles-montgomery-burns.png,word_count,17.0
Mr. Burns,184,https://img.icons8.com/doodle/48/charles-montgomery-burns.png,word_count,3.0
Mr. Burns,186,https://img.icons8.com/doodle/48/charles-montgomery-burns.png,word_count,36.0
Mr. Burns,188,https://img.icons8.com/doodle/48/charles-montgomery-burns.png,word_count,7.0
Mr. Burns,191,https://img.icons8.com/doodle/48/charles-montgomery-burns.png,word_count,111.0
Mr. Burns,196,https://img.icons8.com/doodle/48/charles-montgomery-burns.png,word_count,31.0
Mr. Burns,197,https://img.icons8.com/doodle/48/charles-montgomery-burns.png,word_count,44.0
Mr. Burns,198,https://img.icons8.com/doodle/48/charles-montgomery-burns.png,word_count,628.0
Mr. Burns,199,https://img.icons8.com/doodle/48/charles-montgomery-burns.png,word_count,12.0
Mr. Burns,200,https://img.icons8.com/doodle/48/charles-montgomery-burns.png,word_count,1.0
Mr. Burns,201,https://img.icons8.com/doodle/48/charles-montgomery-burns.png,word_count,21.0
Mr. Burns,202,https://img.icons8.com/doodle/48/charles-montgomery-burns.png,word_count,24.0
Mr. Burns,206,https://img.icons8.com/doodle/48/charles-montgomery-burns.png,word_count,34.0
Mr. Burns,209,https://img.icons8.com/doodle/48/charles-montgomery-burns.png,word_count,112.0
Mr. Burns,213,https://img.icons8.com/doodle/48/charles-montgomery-burns.png,word_count,19.0
Mr. Burns,216,https://img.icons8.com/doodle/48/charles-montgomery-burns.png,word_count,30.0
Mr. Burns,220,https://img.icons8.com/doodle/48/charles-montgomery-burns.png,word_count,52.0
Mr. Burns,222,https://img.icons8.com/doodle/48/charles-montgomery-burns.png,word_count,48.0
Mr. Burns,223,https://img.icons8.com/doodle/48/charles-montgomery-burns.png,word_count,17.0
Mr. Burns,224,https://img.icons8.com/doodle/48/charles-montgomery-burns.png,word_count,803.0
Mr. Burns,226,https://img.icons8.com/doodle/48/charles-montgomery-burns.png,word_count,9.0
Mr. Burns,228,https://img.icons8.com/doodle/48/charles-montgomery-burns.png,word_count,19.0
Mr. Burns,229,https://img.icons8.com/doodle/48/charles-montgomery-burns.png,word_count,37.0
Mr. Burns,232,https://img.icons8.com/doodle/48/charles-montgomery-burns.png,word_count,21.0
Mr. Burns,235,https://img.icons8.com/doodle/48/charles-montgomery-burns.png,word_count,39.0
Mr. Burns,238,https://img.icons8.com/doodle/48/charles-montgomery-burns.png,word_count,342.0
Mr. Burns,241,https://img.icons8.com/doodle/48/charles-montgomery-burns.png,word_count,80.0
Mr. Burns,245,https://img.icons8.com/doodle/48/charles-montgomery-burns.png,word_count,36.0
Mr. Burns,250,https://img.icons8.com/doodle/48/charles-montgomery-burns.png,word_count,26.0
Mr. Burns,253,https://img.icons8.com/doodle/48/charles-montgomery-burns.png,word_count,470.0
Mr. Burns,254,https://img.icons8.com/doodle/48/charles-montgomery-burns.png,word_count,61.0
Mr. Burns,256,https://img.icons8.com/doodle/48/charles-montgomery-burns.png,word_count,4.0
Mr. Burns,257,https://img.icons8.com/doodle/48/charles-montgomery-burns.png,word_count,34.0
Mr. Burns,260,https://img.icons8.com/doodle/48/charles-montgomery-burns.png,word_count,14.0
Mr. Burns,262,https://img.icons8.com/doodle/48/charles-montgomery-burns.png,word_count,10.0
Mr. Burns,268,https://img.icons8.com/doodle/48/charles-montgomery-burns.png,word_count,25.0
Mr. Burns,270,https://img.icons8.com/doodle/48/charles-montgomery-burns.png,word_count,25.0
Mr. Burns,273,https://img.icons8.com/doodle/48/charles-montgomery-burns.png,word_count,735.0
Mr. Burns,274,https://img.icons8.com/doodle/48/charles-montgomery-burns.png,word_count,252.0
Mr. Burns,275,https://img.icons8.com/doodle/48/charles-montgomery-burns.png,word_count,130.0
Mr. Burns,276,https://img.icons8.com/doodle/48/charles-montgomery-burns.png,word_count,45.0
Mr. Burns,277,https://img.icons8.com/doodle/48/charles-montgomery-burns.png,word_count,28.0
Mr. Burns,278,https://img.icons8.com/doodle/48/charles-montgomery-burns.png,word_count,21.0
Mr. Burns,285,https://img.icons8.com/doodle/48/charles-montgomery-burns.png,word_count,305.0
Mr. Burns,286,https://img.icons8.com/doodle/48/charles-montgomery-burns.png,word_count,50.0
Mr. Burns,291,https://img.icons8.com/doodle/48/charles-montgomery-burns.png,word_count,19.0
Mr. Burns,292,https://img.icons8.com/doodle/48/charles-montgomery-burns.png,word_count,2.0
Mr. Burns,295,https://img.icons8.com/doodle/48/charles-montgomery-burns.png,word_count,13.0
Mr. Burns,296,https://img.icons8.com/doodle/48/charles-montgomery-burns.png,word_count,9.0
Mr. Burns,299,https://img.icons8.com/doodle/48/charles-montgomery-burns.png,word_count,19.0
Mr. Burns,301,https://img.icons8.com/doodle/48/charles-montgomery-burns.png,word_count,27.0
Mr. Burns,305,https://img.icons8.com/doodle/48/charles-montgomery-burns.png,word_count,59.0
Mr. Burns,306,https://img.icons8.com/doodle/48/charles-montgomery-burns.png,word_count,511.0
Mr. Burns,309,https://img.icons8.com/doodle/48/charles-montgomery-burns.png,word_count,17.0
Mr. Burns,311,https://img.icons8.com/doodle/48/charles-montgomery-burns.png,word_count,38.0
Mr. Burns,312,https://img.icons8.com/doodle/48/charles-montgomery-burns.png,word_count,12.0
Mr. Burns,313,https://img.icons8.com/doodle/48/charles-montgomery-burns.png,word_count,9.0
Mr. Burns,315,https://img.icons8.com/doodle/48/charles-montgomery-burns.png,word_count,141.0
Mr. Burns,317,https://img.icons8.com/doodle/48/charles-montgomery-burns.png,word_count,95.0
Mr. Burns,318,https://img.icons8.com/doodle/48/charles-montgomery-burns.png,word_count,6.0
Mr. Burns,320,https://img.icons8.com/doodle/48/charles-montgomery-burns.png,word_count,73.0
Mr. Burns,321,https://img.icons8.com/doodle/48/charles-montgomery-burns.png,word_count,21.0
Mr. Burns,323,https://img.icons8.com/doodle/48/charles-montgomery-burns.png,word_count,18.0
Mr. Burns,325,https://img.icons8.com/doodle/48/charles-montgomery-burns.png,word_count,53.0
Mr. Burns,329,https://img.icons8.com/doodle/48/charles-montgomery-burns.png,word_count,25.0
Mr. Burns,332,https://img.icons8.com/doodle/48/charles-montgomery-burns.png,word_count,233.0
Mr. Burns,335,https://img.icons8.com/doodle/48/charles-montgomery-burns.png,word_count,589.0
Mr. Burns,336,https://img.icons8.com/doodle/48/charles-montgomery-burns.png,word_count,115.0
Mr. Burns,340,https://img.icons8.com/doodle/48/charles-montgomery-burns.png,word_count,72.0
Mr. Burns,341,https://img.icons8.com/doodle/48/charles-montgomery-burns.png,word_count,331.0
Mr. Burns,343,https://img.icons8.com/doodle/48/charles-montgomery-burns.png,word_count,96.0
Mr. Burns,347,https://img.icons8.com/doodle/48/charles-montgomery-burns.png,word_count,65.0
Mr. Burns,349,https://img.icons8.com/doodle/48/charles-montgomery-burns.png,word_count,188.0
Mr. Burns,350,https://img.icons8.com/doodle/48/charles-montgomery-burns.png,word_count,64.0
Mr. Burns,357,https://img.icons8.com/doodle/48/charles-montgomery-burns.png,word_count,27.0
Mr. Burns,360,https://img.icons8.com/doodle/48/charles-montgomery-burns.png,word_count,104.0
Mr. Burns,363,https://img.icons8.com/doodle/48/charles-montgomery-burns.png,word_count,139.0
Mr. Burns,364,https://img.icons8.com/doodle/48/charles-montgomery-burns.png,word_count,111.0
Mr. Burns,365,https://img.icons8.com/doodle/48/charles-montgomery-burns.png,word_count,172.0
Mr. Burns,369,https://img.icons8.com/doodle/48/charles-montgomery-burns.png,word_count,370.0
Mr. Burns,370,https://img.icons8.com/doodle/48/charles-montgomery-burns.png,word_count,3.0
Mr. Burns,373,https://img.icons8.com/doodle/48/charles-montgomery-burns.png,word_count,356.0
Mr. Burns,374,https://img.icons8.com/doodle/48/charles-montgomery-burns.png,word_count,55.0
Mr. Burns,383,https://img.icons8.com/doodle/48/charles-montgomery-burns.png,word_count,12.0
Mr. Burns,385,https://img.icons8.com/doodle/48/charles-montgomery-burns.png,word_count,99.0
Mr. Burns,387,https://img.icons8.com/doodle/48/charles-montgomery-burns.png,word_count,63.0
Mr. Burns,389,https://img.icons8.com/doodle/48/charles-montgomery-burns.png,word_count,93.0
Mr. Burns,390,https://img.icons8.com/doodle/48/charles-montgomery-burns.png,word_count,5.0
Mr. Burns,391,https://img.icons8.com/doodle/48/charles-montgomery-burns.png,word_count,69.0
Mr. Burns,394,https://img.icons8.com/doodle/48/charles-montgomery-burns.png,word_count,1.0
Mr. Burns,395,https://img.icons8.com/doodle/48/charles-montgomery-burns.png,word_count,6.0
Mr. Burns,396,https://img.icons8.com/doodle/48/charles-montgomery-burns.png,word_count,9.0
Mr. Burns,397,https://img.icons8.com/doodle/48/charles-montgomery-burns.png,word_count,107.0
Mr. Burns,399,https://img.icons8.com/doodle/48/charles-montgomery-burns.png,word_count,18.0
Mr. Burns,400,https://img.icons8.com/doodle/48/charles-montgomery-burns.png,word_count,11.0
Mr. Burns,401,https://img.icons8.com/doodle/48/charles-montgomery-burns.png,word_count,196.0
Mr. Burns,402,https://img.icons8.com/doodle/48/charles-montgomery-burns.png,word_count,86.0
Mr. Burns,405,https://img.icons8.com/doodle/48/charles-montgomery-burns.png,word_count,30.0
Mr. Burns,410,https://img.icons8.com/doodle/48/charles-montgomery-burns.png,word_count,38.0
Mr. Burns,419,https://img.icons8.com/doodle/48/charles-montgomery-burns.png,word_count,76.0
Mr. Burns,420,https://img.icons8.com/doodle/48/charles-montgomery-burns.png,word_count,71.0
Mr. Burns,421,https://img.icons8.com/doodle/48/charles-montgomery-burns.png,word_count,16.0
Mr. Burns,423,https://img.icons8.com/doodle/48/charles-montgomery-burns.png,word_count,198.0
Mr. Burns,428,https://img.icons8.com/doodle/48/charles-montgomery-burns.png,word_count,560.0
Mr. Burns,430,https://img.icons8.com/doodle/48/charles-montgomery-burns.png,word_count,68.0
Mr. Burns,431,https://img.icons8.com/doodle/48/charles-montgomery-burns.png,word_count,1.0
Mr. Burns,432,https://img.icons8.com/doodle/48/charles-montgomery-burns.png,word_count,23.0
Mr. Burns,433,https://img.icons8.com/doodle/48/charles-montgomery-burns.png,word_count,147.0
Mr. Burns,444,https://img.icons8.com/doodle/48/charles-montgomery-burns.png,word_count,46.0
Mr. Burns,446,https://img.icons8.com/doodle/48/charles-montgomery-burns.png,word_count,83.0
Mr. Burns,450,https://img.icons8.com/doodle/48/charles-montgomery-burns.png,word_count,38.0
Mr. Burns,451,https://img.icons8.com/doodle/48/charles-montgomery-burns.png,word_count,172.0
Mr. Burns,452,https://img.icons8.com/doodle/48/charles-montgomery-burns.png,word_count,35.0
Mr. Burns,453,https://img.icons8.com/doodle/48/charles-montgomery-burns.png,word_count,56.0
Mr. Burns,454,https://img.icons8.com/doodle/48/charles-montgomery-burns.png,word_count,189.0
Mr. Burns,458,https://img.icons8.com/doodle/48/charles-montgomery-burns.png,word_count,810.0
Mr. Burns,461,https://img.icons8.com/doodle/48/charles-montgomery-burns.png,word_count,29.0
Mr. Burns,464,https://img.icons8.com/doodle/48/charles-montgomery-burns.png,word_count,6.0
Mr. Burns,467,https://img.icons8.com/doodle/48/charles-montgomery-burns.png,word_count,19.0
Mr. Burns,470,https://img.icons8.com/doodle/48/charles-montgomery-burns.png,word_count,473.0
Mr. Burns,471,https://img.icons8.com/doodle/48/charles-montgomery-burns.png,word_count,25.0
Mr. Burns,472,https://img.icons8.com/doodle/48/charles-montgomery-burns.png,word_count,123.0
Mr. Burns,473,https://img.icons8.com/doodle/48/charles-montgomery-burns.png,word_count,9.0
Mr. Burns,475,https://img.icons8.com/doodle/48/charles-montgomery-burns.png,word_count,188.0
Mr. Burns,477,https://img.icons8.com/doodle/48/charles-montgomery-burns.png,word_count,55.0
Mr. Burns,479,https://img.icons8.com/doodle/48/charles-montgomery-burns.png,word_count,10.0
Mr. Burns,480,https://img.icons8.com/doodle/48/charles-montgomery-burns.png,word_count,8.0
Mr. Burns,481,https://img.icons8.com/doodle/48/charles-montgomery-burns.png,word_count,68.0
Mr. Burns,486,https://img.icons8.com/doodle/48/charles-montgomery-burns.png,word_count,3.0
Mr. Burns,487,https://img.icons8.com/doodle/48/charles-montgomery-burns.png,word_count,35.0
Mr. Burns,490,https://img.icons8.com/doodle/48/charles-montgomery-burns.png,word_count,59.0
Mr. Burns,493,https://img.icons8.com/doodle/48/charles-montgomery-burns.png,word_count,296.0
Mr. Burns,495,https://img.icons8.com/doodle/48/charles-montgomery-burns.png,word_count,3.0
Mr. Burns,496,https://img.icons8.com/doodle/48/charles-montgomery-burns.png,word_count,22.0
Mr. Burns,500,https://img.icons8.com/doodle/48/charles-montgomery-burns.png,word_count,16.0
Mr. Burns,501,https://img.icons8.com/doodle/48/charles-montgomery-burns.png,word_count,14.0
Mr. Burns,502,https://img.icons8.com/doodle/48/charles-montgomery-burns.png,word_count,123.0
Mr. Burns,503,https://img.icons8.com/doodle/48/charles-montgomery-burns.png,word_count,323.0
Mr. Burns,506,https://img.icons8.com/doodle/48/charles-montgomery-burns.png,word_count,70.0
Mr. Burns,509,https://img.icons8.com/doodle/48/charles-montgomery-burns.png,word_count,11.0
Mr. Burns,514,https://img.icons8.com/doodle/48/charles-montgomery-burns.png,word_count,14.0
Mr. Burns,515,https://img.icons8.com/doodle/48/charles-montgomery-burns.png,word_count,74.0
Mr. Burns,516,https://img.icons8.com/doodle/48/charles-montgomery-burns.png,word_count,305.0
Mr. Burns,518,https://img.icons8.com/doodle/48/charles-montgomery-burns.png,word_count,81.0
Mr. Burns,522,https://img.icons8.com/doodle/48/charles-montgomery-burns.png,word_count,466.0
Mr. Burns,523,https://img.icons8.com/doodle/48/charles-montgomery-burns.png,word_count,22.0
Mr. Burns,524,https://img.icons8.com/doodle/48/charles-montgomery-burns.png,word_count,428.0
Mr. Burns,531,https://img.icons8.com/doodle/48/charles-montgomery-burns.png,word_count,50.0
Mr. Burns,532,https://img.icons8.com/doodle/48/charles-montgomery-burns.png,word_count,177.0
Mr. Burns,533,https://img.icons8.com/doodle/48/charles-montgomery-burns.png,word_count,363.0
Mr. Burns,536,https://img.icons8.com/doodle/48/charles-montgomery-burns.png,word_count,117.0
Mr. Burns,541,https://img.icons8.com/doodle/48/charles-montgomery-burns.png,word_count,121.0
Mr. Burns,542,https://img.icons8.com/doodle/48/charles-montgomery-burns.png,word_count,5.0
Mr. Burns,548,https://img.icons8.com/doodle/48/charles-montgomery-burns.png,word_count,2.0
Mr. Burns,555,https://img.icons8.com/doodle/48/charles-montgomery-burns.png,word_count,56.0
Mr. Burns,556,https://img.icons8.com/doodle/48/charles-montgomery-burns.png,word_count,64.0
Mr. Burns,557,https://img.icons8.com/doodle/48/charles-montgomery-burns.png,word_count,629.0
Mr. Burns,558,https://img.icons8.com/doodle/48/charles-montgomery-burns.png,word_count,6.0
Mr. Burns,561,https://img.icons8.com/doodle/48/charles-montgomery-burns.png,word_count,41.0
Mr. Burns,563,https://img.icons8.com/doodle/48/charles-montgomery-burns.png,word_count,7.0
Mr. Burns,564,https://img.icons8.com/doodle/48/charles-montgomery-burns.png,word_count,429.0
Mr. Burns,565,https://img.icons8.com/doodle/48/charles-montgomery-burns.png,word_count,4.0
Mr. Burns,566,https://img.icons8.com/doodle/48/charles-montgomery-burns.png,word_count,107.0
Mr. Burns,567,https://img.icons8.com/doodle/48/charles-montgomery-burns.png,word_count,346.0
Apu,12,https://static.simpsonswiki.com/images/0/08/Tapped_Out_Apu_Icon_-_Happy.png,sentence_count,6.0
Apu,26,https://static.simpsonswiki.com/images/0/08/Tapped_Out_Apu_Icon_-_Happy.png,sentence_count,7.0
Apu,27,https://static.simpsonswiki.com/images/0/08/Tapped_Out_Apu_Icon_-_Happy.png,sentence_count,2.0
Apu,29,https://static.simpsonswiki.com/images/0/08/Tapped_Out_Apu_Icon_-_Happy.png,sentence_count,1.0
Apu,31,https://static.simpsonswiki.com/images/0/08/Tapped_Out_Apu_Icon_-_Happy.png,sentence_count,3.0
Apu,34,https://static.simpsonswiki.com/images/0/08/Tapped_Out_Apu_Icon_-_Happy.png,sentence_count,2.0
Apu,36,https://static.simpsonswiki.com/images/0/08/Tapped_Out_Apu_Icon_-_Happy.png,sentence_count,2.0
Apu,40,https://static.simpsonswiki.com/images/0/08/Tapped_Out_Apu_Icon_-_Happy.png,sentence_count,2.0
Apu,41,https://static.simpsonswiki.com/images/0/08/Tapped_Out_Apu_Icon_-_Happy.png,sentence_count,3.0
Apu,42,https://static.simpsonswiki.com/images/0/08/Tapped_Out_Apu_Icon_-_Happy.png,sentence_count,1.0
Apu,43,https://static.simpsonswiki.com/images/0/08/Tapped_Out_Apu_Icon_-_Happy.png,sentence_count,22.0
Apu,48,https://static.simpsonswiki.com/images/0/08/Tapped_Out_Apu_Icon_-_Happy.png,sentence_count,1.0
Apu,51,https://static.simpsonswiki.com/images/0/08/Tapped_Out_Apu_Icon_-_Happy.png,sentence_count,2.0
Apu,52,https://static.simpsonswiki.com/images/0/08/Tapped_Out_Apu_Icon_-_Happy.png,sentence_count,1.0
Apu,53,https://static.simpsonswiki.com/images/0/08/Tapped_Out_Apu_Icon_-_Happy.png,sentence_count,1.0
Apu,54,https://static.simpsonswiki.com/images/0/08/Tapped_Out_Apu_Icon_-_Happy.png,sentence_count,3.0
Apu,57,https://static.simpsonswiki.com/images/0/08/Tapped_Out_Apu_Icon_-_Happy.png,sentence_count,2.0
Apu,61,https://static.simpsonswiki.com/images/0/08/Tapped_Out_Apu_Icon_-_Happy.png,sentence_count,5.0
Apu,62,https://static.simpsonswiki.com/images/0/08/Tapped_Out_Apu_Icon_-_Happy.png,sentence_count,8.0
Apu,67,https://static.simpsonswiki.com/images/0/08/Tapped_Out_Apu_Icon_-_Happy.png,sentence_count,2.0
Apu,68,https://static.simpsonswiki.com/images/0/08/Tapped_Out_Apu_Icon_-_Happy.png,sentence_count,1.0
Apu,70,https://static.simpsonswiki.com/images/0/08/Tapped_Out_Apu_Icon_-_Happy.png,sentence_count,2.0
Apu,71,https://static.simpsonswiki.com/images/0/08/Tapped_Out_Apu_Icon_-_Happy.png,sentence_count,5.0
Apu,74,https://static.simpsonswiki.com/images/0/08/Tapped_Out_Apu_Icon_-_Happy.png,sentence_count,5.0
Apu,79,https://static.simpsonswiki.com/images/0/08/Tapped_Out_Apu_Icon_-_Happy.png,sentence_count,1.0
Apu,80,https://static.simpsonswiki.com/images/0/08/Tapped_Out_Apu_Icon_-_Happy.png,sentence_count,11.0
Apu,82,https://static.simpsonswiki.com/images/0/08/Tapped_Out_Apu_Icon_-_Happy.png,sentence_count,16.0
Apu,85,https://static.simpsonswiki.com/images/0/08/Tapped_Out_Apu_Icon_-_Happy.png,sentence_count,2.0
Apu,87,https://static.simpsonswiki.com/images/0/08/Tapped_Out_Apu_Icon_-_Happy.png,sentence_count,1.0
Apu,88,https://static.simpsonswiki.com/images/0/08/Tapped_Out_Apu_Icon_-_Happy.png,sentence_count,3.0
Apu,89,https://static.simpsonswiki.com/images/0/08/Tapped_Out_Apu_Icon_-_Happy.png,sentence_count,4.0
Apu,91,https://static.simpsonswiki.com/images/0/08/Tapped_Out_Apu_Icon_-_Happy.png,sentence_count,1.0
Apu,92,https://static.simpsonswiki.com/images/0/08/Tapped_Out_Apu_Icon_-_Happy.png,sentence_count,2.0
Apu,93,https://static.simpsonswiki.com/images/0/08/Tapped_Out_Apu_Icon_-_Happy.png,sentence_count,1.0
Apu,94,https://static.simpsonswiki.com/images/0/08/Tapped_Out_Apu_Icon_-_Happy.png,sentence_count,72.0
Apu,100,https://static.simpsonswiki.com/images/0/08/Tapped_Out_Apu_Icon_-_Happy.png,sentence_count,3.0
Apu,101,https://static.simpsonswiki.com/images/0/08/Tapped_Out_Apu_Icon_-_Happy.png,sentence_count,2.0
Apu,102,https://static.simpsonswiki.com/images/0/08/Tapped_Out_Apu_Icon_-_Happy.png,sentence_count,1.0
Apu,103,https://static.simpsonswiki.com/images/0/08/Tapped_Out_Apu_Icon_-_Happy.png,sentence_count,3.0
Apu,111,https://static.simpsonswiki.com/images/0/08/Tapped_Out_Apu_Icon_-_Happy.png,sentence_count,8.0
Apu,112,https://static.simpsonswiki.com/images/0/08/Tapped_Out_Apu_Icon_-_Happy.png,sentence_count,1.0
Apu,116,https://static.simpsonswiki.com/images/0/08/Tapped_Out_Apu_Icon_-_Happy.png,sentence_count,1.0
Apu,117,https://static.simpsonswiki.com/images/0/08/Tapped_Out_Apu_Icon_-_Happy.png,sentence_count,1.0
Apu,118,https://static.simpsonswiki.com/images/0/08/Tapped_Out_Apu_Icon_-_Happy.png,sentence_count,1.0
Apu,121,https://static.simpsonswiki.com/images/0/08/Tapped_Out_Apu_Icon_-_Happy.png,sentence_count,1.0
Apu,126,https://static.simpsonswiki.com/images/0/08/Tapped_Out_Apu_Icon_-_Happy.png,sentence_count,2.0
Apu,128,https://static.simpsonswiki.com/images/0/08/Tapped_Out_Apu_Icon_-_Happy.png,sentence_count,1.0
Apu,129,https://static.simpsonswiki.com/images/0/08/Tapped_Out_Apu_Icon_-_Happy.png,sentence_count,1.0
Apu,132,https://static.simpsonswiki.com/images/0/08/Tapped_Out_Apu_Icon_-_Happy.png,sentence_count,1.0
Apu,133,https://static.simpsonswiki.com/images/0/08/Tapped_Out_Apu_Icon_-_Happy.png,sentence_count,14.0
Apu,138,https://static.simpsonswiki.com/images/0/08/Tapped_Out_Apu_Icon_-_Happy.png,sentence_count,1.0
Apu,140,https://static.simpsonswiki.com/images/0/08/Tapped_Out_Apu_Icon_-_Happy.png,sentence_count,11.0
Apu,141,https://static.simpsonswiki.com/images/0/08/Tapped_Out_Apu_Icon_-_Happy.png,sentence_count,3.0
Apu,142,https://static.simpsonswiki.com/images/0/08/Tapped_Out_Apu_Icon_-_Happy.png,sentence_count,3.0
Apu,143,https://static.simpsonswiki.com/images/0/08/Tapped_Out_Apu_Icon_-_Happy.png,sentence_count,1.0
Apu,144,https://static.simpsonswiki.com/images/0/08/Tapped_Out_Apu_Icon_-_Happy.png,sentence_count,2.0
Apu,146,https://static.simpsonswiki.com/images/0/08/Tapped_Out_Apu_Icon_-_Happy.png,sentence_count,1.0
Apu,149,https://static.simpsonswiki.com/images/0/08/Tapped_Out_Apu_Icon_-_Happy.png,sentence_count,11.0
Apu,151,https://static.simpsonswiki.com/images/0/08/Tapped_Out_Apu_Icon_-_Happy.png,sentence_count,48.0
Apu,153,https://static.simpsonswiki.com/images/0/08/Tapped_Out_Apu_Icon_-_Happy.png,sentence_count,3.0
Apu,155,https://static.simpsonswiki.com/images/0/08/Tapped_Out_Apu_Icon_-_Happy.png,sentence_count,2.0
Apu,158,https://static.simpsonswiki.com/images/0/08/Tapped_Out_Apu_Icon_-_Happy.png,sentence_count,1.0
Apu,160,https://static.simpsonswiki.com/images/0/08/Tapped_Out_Apu_Icon_-_Happy.png,sentence_count,4.0
Apu,161,https://static.simpsonswiki.com/images/0/08/Tapped_Out_Apu_Icon_-_Happy.png,sentence_count,4.0
Apu,166,https://static.simpsonswiki.com/images/0/08/Tapped_Out_Apu_Icon_-_Happy.png,sentence_count,4.0
Apu,171,https://static.simpsonswiki.com/images/0/08/Tapped_Out_Apu_Icon_-_Happy.png,sentence_count,1.0
Apu,172,https://static.simpsonswiki.com/images/0/08/Tapped_Out_Apu_Icon_-_Happy.png,sentence_count,1.0
Apu,180,https://static.simpsonswiki.com/images/0/08/Tapped_Out_Apu_Icon_-_Happy.png,sentence_count,1.0
Apu,181,https://static.simpsonswiki.com/images/0/08/Tapped_Out_Apu_Icon_-_Happy.png,sentence_count,5.0
Apu,183,https://static.simpsonswiki.com/images/0/08/Tapped_Out_Apu_Icon_-_Happy.png,sentence_count,1.0
Apu,184,https://static.simpsonswiki.com/images/0/08/Tapped_Out_Apu_Icon_-_Happy.png,sentence_count,1.0
Apu,185,https://static.simpsonswiki.com/images/0/08/Tapped_Out_Apu_Icon_-_Happy.png,sentence_count,67.0
Apu,188,https://static.simpsonswiki.com/images/0/08/Tapped_Out_Apu_Icon_-_Happy.png,sentence_count,4.0
Apu,191,https://static.simpsonswiki.com/images/0/08/Tapped_Out_Apu_Icon_-_Happy.png,sentence_count,1.0
Apu,193,https://static.simpsonswiki.com/images/0/08/Tapped_Out_Apu_Icon_-_Happy.png,sentence_count,1.0
Apu,195,https://static.simpsonswiki.com/images/0/08/Tapped_Out_Apu_Icon_-_Happy.png,sentence_count,16.0
Apu,197,https://static.simpsonswiki.com/images/0/08/Tapped_Out_Apu_Icon_-_Happy.png,sentence_count,3.0
Apu,198,https://static.simpsonswiki.com/images/0/08/Tapped_Out_Apu_Icon_-_Happy.png,sentence_count,1.0
Apu,199,https://static.simpsonswiki.com/images/0/08/Tapped_Out_Apu_Icon_-_Happy.png,sentence_count,1.0
Apu,200,https://static.simpsonswiki.com/images/0/08/Tapped_Out_Apu_Icon_-_Happy.png,sentence_count,1.0
Apu,201,https://static.simpsonswiki.com/images/0/08/Tapped_Out_Apu_Icon_-_Happy.png,sentence_count,3.0
Apu,204,https://static.simpsonswiki.com/images/0/08/Tapped_Out_Apu_Icon_-_Happy.png,sentence_count,4.0
Apu,206,https://static.simpsonswiki.com/images/0/08/Tapped_Out_Apu_Icon_-_Happy.png,sentence_count,2.0
Apu,207,https://static.simpsonswiki.com/images/0/08/Tapped_Out_Apu_Icon_-_Happy.png,sentence_count,4.0
Apu,208,https://static.simpsonswiki.com/images/0/08/Tapped_Out_Apu_Icon_-_Happy.png,sentence_count,6.0
Apu,215,https://static.simpsonswiki.com/images/0/08/Tapped_Out_Apu_Icon_-_Happy.png,sentence_count,1.0
Apu,217,https://static.simpsonswiki.com/images/0/08/Tapped_Out_Apu_Icon_-_Happy.png,sentence_count,35.0
Apu,224,https://static.simpsonswiki.com/images/0/08/Tapped_Out_Apu_Icon_-_Happy.png,sentence_count,2.0
Apu,228,https://static.simpsonswiki.com/images/0/08/Tapped_Out_Apu_Icon_-_Happy.png,sentence_count,3.0
Apu,231,https://static.simpsonswiki.com/images/0/08/Tapped_Out_Apu_Icon_-_Happy.png,sentence_count,1.0
Apu,233,https://static.simpsonswiki.com/images/0/08/Tapped_Out_Apu_Icon_-_Happy.png,sentence_count,80.0
Apu,234,https://static.simpsonswiki.com/images/0/08/Tapped_Out_Apu_Icon_-_Happy.png,sentence_count,2.0
Apu,238,https://static.simpsonswiki.com/images/0/08/Tapped_Out_Apu_Icon_-_Happy.png,sentence_count,1.0
Apu,240,https://static.simpsonswiki.com/images/0/08/Tapped_Out_Apu_Icon_-_Happy.png,sentence_count,3.0
Apu,244,https://static.simpsonswiki.com/images/0/08/Tapped_Out_Apu_Icon_-_Happy.png,sentence_count,2.0
Apu,248,https://static.simpsonswiki.com/images/0/08/Tapped_Out_Apu_Icon_-_Happy.png,sentence_count,1.0
Apu,249,https://static.simpsonswiki.com/images/0/08/Tapped_Out_Apu_Icon_-_Happy.png,sentence_count,1.0
Apu,250,https://static.simpsonswiki.com/images/0/08/Tapped_Out_Apu_Icon_-_Happy.png,sentence_count,4.0
Apu,251,https://static.simpsonswiki.com/images/0/08/Tapped_Out_Apu_Icon_-_Happy.png,sentence_count,1.0
Apu,252,https://static.simpsonswiki.com/images/0/08/Tapped_Out_Apu_Icon_-_Happy.png,sentence_count,1.0
Apu,254,https://static.simpsonswiki.com/images/0/08/Tapped_Out_Apu_Icon_-_Happy.png,sentence_count,2.0
Apu,256,https://static.simpsonswiki.com/images/0/08/Tapped_Out_Apu_Icon_-_Happy.png,sentence_count,1.0
Apu,258,https://static.simpsonswiki.com/images/0/08/Tapped_Out_Apu_Icon_-_Happy.png,sentence_count,1.0
Apu,259,https://static.simpsonswiki.com/images/0/08/Tapped_Out_Apu_Icon_-_Happy.png,sentence_count,5.0
Apu,264,https://static.simpsonswiki.com/images/0/08/Tapped_Out_Apu_Icon_-_Happy.png,sentence_count,2.0
Apu,267,https://static.simpsonswiki.com/images/0/08/Tapped_Out_Apu_Icon_-_Happy.png,sentence_count,1.0
Apu,268,https://static.simpsonswiki.com/images/0/08/Tapped_Out_Apu_Icon_-_Happy.png,sentence_count,4.0
Apu,269,https://static.simpsonswiki.com/images/0/08/Tapped_Out_Apu_Icon_-_Happy.png,sentence_count,3.0
Apu,277,https://static.simpsonswiki.com/images/0/08/Tapped_Out_Apu_Icon_-_Happy.png,sentence_count,11.0
Apu,278,https://static.simpsonswiki.com/images/0/08/Tapped_Out_Apu_Icon_-_Happy.png,sentence_count,1.0
Apu,281,https://static.simpsonswiki.com/images/0/08/Tapped_Out_Apu_Icon_-_Happy.png,sentence_count,2.0
Apu,282,https://static.simpsonswiki.com/images/0/08/Tapped_Out_Apu_Icon_-_Happy.png,sentence_count,6.0
Apu,283,https://static.simpsonswiki.com/images/0/08/Tapped_Out_Apu_Icon_-_Happy.png,sentence_count,1.0
Apu,288,https://static.simpsonswiki.com/images/0/08/Tapped_Out_Apu_Icon_-_Happy.png,sentence_count,51.0
Apu,291,https://static.simpsonswiki.com/images/0/08/Tapped_Out_Apu_Icon_-_Happy.png,sentence_count,3.0
Apu,293,https://static.simpsonswiki.com/images/0/08/Tapped_Out_Apu_Icon_-_Happy.png,sentence_count,3.0
Apu,296,https://static.simpsonswiki.com/images/0/08/Tapped_Out_Apu_Icon_-_Happy.png,sentence_count,3.0
Apu,297,https://static.simpsonswiki.com/images/0/08/Tapped_Out_Apu_Icon_-_Happy.png,sentence_count,2.0
Apu,300,https://static.simpsonswiki.com/images/0/08/Tapped_Out_Apu_Icon_-_Happy.png,sentence_count,4.0
Apu,303,https://static.simpsonswiki.com/images/0/08/Tapped_Out_Apu_Icon_-_Happy.png,sentence_count,3.0
Apu,304,https://static.simpsonswiki.com/images/0/08/Tapped_Out_Apu_Icon_-_Happy.png,sentence_count,2.0
Apu,305,https://static.simpsonswiki.com/images/0/08/Tapped_Out_Apu_Icon_-_Happy.png,sentence_count,1.0
Apu,309,https://static.simpsonswiki.com/images/0/08/Tapped_Out_Apu_Icon_-_Happy.png,sentence_count,2.0
Apu,311,https://static.simpsonswiki.com/images/0/08/Tapped_Out_Apu_Icon_-_Happy.png,sentence_count,2.0
Apu,312,https://static.simpsonswiki.com/images/0/08/Tapped_Out_Apu_Icon_-_Happy.png,sentence_count,2.0
Apu,313,https://static.simpsonswiki.com/images/0/08/Tapped_Out_Apu_Icon_-_Happy.png,sentence_count,1.0
Apu,323,https://static.simpsonswiki.com/images/0/08/Tapped_Out_Apu_Icon_-_Happy.png,sentence_count,5.0
Apu,325,https://static.simpsonswiki.com/images/0/08/Tapped_Out_Apu_Icon_-_Happy.png,sentence_count,2.0
Apu,326,https://static.simpsonswiki.com/images/0/08/Tapped_Out_Apu_Icon_-_Happy.png,sentence_count,3.0
Apu,332,https://static.simpsonswiki.com/images/0/08/Tapped_Out_Apu_Icon_-_Happy.png,sentence_count,4.0
Apu,334,https://static.simpsonswiki.com/images/0/08/Tapped_Out_Apu_Icon_-_Happy.png,sentence_count,3.0
Apu,336,https://static.simpsonswiki.com/images/0/08/Tapped_Out_Apu_Icon_-_Happy.png,sentence_count,3.0
Apu,337,https://static.simpsonswiki.com/images/0/08/Tapped_Out_Apu_Icon_-_Happy.png,sentence_count,2.0
Apu,340,https://static.simpsonswiki.com/images/0/08/Tapped_Out_Apu_Icon_-_Happy.png,sentence_count,1.0
Apu,341,https://static.simpsonswiki.com/images/0/08/Tapped_Out_Apu_Icon_-_Happy.png,sentence_count,12.0
Apu,344,https://static.simpsonswiki.com/images/0/08/Tapped_Out_Apu_Icon_-_Happy.png,sentence_count,1.0
Apu,350,https://static.simpsonswiki.com/images/0/08/Tapped_Out_Apu_Icon_-_Happy.png,sentence_count,3.0
Apu,353,https://static.simpsonswiki.com/images/0/08/Tapped_Out_Apu_Icon_-_Happy.png,sentence_count,3.0
Apu,355,https://static.simpsonswiki.com/images/0/08/Tapped_Out_Apu_Icon_-_Happy.png,sentence_count,1.0
Apu,360,https://static.simpsonswiki.com/images/0/08/Tapped_Out_Apu_Icon_-_Happy.png,sentence_count,4.0
Apu,361,https://static.simpsonswiki.com/images/0/08/Tapped_Out_Apu_Icon_-_Happy.png,sentence_count,1.0
Apu,365,https://static.simpsonswiki.com/images/0/08/Tapped_Out_Apu_Icon_-_Happy.png,sentence_count,2.0
Apu,386,https://static.simpsonswiki.com/images/0/08/Tapped_Out_Apu_Icon_-_Happy.png,sentence_count,1.0
Apu,389,https://static.simpsonswiki.com/images/0/08/Tapped_Out_Apu_Icon_-_Happy.png,sentence_count,2.0
Apu,392,https://static.simpsonswiki.com/images/0/08/Tapped_Out_Apu_Icon_-_Happy.png,sentence_count,2.0
Apu,394,https://static.simpsonswiki.com/images/0/08/Tapped_Out_Apu_Icon_-_Happy.png,sentence_count,3.0
Apu,395,https://static.simpsonswiki.com/images/0/08/Tapped_Out_Apu_Icon_-_Happy.png,sentence_count,7.0
Apu,396,https://static.simpsonswiki.com/images/0/08/Tapped_Out_Apu_Icon_-_Happy.png,sentence_count,2.0
Apu,397,https://static.simpsonswiki.com/images/0/08/Tapped_Out_Apu_Icon_-_Happy.png,sentence_count,8.0
Apu,399,https://static.simpsonswiki.com/images/0/08/Tapped_Out_Apu_Icon_-_Happy.png,sentence_count,1.0
Apu,403,https://static.simpsonswiki.com/images/0/08/Tapped_Out_Apu_Icon_-_Happy.png,sentence_count,1.0
Apu,405,https://static.simpsonswiki.com/images/0/08/Tapped_Out_Apu_Icon_-_Happy.png,sentence_count,1.0
Apu,410,https://static.simpsonswiki.com/images/0/08/Tapped_Out_Apu_Icon_-_Happy.png,sentence_count,2.0
Apu,415,https://static.simpsonswiki.com/images/0/08/Tapped_Out_Apu_Icon_-_Happy.png,sentence_count,3.0
Apu,417,https://static.simpsonswiki.com/images/0/08/Tapped_Out_Apu_Icon_-_Happy.png,sentence_count,1.0
Apu,419,https://static.simpsonswiki.com/images/0/08/Tapped_Out_Apu_Icon_-_Happy.png,sentence_count,5.0
Apu,423,https://static.simpsonswiki.com/images/0/08/Tapped_Out_Apu_Icon_-_Happy.png,sentence_count,2.0
Apu,426,https://static.simpsonswiki.com/images/0/08/Tapped_Out_Apu_Icon_-_Happy.png,sentence_count,2.0
Apu,429,https://static.simpsonswiki.com/images/0/08/Tapped_Out_Apu_Icon_-_Happy.png,sentence_count,1.0
Apu,435,https://static.simpsonswiki.com/images/0/08/Tapped_Out_Apu_Icon_-_Happy.png,sentence_count,3.0
Apu,437,https://static.simpsonswiki.com/images/0/08/Tapped_Out_Apu_Icon_-_Happy.png,sentence_count,4.0
Apu,442,https://static.simpsonswiki.com/images/0/08/Tapped_Out_Apu_Icon_-_Happy.png,sentence_count,5.0
Apu,445,https://static.simpsonswiki.com/images/0/08/Tapped_Out_Apu_Icon_-_Happy.png,sentence_count,7.0
Apu,449,https://static.simpsonswiki.com/images/0/08/Tapped_Out_Apu_Icon_-_Happy.png,sentence_count,3.0
Apu,452,https://static.simpsonswiki.com/images/0/08/Tapped_Out_Apu_Icon_-_Happy.png,sentence_count,3.0
Apu,455,https://static.simpsonswiki.com/images/0/08/Tapped_Out_Apu_Icon_-_Happy.png,sentence_count,1.0
Apu,460,https://static.simpsonswiki.com/images/0/08/Tapped_Out_Apu_Icon_-_Happy.png,sentence_count,1.0
Apu,462,https://static.simpsonswiki.com/images/0/08/Tapped_Out_Apu_Icon_-_Happy.png,sentence_count,33.0
Apu,463,https://static.simpsonswiki.com/images/0/08/Tapped_Out_Apu_Icon_-_Happy.png,sentence_count,1.0
Apu,464,https://static.simpsonswiki.com/images/0/08/Tapped_Out_Apu_Icon_-_Happy.png,sentence_count,1.0
Apu,468,https://static.simpsonswiki.com/images/0/08/Tapped_Out_Apu_Icon_-_Happy.png,sentence_count,1.0
Apu,470,https://static.simpsonswiki.com/images/0/08/Tapped_Out_Apu_Icon_-_Happy.png,sentence_count,5.0
Apu,476,https://static.simpsonswiki.com/images/0/08/Tapped_Out_Apu_Icon_-_Happy.png,sentence_count,3.0
Apu,492,https://static.simpsonswiki.com/images/0/08/Tapped_Out_Apu_Icon_-_Happy.png,sentence_count,1.0
Apu,495,https://static.simpsonswiki.com/images/0/08/Tapped_Out_Apu_Icon_-_Happy.png,sentence_count,5.0
Apu,496,https://static.simpsonswiki.com/images/0/08/Tapped_Out_Apu_Icon_-_Happy.png,sentence_count,3.0
Apu,501,https://static.simpsonswiki.com/images/0/08/Tapped_Out_Apu_Icon_-_Happy.png,sentence_count,16.0
Apu,502,https://static.simpsonswiki.com/images/0/08/Tapped_Out_Apu_Icon_-_Happy.png,sentence_count,3.0
Apu,513,https://static.simpsonswiki.com/images/0/08/Tapped_Out_Apu_Icon_-_Happy.png,sentence_count,1.0
Apu,514,https://static.simpsonswiki.com/images/0/08/Tapped_Out_Apu_Icon_-_Happy.png,sentence_count,1.0
Apu,516,https://static.simpsonswiki.com/images/0/08/Tapped_Out_Apu_Icon_-_Happy.png,sentence_count,3.0
Apu,521,https://static.simpsonswiki.com/images/0/08/Tapped_Out_Apu_Icon_-_Happy.png,sentence_count,2.0
Apu,522,https://static.simpsonswiki.com/images/0/08/Tapped_Out_Apu_Icon_-_Happy.png,sentence_count,2.0
Apu,523,https://static.simpsonswiki.com/images/0/08/Tapped_Out_Apu_Icon_-_Happy.png,sentence_count,1.0
Apu,524,https://static.simpsonswiki.com/images/0/08/Tapped_Out_Apu_Icon_-_Happy.png,sentence_count,1.0
Apu,526,https://static.simpsonswiki.com/images/0/08/Tapped_Out_Apu_Icon_-_Happy.png,sentence_count,5.0
Apu,528,https://static.simpsonswiki.com/images/0/08/Tapped_Out_Apu_Icon_-_Happy.png,sentence_count,2.0
Apu,530,https://static.simpsonswiki.com/images/0/08/Tapped_Out_Apu_Icon_-_Happy.png,sentence_count,2.0
Apu,531,https://static.simpsonswiki.com/images/0/08/Tapped_Out_Apu_Icon_-_Happy.png,sentence_count,1.0
Apu,532,https://static.simpsonswiki.com/images/0/08/Tapped_Out_Apu_Icon_-_Happy.png,sentence_count,2.0
Apu,538,https://static.simpsonswiki.com/images/0/08/Tapped_Out_Apu_Icon_-_Happy.png,sentence_count,3.0
Apu,540,https://static.simpsonswiki.com/images/0/08/Tapped_Out_Apu_Icon_-_Happy.png,sentence_count,1.0
Apu,545,https://static.simpsonswiki.com/images/0/08/Tapped_Out_Apu_Icon_-_Happy.png,sentence_count,1.0
Apu,554,https://static.simpsonswiki.com/images/0/08/Tapped_Out_Apu_Icon_-_Happy.png,sentence_count,1.0
Apu,560,https://static.simpsonswiki.com/images/0/08/Tapped_Out_Apu_Icon_-_Happy.png,sentence_count,31.0
Apu,561,https://static.simpsonswiki.com/images/0/08/Tapped_Out_Apu_Icon_-_Happy.png,sentence_count,6.0
Apu,567,https://static.simpsonswiki.com/images/0/08/Tapped_Out_Apu_Icon_-_Happy.png,sentence_count,1.0
Apu,568,https://static.simpsonswiki.com/images/0/08/Tapped_Out_Apu_Icon_-_Happy.png,sentence_count,20.0
Bart,1,https://img.icons8.com/doodle/48/bart-simpson.png,sentence_count,49.0
Bart,2,https://img.icons8.com/doodle/48/bart-simpson.png,sentence_count,81.0
Bart,3,https://img.icons8.com/doodle/48/bart-simpson.png,sentence_count,32.0
Bart,4,https://img.icons8.com/doodle/48/bart-simpson.png,sentence_count,42.0
Bart,5,https://img.icons8.com/doodle/48/bart-simpson.png,sentence_count,101.0
Bart,6,https://img.icons8.com/doodle/48/bart-simpson.png,sentence_count,44.0
Bart,7,https://img.icons8.com/doodle/48/bart-simpson.png,sentence_count,37.0
Bart,8,https://img.icons8.com/doodle/48/bart-simpson.png,sentence_count,66.0
Bart,9,https://img.icons8.com/doodle/48/bart-simpson.png,sentence_count,33.0
Bart,10,https://img.icons8.com/doodle/48/bart-simpson.png,sentence_count,40.0
Bart,11,https://img.icons8.com/doodle/48/bart-simpson.png,sentence_count,50.0
Bart,12,https://img.icons8.com/doodle/48/bart-simpson.png,sentence_count,45.0
Bart,13,https://img.icons8.com/doodle/48/bart-simpson.png,sentence_count,35.0
Bart,14,https://img.icons8.com/doodle/48/bart-simpson.png,sentence_count,100.0
Bart,15,https://img.icons8.com/doodle/48/bart-simpson.png,sentence_count,9.0
Bart,16,https://img.icons8.com/doodle/48/bart-simpson.png,sentence_count,40.0
Bart,17,https://img.icons8.com/doodle/48/bart-simpson.png,sentence_count,11.0
Bart,18,https://img.icons8.com/doodle/48/bart-simpson.png,sentence_count,19.0
Bart,19,https://img.icons8.com/doodle/48/bart-simpson.png,sentence_count,45.0
Bart,20,https://img.icons8.com/doodle/48/bart-simpson.png,sentence_count,66.0
Bart,21,https://img.icons8.com/doodle/48/bart-simpson.png,sentence_count,48.0
Bart,22,https://img.icons8.com/doodle/48/bart-simpson.png,sentence_count,16.0
Bart,23,https://img.icons8.com/doodle/48/bart-simpson.png,sentence_count,23.0
Bart,24,https://img.icons8.com/doodle/48/bart-simpson.png,sentence_count,18.0
Bart,25,https://img.icons8.com/doodle/48/bart-simpson.png,sentence_count,10.0
Bart,26,https://img.icons8.com/doodle/48/bart-simpson.png,sentence_count,26.0
Bart,27,https://img.icons8.com/doodle/48/bart-simpson.png,sentence_count,20.0
Bart,28,https://img.icons8.com/doodle/48/bart-simpson.png,sentence_count,26.0
Bart,29,https://img.icons8.com/doodle/48/bart-simpson.png,sentence_count,39.0
Bart,30,https://img.icons8.com/doodle/48/bart-simpson.png,sentence_count,15.0
Bart,31,https://img.icons8.com/doodle/48/bart-simpson.png,sentence_count,18.0
Bart,32,https://img.icons8.com/doodle/48/bart-simpson.png,sentence_count,28.0
Bart,33,https://img.icons8.com/doodle/48/bart-simpson.png,sentence_count,32.0
Bart,34,https://img.icons8.com/doodle/48/bart-simpson.png,sentence_count,122.0
Bart,35,https://img.icons8.com/doodle/48/bart-simpson.png,sentence_count,29.0
Bart,36,https://img.icons8.com/doodle/48/bart-simpson.png,sentence_count,61.0
Bart,37,https://img.icons8.com/doodle/48/bart-simpson.png,sentence_count,22.0
Bart,38,https://img.icons8.com/doodle/48/bart-simpson.png,sentence_count,24.0
Bart,39,https://img.icons8.com/doodle/48/bart-simpson.png,sentence_count,60.0
Bart,40,https://img.icons8.com/doodle/48/bart-simpson.png,sentence_count,31.0
Bart,41,https://img.icons8.com/doodle/48/bart-simpson.png,sentence_count,52.0
Bart,42,https://img.icons8.com/doodle/48/bart-simpson.png,sentence_count,35.0
Bart,43,https://img.icons8.com/doodle/48/bart-simpson.png,sentence_count,18.0
Bart,44,https://img.icons8.com/doodle/48/bart-simpson.png,sentence_count,38.0
Bart,45,https://img.icons8.com/doodle/48/bart-simpson.png,sentence_count,18.0
Bart,46,https://img.icons8.com/doodle/48/bart-simpson.png,sentence_count,15.0
Bart,47,https://img.icons8.com/doodle/48/bart-simpson.png,sentence_count,11.0
Bart,48,https://img.icons8.com/doodle/48/bart-simpson.png,sentence_count,57.0
Bart,49,https://img.icons8.com/doodle/48/bart-simpson.png,sentence_count,17.0
Bart,50,https://img.icons8.com/doodle/48/bart-simpson.png,sentence_count,12.0
Bart,51,https://img.icons8.com/doodle/48/bart-simpson.png,sentence_count,51.0
Bart,52,https://img.icons8.com/doodle/48/bart-simpson.png,sentence_count,11.0
Bart,53,https://img.icons8.com/doodle/48/bart-simpson.png,sentence_count,50.0
Bart,54,https://img.icons8.com/doodle/48/bart-simpson.png,sentence_count,22.0
Bart,55,https://img.icons8.com/doodle/48/bart-simpson.png,sentence_count,8.0
Bart,56,https://img.icons8.com/doodle/48/bart-simpson.png,sentence_count,26.0
Bart,57,https://img.icons8.com/doodle/48/bart-simpson.png,sentence_count,36.0
Bart,58,https://img.icons8.com/doodle/48/bart-simpson.png,sentence_count,50.0
Bart,59,https://img.icons8.com/doodle/48/bart-simpson.png,sentence_count,10.0
Bart,60,https://img.icons8.com/doodle/48/bart-simpson.png,sentence_count,46.0
Bart,61,https://img.icons8.com/doodle/48/bart-simpson.png,sentence_count,10.0
Bart,62,https://img.icons8.com/doodle/48/bart-simpson.png,sentence_count,12.0
Bart,63,https://img.icons8.com/doodle/48/bart-simpson.png,sentence_count,22.0
Bart,64,https://img.icons8.com/doodle/48/bart-simpson.png,sentence_count,28.0
Bart,65,https://img.icons8.com/doodle/48/bart-simpson.png,sentence_count,47.0
Bart,66,https://img.icons8.com/doodle/48/bart-simpson.png,sentence_count,17.0
Bart,67,https://img.icons8.com/doodle/48/bart-simpson.png,sentence_count,48.0
Bart,68,https://img.icons8.com/doodle/48/bart-simpson.png,sentence_count,6.0
Bart,69,https://img.icons8.com/doodle/48/bart-simpson.png,sentence_count,54.0
Bart,70,https://img.icons8.com/doodle/48/bart-simpson.png,sentence_count,10.0
Bart,71,https://img.icons8.com/doodle/48/bart-simpson.png,sentence_count,15.0
Bart,72,https://img.icons8.com/doodle/48/bart-simpson.png,sentence_count,26.0
Bart,73,https://img.icons8.com/doodle/48/bart-simpson.png,sentence_count,37.0
Bart,74,https://img.icons8.com/doodle/48/bart-simpson.png,sentence_count,21.0
Bart,75,https://img.icons8.com/doodle/48/bart-simpson.png,sentence_count,20.0
Bart,76,https://img.icons8.com/doodle/48/bart-simpson.png,sentence_count,6.0
Bart,77,https://img.icons8.com/doodle/48/bart-simpson.png,sentence_count,29.0
Bart,78,https://img.icons8.com/doodle/48/bart-simpson.png,sentence_count,27.0
Bart,79,https://img.icons8.com/doodle/48/bart-simpson.png,sentence_count,28.0
Bart,80,https://img.icons8.com/doodle/48/bart-simpson.png,sentence_count,16.0
Bart,81,https://img.icons8.com/doodle/48/bart-simpson.png,sentence_count,27.0
Bart,82,https://img.icons8.com/doodle/48/bart-simpson.png,sentence_count,17.0
Bart,83,https://img.icons8.com/doodle/48/bart-simpson.png,sentence_count,24.0
Bart,84,https://img.icons8.com/doodle/48/bart-simpson.png,sentence_count,12.0
Bart,85,https://img.icons8.com/doodle/48/bart-simpson.png,sentence_count,7.0
Bart,86,https://img.icons8.com/doodle/48/bart-simpson.png,sentence_count,36.0
Bart,87,https://img.icons8.com/doodle/48/bart-simpson.png,sentence_count,8.0
Bart,88,https://img.icons8.com/doodle/48/bart-simpson.png,sentence_count,33.0
Bart,89,https://img.icons8.com/doodle/48/bart-simpson.png,sentence_count,50.0
Bart,90,https://img.icons8.com/doodle/48/bart-simpson.png,sentence_count,12.0
Bart,91,https://img.icons8.com/doodle/48/bart-simpson.png,sentence_count,8.0
Bart,92,https://img.icons8.com/doodle/48/bart-simpson.png,sentence_count,9.0
Bart,93,https://img.icons8.com/doodle/48/bart-simpson.png,sentence_count,64.0
Bart,94,https://img.icons8.com/doodle/48/bart-simpson.png,sentence_count,4.0
Bart,95,https://img.icons8.com/doodle/48/bart-simpson.png,sentence_count,9.0
Bart,96,https://img.icons8.com/doodle/48/bart-simpson.png,sentence_count,8.0
Bart,97,https://img.icons8.com/doodle/48/bart-simpson.png,sentence_count,9.0
Bart,98,https://img.icons8.com/doodle/48/bart-simpson.png,sentence_count,53.0
Bart,99,https://img.icons8.com/doodle/48/bart-simpson.png,sentence_count,36.0
Bart,100,https://img.icons8.com/doodle/48/bart-simpson.png,sentence_count,36.0
Bart,101,https://img.icons8.com/doodle/48/bart-simpson.png,sentence_count,41.0
Bart,102,https://img.icons8.com/doodle/48/bart-simpson.png,sentence_count,27.0
Bart,103,https://img.icons8.com/doodle/48/bart-simpson.png,sentence_count,8.0
Bart,104,https://img.icons8.com/doodle/48/bart-simpson.png,sentence_count,54.0
Bart,105,https://img.icons8.com/doodle/48/bart-simpson.png,sentence_count,29.0
Bart,106,https://img.icons8.com/doodle/48/bart-simpson.png,sentence_count,13.0
Bart,107,https://img.icons8.com/doodle/48/bart-simpson.png,sentence_count,29.0
Bart,108,https://img.icons8.com/doodle/48/bart-simpson.png,sentence_count,25.0
Bart,109,https://img.icons8.com/doodle/48/bart-simpson.png,sentence_count,17.0
Bart,110,https://img.icons8.com/doodle/48/bart-simpson.png,sentence_count,74.0
Bart,111,https://img.icons8.com/doodle/48/bart-simpson.png,sentence_count,34.0
Bart,112,https://img.icons8.com/doodle/48/bart-simpson.png,sentence_count,16.0
Bart,113,https://img.icons8.com/doodle/48/bart-simpson.png,sentence_count,17.0
Bart,114,https://img.icons8.com/doodle/48/bart-simpson.png,sentence_count,11.0
Bart,115,https://img.icons8.com/doodle/48/bart-simpson.png,sentence_count,6.0
Bart,116,https://img.icons8.com/doodle/48/bart-simpson.png,sentence_count,13.0
Bart,117,https://img.icons8.com/doodle/48/bart-simpson.png,sentence_count,34.0
Bart,118,https://img.icons8.com/doodle/48/bart-simpson.png,sentence_count,7.0
Bart,119,https://img.icons8.com/doodle/48/bart-simpson.png,sentence_count,49.0
Bart,120,https://img.icons8.com/doodle/48/bart-simpson.png,sentence_count,29.0
Bart,121,https://img.icons8.com/doodle/48/bart-simpson.png,sentence_count,12.0
Bart,122,https://img.icons8.com/doodle/48/bart-simpson.png,sentence_count,10.0
Bart,123,https://img.icons8.com/doodle/48/bart-simpson.png,sentence_count,35.0
Bart,124,https://img.icons8.com/doodle/48/bart-simpson.png,sentence_count,39.0
Bart,125,https://img.icons8.com/doodle/48/bart-simpson.png,sentence_count,30.0
Bart,126,https://img.icons8.com/doodle/48/bart-simpson.png,sentence_count,10.0
Bart,127,https://img.icons8.com/doodle/48/bart-simpson.png,sentence_count,66.0
Bart,128,https://img.icons8.com/doodle/48/bart-simpson.png,sentence_count,11.0
Bart,129,https://img.icons8.com/doodle/48/bart-simpson.png,sentence_count,7.0
Bart,130,https://img.icons8.com/doodle/48/bart-simpson.png,sentence_count,42.0
Bart,131,https://img.icons8.com/doodle/48/bart-simpson.png,sentence_count,17.0
Bart,132,https://img.icons8.com/doodle/48/bart-simpson.png,sentence_count,54.0
Bart,133,https://img.icons8.com/doodle/48/bart-simpson.png,sentence_count,16.0
Bart,134,https://img.icons8.com/doodle/48/bart-simpson.png,sentence_count,26.0
Bart,135,https://img.icons8.com/doodle/48/bart-simpson.png,sentence_count,16.0
Bart,136,https://img.icons8.com/doodle/48/bart-simpson.png,sentence_count,10.0
Bart,137,https://img.icons8.com/doodle/48/bart-simpson.png,sentence_count,22.0
Bart,138,https://img.icons8.com/doodle/48/bart-simpson.png,sentence_count,18.0
Bart,139,https://img.icons8.com/doodle/48/bart-simpson.png,sentence_count,70.0
Bart,140,https://img.icons8.com/doodle/48/bart-simpson.png,sentence_count,12.0
Bart,141,https://img.icons8.com/doodle/48/bart-simpson.png,sentence_count,29.0
Bart,142,https://img.icons8.com/doodle/48/bart-simpson.png,sentence_count,9.0
Bart,143,https://img.icons8.com/doodle/48/bart-simpson.png,sentence_count,39.0
Bart,144,https://img.icons8.com/doodle/48/bart-simpson.png,sentence_count,3.0
Bart,145,https://img.icons8.com/doodle/48/bart-simpson.png,sentence_count,6.0
Bart,146,https://img.icons8.com/doodle/48/bart-simpson.png,sentence_count,55.0
Bart,147,https://img.icons8.com/doodle/48/bart-simpson.png,sentence_count,2.0
Bart,148,https://img.icons8.com/doodle/48/bart-simpson.png,sentence_count,44.0
Bart,149,https://img.icons8.com/doodle/48/bart-simpson.png,sentence_count,6.0
Bart,150,https://img.icons8.com/doodle/48/bart-simpson.png,sentence_count,32.0
Bart,151,https://img.icons8.com/doodle/48/bart-simpson.png,sentence_count,6.0
Bart,152,https://img.icons8.com/doodle/48/bart-simpson.png,sentence_count,20.0
Bart,153,https://img.icons8.com/doodle/48/bart-simpson.png,sentence_count,32.0
Bart,154,https://img.icons8.com/doodle/48/bart-simpson.png,sentence_count,21.0
Bart,155,https://img.icons8.com/doodle/48/bart-simpson.png,sentence_count,16.0
Bart,156,https://img.icons8.com/doodle/48/bart-simpson.png,sentence_count,17.0
Bart,157,https://img.icons8.com/doodle/48/bart-simpson.png,sentence_count,6.0
Bart,158,https://img.icons8.com/doodle/48/bart-simpson.png,sentence_count,38.0
Bart,159,https://img.icons8.com/doodle/48/bart-simpson.png,sentence_count,11.0
Bart,160,https://img.icons8.com/doodle/48/bart-simpson.png,sentence_count,5.0
Bart,161,https://img.icons8.com/doodle/48/bart-simpson.png,sentence_count,5.0
Bart,162,https://img.icons8.com/doodle/48/bart-simpson.png,sentence_count,9.0
Bart,163,https://img.icons8.com/doodle/48/bart-simpson.png,sentence_count,18.0
Bart,164,https://img.icons8.com/doodle/48/bart-simpson.png,sentence_count,4.0
Bart,165,https://img.icons8.com/doodle/48/bart-simpson.png,sentence_count,13.0
Bart,166,https://img.icons8.com/doodle/48/bart-simpson.png,sentence_count,26.0
Bart,167,https://img.icons8.com/doodle/48/bart-simpson.png,sentence_count,18.0
Bart,168,https://img.icons8.com/doodle/48/bart-simpson.png,sentence_count,32.0
Bart,169,https://img.icons8.com/doodle/48/bart-simpson.png,sentence_count,30.0
Bart,170,https://img.icons8.com/doodle/48/bart-simpson.png,sentence_count,49.0
Bart,171,https://img.icons8.com/doodle/48/bart-simpson.png,sentence_count,19.0
Bart,172,https://img.icons8.com/doodle/48/bart-simpson.png,sentence_count,41.0
Bart,173,https://img.icons8.com/doodle/48/bart-simpson.png,sentence_count,85.0
Bart,174,https://img.icons8.com/doodle/48/bart-simpson.png,sentence_count,5.0
Bart,175,https://img.icons8.com/doodle/48/bart-simpson.png,sentence_count,12.0
Bart,176,https://img.icons8.com/doodle/48/bart-simpson.png,sentence_count,17.0
Bart,177,https://img.icons8.com/doodle/48/bart-simpson.png,sentence_count,7.0
Bart,178,https://img.icons8.com/doodle/48/bart-simpson.png,sentence_count,38.0
Bart,179,https://img.icons8.com/doodle/48/bart-simpson.png,sentence_count,15.0
Bart,180,https://img.icons8.com/doodle/48/bart-simpson.png,sentence_count,13.0
Bart,181,https://img.icons8.com/doodle/48/bart-simpson.png,sentence_count,30.0
Bart,182,https://img.icons8.com/doodle/48/bart-simpson.png,sentence_count,23.0
Bart,183,https://img.icons8.com/doodle/48/bart-simpson.png,sentence_count,18.0
Bart,184,https://img.icons8.com/doodle/48/bart-simpson.png,sentence_count,39.0
Bart,185,https://img.icons8.com/doodle/48/bart-simpson.png,sentence_count,11.0
Bart,186,https://img.icons8.com/doodle/48/bart-simpson.png,sentence_count,8.0
Bart,187,https://img.icons8.com/doodle/48/bart-simpson.png,sentence_count,9.0
Bart,188,https://img.icons8.com/doodle/48/bart-simpson.png,sentence_count,43.0
Bart,189,https://img.icons8.com/doodle/48/bart-simpson.png,sentence_count,10.0
Bart,190,https://img.icons8.com/doodle/48/bart-simpson.png,sentence_count,50.0
Bart,191,https://img.icons8.com/doodle/48/bart-simpson.png,sentence_count,11.0
Bart,192,https://img.icons8.com/doodle/48/bart-simpson.png,sentence_count,40.0
Bart,193,https://img.icons8.com/doodle/48/bart-simpson.png,sentence_count,39.0
Bart,194,https://img.icons8.com/doodle/48/bart-simpson.png,sentence_count,7.0
Bart,195,https://img.icons8.com/doodle/48/bart-simpson.png,sentence_count,20.0
Bart,196,https://img.icons8.com/doodle/48/bart-simpson.png,sentence_count,91.0
Bart,197,https://img.icons8.com/doodle/48/bart-simpson.png,sentence_count,20.0
Bart,198,https://img.icons8.com/doodle/48/bart-simpson.png,sentence_count,3.0
Bart,199,https://img.icons8.com/doodle/48/bart-simpson.png,sentence_count,52.0
Bart,200,https://img.icons8.com/doodle/48/bart-simpson.png,sentence_count,10.0
Bart,201,https://img.icons8.com/doodle/48/bart-simpson.png,sentence_count,28.0
Bart,202,https://img.icons8.com/doodle/48/bart-simpson.png,sentence_count,27.0
Bart,203,https://img.icons8.com/doodle/48/bart-simpson.png,sentence_count,21.0
Bart,204,https://img.icons8.com/doodle/48/bart-simpson.png,sentence_count,19.0
Bart,205,https://img.icons8.com/doodle/48/bart-simpson.png,sentence_count,29.0
Bart,206,https://img.icons8.com/doodle/48/bart-simpson.png,sentence_count,69.0
Bart,207,https://img.icons8.com/doodle/48/bart-simpson.png,sentence_count,36.0
Bart,208,https://img.icons8.com/doodle/48/bart-simpson.png,sentence_count,12.0
Bart,209,https://img.icons8.com/doodle/48/bart-simpson.png,sentence_count,9.0
Bart,210,https://img.icons8.com/doodle/48/bart-simpson.png,sentence_count,19.0
Bart,211,https://img.icons8.com/doodle/48/bart-simpson.png,sentence_count,11.0
Bart,212,https://img.icons8.com/doodle/48/bart-simpson.png,sentence_count,10.0
Bart,213,https://img.icons8.com/doodle/48/bart-simpson.png,sentence_count,5.0
Bart,214,https://img.icons8.com/doodle/48/bart-simpson.png,sentence_count,30.0
Bart,215,https://img.icons8.com/doodle/48/bart-simpson.png,sentence_count,16.0
Bart,216,https://img.icons8.com/doodle/48/bart-simpson.png,sentence_count,7.0
Bart,217,https://img.icons8.com/doodle/48/bart-simpson.png,sentence_count,13.0
Bart,218,https://img.icons8.com/doodle/48/bart-simpson.png,sentence_count,17.0
Bart,219,https://img.icons8.com/doodle/48/bart-simpson.png,sentence_count,15.0
Bart,220,https://img.icons8.com/doodle/48/bart-simpson.png,sentence_count,30.0
Bart,221,https://img.icons8.com/doodle/48/bart-simpson.png,sentence_count,34.0
Bart,222,https://img.icons8.com/doodle/48/bart-simpson.png,sentence_count,10.0
Bart,223,https://img.icons8.com/doodle/48/bart-simpson.png,sentence_count,46.0
Bart,224,https://img.icons8.com/doodle/48/bart-simpson.png,sentence_count,7.0
Bart,225,https://img.icons8.com/doodle/48/bart-simpson.png,sentence_count,7.0
Bart,226,https://img.icons8.com/doodle/48/bart-simpson.png,sentence_count,23.0
Bart,227,https://img.icons8.com/doodle/48/bart-simpson.png,sentence_count,7.0
Bart,228,https://img.icons8.com/doodle/48/bart-simpson.png,sentence_count,66.0
Bart,229,https://img.icons8.com/doodle/48/bart-simpson.png,sentence_count,8.0
Bart,230,https://img.icons8.com/doodle/48/bart-simpson.png,sentence_count,30.0
Bart,231,https://img.icons8.com/doodle/48/bart-simpson.png,sentence_count,24.0
Bart,232,https://img.icons8.com/doodle/48/bart-simpson.png,sentence_count,1.0
Bart,233,https://img.icons8.com/doodle/48/bart-simpson.png,sentence_count,8.0
Bart,234,https://img.icons8.com/doodle/48/bart-simpson.png,sentence_count,14.0
Bart,235,https://img.icons8.com/doodle/48/bart-simpson.png,sentence_count,44.0
Bart,236,https://img.icons8.com/doodle/48/bart-simpson.png,sentence_count,38.0
Bart,237,https://img.icons8.com/doodle/48/bart-simpson.png,sentence_count,47.0
Bart,238,https://img.icons8.com/doodle/48/bart-simpson.png,sentence_count,8.0
Bart,239,https://img.icons8.com/doodle/48/bart-simpson.png,sentence_count,19.0
Bart,240,https://img.icons8.com/doodle/48/bart-simpson.png,sentence_count,17.0
Bart,241,https://img.icons8.com/doodle/48/bart-simpson.png,sentence_count,18.0
Bart,242,https://img.icons8.com/doodle/48/bart-simpson.png,sentence_count,11.0
Bart,243,https://img.icons8.com/doodle/48/bart-simpson.png,sentence_count,100.0
Bart,244,https://img.icons8.com/doodle/48/bart-simpson.png,sentence_count,26.0
Bart,245,https://img.icons8.com/doodle/48/bart-simpson.png,sentence_count,14.0
Bart,246,https://img.icons8.com/doodle/48/bart-simpson.png,sentence_count,26.0
Bart,247,https://img.icons8.com/doodle/48/bart-simpson.png,sentence_count,25.0
Bart,248,https://img.icons8.com/doodle/48/bart-simpson.png,sentence_count,20.0
Bart,249,https://img.icons8.com/doodle/48/bart-simpson.png,sentence_count,19.0
Bart,250,https://img.icons8.com/doodle/48/bart-simpson.png,sentence_count,26.0
Bart,251,https://img.icons8.com/doodle/48/bart-simpson.png,sentence_count,14.0
Bart,252,https://img.icons8.com/doodle/48/bart-simpson.png,sentence_count,19.0
Bart,253,https://img.icons8.com/doodle/48/bart-simpson.png,sentence_count,13.0
Bart,254,https://img.icons8.com/doodle/48/bart-simpson.png,sentence_count,10.0
Bart,255,https://img.icons8.com/doodle/48/bart-simpson.png,sentence_count,59.0
Bart,256,https://img.icons8.com/doodle/48/bart-simpson.png,sentence_count,30.0
Bart,257,https://img.icons8.com/doodle/48/bart-simpson.png,sentence_count,5.0
Bart,258,https://img.icons8.com/doodle/48/bart-simpson.png,sentence_count,15.0
Bart,259,https://img.icons8.com/doodle/48/bart-simpson.png,sentence_count,43.0
Bart,260,https://img.icons8.com/doodle/48/bart-simpson.png,sentence_count,22.0
Bart,261,https://img.icons8.com/doodle/48/bart-simpson.png,sentence_count,18.0
Bart,262,https://img.icons8.com/doodle/48/bart-simpson.png,sentence_count,32.0
Bart,263,https://img.icons8.com/doodle/48/bart-simpson.png,sentence_count,12.0
Bart,264,https://img.icons8.com/doodle/48/bart-simpson.png,sentence_count,5.0
Bart,265,https://img.icons8.com/doodle/48/bart-simpson.png,sentence_count,27.0
Bart,266,https://img.icons8.com/doodle/48/bart-simpson.png,sentence_count,22.0
Bart,267,https://img.icons8.com/doodle/48/bart-simpson.png,sentence_count,12.0
Bart,268,https://img.icons8.com/doodle/48/bart-simpson.png,sentence_count,16.0
Bart,269,https://img.icons8.com/doodle/48/bart-simpson.png,sentence_count,4.0
Bart,270,https://img.icons8.com/doodle/48/bart-simpson.png,sentence_count,24.0
Bart,271,https://img.icons8.com/doodle/48/bart-simpson.png,sentence_count,50.0
Bart,272,https://img.icons8.com/doodle/48/bart-simpson.png,sentence_count,18.0
Bart,273,https://img.icons8.com/doodle/48/bart-simpson.png,sentence_count,3.0
Bart,274,https://img.icons8.com/doodle/48/bart-simpson.png,sentence_count,8.0
Bart,275,https://img.icons8.com/doodle/48/bart-simpson.png,sentence_count,23.0
Bart,276,https://img.icons8.com/doodle/48/bart-simpson.png,sentence_count,18.0
Bart,277,https://img.icons8.com/doodle/48/bart-simpson.png,sentence_count,8.0
Bart,278,https://img.icons8.com/doodle/48/bart-simpson.png,sentence_count,10.0
Bart,279,https://img.icons8.com/doodle/48/bart-simpson.png,sentence_count,6.0
Bart,280,https://img.icons8.com/doodle/48/bart-simpson.png,sentence_count,52.0
Bart,281,https://img.icons8.com/doodle/48/bart-simpson.png,sentence_count,52.0
Bart,282,https://img.icons8.com/doodle/48/bart-simpson.png,sentence_count,14.0
Bart,283,https://img.icons8.com/doodle/48/bart-simpson.png,sentence_count,28.0
Bart,284,https://img.icons8.com/doodle/48/bart-simpson.png,sentence_count,23.0
Bart,285,https://img.icons8.com/doodle/48/bart-simpson.png,sentence_count,3.0
Bart,286,https://img.icons8.com/doodle/48/bart-simpson.png,sentence_count,5.0
Bart,287,https://img.icons8.com/doodle/48/bart-simpson.png,sentence_count,48.0
Bart,288,https://img.icons8.com/doodle/48/bart-simpson.png,sentence_count,6.0
Bart,289,https://img.icons8.com/doodle/48/bart-simpson.png,sentence_count,28.0
Bart,290,https://img.icons8.com/doodle/48/bart-simpson.png,sentence_count,4.0
Bart,291,https://img.icons8.com/doodle/48/bart-simpson.png,sentence_count,8.0
Bart,292,https://img.icons8.com/doodle/48/bart-simpson.png,sentence_count,11.0
Bart,293,https://img.icons8.com/doodle/48/bart-simpson.png,sentence_count,12.0
Bart,294,https://img.icons8.com/doodle/48/bart-simpson.png,sentence_count,46.0
Bart,295,https://img.icons8.com/doodle/48/bart-simpson.png,sentence_count,27.0
Bart,296,https://img.icons8.com/doodle/48/bart-simpson.png,sentence_count,18.0
Bart,297,https://img.icons8.com/doodle/48/bart-simpson.png,sentence_count,10.0
Bart,298,https://img.icons8.com/doodle/48/bart-simpson.png,sentence_count,36.0
Bart,299,https://img.icons8.com/doodle/48/bart-simpson.png,sentence_count,9.0
Bart,300,https://img.icons8.com/doodle/48/bart-simpson.png,sentence_count,18.0
Bart,301,https://img.icons8.com/doodle/48/bart-simpson.png,sentence_count,10.0
Bart,302,https://img.icons8.com/doodle/48/bart-simpson.png,sentence_count,53.0
Bart,303,https://img.icons8.com/doodle/48/bart-simpson.png,sentence_count,14.0
Bart,304,https://img.icons8.com/doodle/48/bart-simpson.png,sentence_count,6.0
Bart,305,https://img.icons8.com/doodle/48/bart-simpson.png,sentence_count,15.0
Bart,306,https://img.icons8.com/doodle/48/bart-simpson.png,sentence_count,11.0
Bart,307,https://img.icons8.com/doodle/48/bart-simpson.png,sentence_count,18.0
Bart,308,https://img.icons8.com/doodle/48/bart-simpson.png,sentence_count,16.0
Bart,309,https://img.icons8.com/doodle/48/bart-simpson.png,sentence_count,15.0
Bart,310,https://img.icons8.com/doodle/48/bart-simpson.png,sentence_count,26.0
Bart,311,https://img.icons8.com/doodle/48/bart-simpson.png,sentence_count,9.0
Bart,312,https://img.icons8.com/doodle/48/bart-simpson.png,sentence_count,34.0
Bart,313,https://img.icons8.com/doodle/48/bart-simpson.png,sentence_count,7.0
Bart,314,https://img.icons8.com/doodle/48/bart-simpson.png,sentence_count,36.0
Bart,315,https://img.icons8.com/doodle/48/bart-simpson.png,sentence_count,19.0
Bart,316,https://img.icons8.com/doodle/48/bart-simpson.png,sentence_count,12.0
Bart,317,https://img.icons8.com/doodle/48/bart-simpson.png,sentence_count,29.0
Bart,318,https://img.icons8.com/doodle/48/bart-simpson.png,sentence_count,16.0
Bart,319,https://img.icons8.com/doodle/48/bart-simpson.png,sentence_count,14.0
Bart,320,https://img.icons8.com/doodle/48/bart-simpson.png,sentence_count,8.0
Bart,321,https://img.icons8.com/doodle/48/bart-simpson.png,sentence_count,18.0
Bart,322,https://img.icons8.com/doodle/48/bart-simpson.png,sentence_count,51.0
Bart,323,https://img.icons8.com/doodle/48/bart-simpson.png,sentence_count,9.0
Bart,324,https://img.icons8.com/doodle/48/bart-simpson.png,sentence_count,8.0
Bart,325,https://img.icons8.com/doodle/48/bart-simpson.png,sentence_count,59.0
Bart,326,https://img.icons8.com/doodle/48/bart-simpson.png,sentence_count,11.0
Bart,327,https://img.icons8.com/doodle/48/bart-simpson.png,sentence_count,12.0
Bart,328,https://img.icons8.com/doodle/48/bart-simpson.png,sentence_count,14.0
Bart,329,https://img.icons8.com/doodle/48/bart-simpson.png,sentence_count,51.0
Bart,330,https://img.icons8.com/doodle/48/bart-simpson.png,sentence_count,14.0
Bart,331,https://img.icons8.com/doodle/48/bart-simpson.png,sentence_count,33.0
Bart,332,https://img.icons8.com/doodle/48/bart-simpson.png,sentence_count,9.0
Bart,333,https://img.icons8.com/doodle/48/bart-simpson.png,sentence_count,17.0
Bart,334,https://img.icons8.com/doodle/48/bart-simpson.png,sentence_count,25.0
Bart,335,https://img.icons8.com/doodle/48/bart-simpson.png,sentence_count,9.0
Bart,336,https://img.icons8.com/doodle/48/bart-simpson.png,sentence_count,14.0
Bart,337,https://img.icons8.com/doodle/48/bart-simpson.png,sentence_count,24.0
Bart,338,https://img.icons8.com/doodle/48/bart-simpson.png,sentence_count,24.0
Bart,339,https://img.icons8.com/doodle/48/bart-simpson.png,sentence_count,9.0
Bart,340,https://img.icons8.com/doodle/48/bart-simpson.png,sentence_count,57.0
Bart,341,https://img.icons8.com/doodle/48/bart-simpson.png,sentence_count,3.0
Bart,342,https://img.icons8.com/doodle/48/bart-simpson.png,sentence_count,7.0
Bart,343,https://img.icons8.com/doodle/48/bart-simpson.png,sentence_count,8.0
Bart,344,https://img.icons8.com/doodle/48/bart-simpson.png,sentence_count,43.0
Bart,345,https://img.icons8.com/doodle/48/bart-simpson.png,sentence_count,15.0
Bart,346,https://img.icons8.com/doodle/48/bart-simpson.png,sentence_count,37.0
Bart,347,https://img.icons8.com/doodle/48/bart-simpson.png,sentence_count,4.0
Bart,348,https://img.icons8.com/doodle/48/bart-simpson.png,sentence_count,21.0
Bart,349,https://img.icons8.com/doodle/48/bart-simpson.png,sentence_count,12.0
Bart,350,https://img.icons8.com/doodle/48/bart-simpson.png,sentence_count,62.0
Bart,351,https://img.icons8.com/doodle/48/bart-simpson.png,sentence_count,13.0
Bart,352,https://img.icons8.com/doodle/48/bart-simpson.png,sentence_count,25.0
Bart,353,https://img.icons8.com/doodle/48/bart-simpson.png,sentence_count,11.0
Bart,354,https://img.icons8.com/doodle/48/bart-simpson.png,sentence_count,7.0
Bart,355,https://img.icons8.com/doodle/48/bart-simpson.png,sentence_count,14.0
Bart,356,https://img.icons8.com/doodle/48/bart-simpson.png,sentence_count,38.0
Bart,357,https://img.icons8.com/doodle/48/bart-simpson.png,sentence_count,15.0
Bart,358,https://img.icons8.com/doodle/48/bart-simpson.png,sentence_count,19.0
Bart,359,https://img.icons8.com/doodle/48/bart-simpson.png,sentence_count,42.0
Bart,360,https://img.icons8.com/doodle/48/bart-simpson.png,sentence_count,22.0
Bart,361,https://img.icons8.com/doodle/48/bart-simpson.png,sentence_count,52.0
Bart,362,https://img.icons8.com/doodle/48/bart-simpson.png,sentence_count,10.0
Bart,363,https://img.icons8.com/doodle/48/bart-simpson.png,sentence_count,3.0
Bart,364,https://img.icons8.com/doodle/48/bart-simpson.png,sentence_count,14.0
Bart,365,https://img.icons8.com/doodle/48/bart-simpson.png,sentence_count,5.0
Bart,366,https://img.icons8.com/doodle/48/bart-simpson.png,sentence_count,6.0
Bart,367,https://img.icons8.com/doodle/48/bart-simpson.png,sentence_count,35.0
Bart,368,https://img.icons8.com/doodle/48/bart-simpson.png,sentence_count,18.0
Bart,369,https://img.icons8.com/doodle/48/bart-simpson.png,sentence_count,11.0
Bart,370,https://img.icons8.com/doodle/48/bart-simpson.png,sentence_count,16.0
Bart,371,https://img.icons8.com/doodle/48/bart-simpson.png,sentence_count,6.0
Bart,372,https://img.icons8.com/doodle/48/bart-simpson.png,sentence_count,2.0
Bart,373,https://img.icons8.com/doodle/48/bart-simpson.png,sentence_count,7.0
Bart,374,https://img.icons8.com/doodle/48/bart-simpson.png,sentence_count,14.0
Bart,375,https://img.icons8.com/doodle/48/bart-simpson.png,sentence_count,24.0
Bart,376,https://img.icons8.com/doodle/48/bart-simpson.png,sentence_count,12.0
Bart,377,https://img.icons8.com/doodle/48/bart-simpson.png,sentence_count,22.0
Bart,378,https://img.icons8.com/doodle/48/bart-simpson.png,sentence_count,9.0
Bart,379,https://img.icons8.com/doodle/48/bart-simpson.png,sentence_count,12.0
Bart,380,https://img.icons8.com/doodle/48/bart-simpson.png,sentence_count,33.0
Bart,381,https://img.icons8.com/doodle/48/bart-simpson.png,sentence_count,24.0
Bart,382,https://img.icons8.com/doodle/48/bart-simpson.png,sentence_count,20.0
Bart,383,https://img.icons8.com/doodle/48/bart-simpson.png,sentence_count,11.0
Bart,384,https://img.icons8.com/doodle/48/bart-simpson.png,sentence_count,6.0
Bart,385,https://img.icons8.com/doodle/48/bart-simpson.png,sentence_count,5.0
Bart,386,https://img.icons8.com/doodle/48/bart-simpson.png,sentence_count,58.0
Bart,387,https://img.icons8.com/doodle/48/bart-simpson.png,sentence_count,8.0
Bart,388,https://img.icons8.com/doodle/48/bart-simpson.png,sentence_count,9.0
Bart,389,https://img.icons8.com/doodle/48/bart-simpson.png,sentence_count,22.0
Bart,390,https://img.icons8.com/doodle/48/bart-simpson.png,sentence_count,51.0
Bart,391,https://img.icons8.com/doodle/48/bart-simpson.png,sentence_count,6.0
Bart,392,https://img.icons8.com/doodle/48/bart-simpson.png,sentence_count,35.0
Bart,393,https://img.icons8.com/doodle/48/bart-simpson.png,sentence_count,21.0
Bart,394,https://img.icons8.com/doodle/48/bart-simpson.png,sentence_count,13.0
Bart,395,https://img.icons8.com/doodle/48/bart-simpson.png,sentence_count,21.0
Bart,396,https://img.icons8.com/doodle/48/bart-simpson.png,sentence_count,20.0
Bart,397,https://img.icons8.com/doodle/48/bart-simpson.png,sentence_count,11.0
Bart,398,https://img.icons8.com/doodle/48/bart-simpson.png,sentence_count,35.0
Bart,399,https://img.icons8.com/doodle/48/bart-simpson.png,sentence_count,24.0
Bart,400,https://img.icons8.com/doodle/48/bart-simpson.png,sentence_count,16.0
Bart,401,https://img.icons8.com/doodle/48/bart-simpson.png,sentence_count,11.0
Bart,402,https://img.icons8.com/doodle/48/bart-simpson.png,sentence_count,13.0
Bart,403,https://img.icons8.com/doodle/48/bart-simpson.png,sentence_count,10.0
Bart,404,https://img.icons8.com/doodle/48/bart-simpson.png,sentence_count,2.0
Bart,405,https://img.icons8.com/doodle/48/bart-simpson.png,sentence_count,25.0
Bart,406,https://img.icons8.com/doodle/48/bart-simpson.png,sentence_count,42.0
Bart,407,https://img.icons8.com/doodle/48/bart-simpson.png,sentence_count,16.0
Bart,408,https://img.icons8.com/doodle/48/bart-simpson.png,sentence_count,23.0
Bart,409,https://img.icons8.com/doodle/48/bart-simpson.png,sentence_count,3.0
Bart,410,https://img.icons8.com/doodle/48/bart-simpson.png,sentence_count,3.0
Bart,411,https://img.icons8.com/doodle/48/bart-simpson.png,sentence_count,8.0
Bart,412,https://img.icons8.com/doodle/48/bart-simpson.png,sentence_count,6.0
Bart,413,https://img.icons8.com/doodle/48/bart-simpson.png,sentence_count,60.0
Bart,414,https://img.icons8.com/doodle/48/bart-simpson.png,sentence_count,41.0
Bart,415,https://img.icons8.com/doodle/48/bart-simpson.png,sentence_count,21.0
Bart,416,https://img.icons8.com/doodle/48/bart-simpson.png,sentence_count,10.0
Bart,417,https://img.icons8.com/doodle/48/bart-simpson.png,sentence_count,67.0
Bart,418,https://img.icons8.com/doodle/48/bart-simpson.png,sentence_count,13.0
Bart,419,https://img.icons8.com/doodle/48/bart-simpson.png,sentence_count,20.0
Bart,420,https://img.icons8.com/doodle/48/bart-simpson.png,sentence_count,25.0
Bart,421,https://img.icons8.com/doodle/48/bart-simpson.png,sentence_count,6.0
Bart,422,https://img.icons8.com/doodle/48/bart-simpson.png,sentence_count,60.0
Bart,423,https://img.icons8.com/doodle/48/bart-simpson.png,sentence_count,65.0
Bart,425,https://img.icons8.com/doodle/48/bart-simpson.png,sentence_count,18.0
Bart,426,https://img.icons8.com/doodle/48/bart-simpson.png,sentence_count,14.0
Bart,427,https://img.icons8.com/doodle/48/bart-simpson.png,sentence_count,26.0
Bart,428,https://img.icons8.com/doodle/48/bart-simpson.png,sentence_count,6.0
Bart,429,https://img.icons8.com/doodle/48/bart-simpson.png,sentence_count,14.0
Bart,430,https://img.icons8.com/doodle/48/bart-simpson.png,sentence_count,12.0
Bart,431,https://img.icons8.com/doodle/48/bart-simpson.png,sentence_count,21.0
Bart,432,https://img.icons8.com/doodle/48/bart-simpson.png,sentence_count,12.0
Bart,433,https://img.icons8.com/doodle/48/bart-simpson.png,sentence_count,5.0
Bart,434,https://img.icons8.com/doodle/48/bart-simpson.png,sentence_count,18.0
Bart,435,https://img.icons8.com/doodle/48/bart-simpson.png,sentence_count,8.0
Bart,436,https://img.icons8.com/doodle/48/bart-simpson.png,sentence_count,1.0
Bart,437,https://img.icons8.com/doodle/48/bart-simpson.png,sentence_count,59.0
Bart,438,https://img.icons8.com/doodle/48/bart-simpson.png,sentence_count,15.0
Bart,439,https://img.icons8.com/doodle/48/bart-simpson.png,sentence_count,14.0
Bart,442,https://img.icons8.com/doodle/48/bart-simpson.png,sentence_count,12.0
Bart,443,https://img.icons8.com/doodle/48/bart-simpson.png,sentence_count,56.0
Bart,444,https://img.icons8.com/doodle/48/bart-simpson.png,sentence_count,19.0
Bart,445,https://img.icons8.com/doodle/48/bart-simpson.png,sentence_count,32.0
Bart,446,https://img.icons8.com/doodle/48/bart-simpson.png,sentence_count,5.0
Bart,448,https://img.icons8.com/doodle/48/bart-simpson.png,sentence_count,9.0
Bart,449,https://img.icons8.com/doodle/48/bart-simpson.png,sentence_count,83.0
Bart,450,https://img.icons8.com/doodle/48/bart-simpson.png,sentence_count,23.0
Bart,451,https://img.icons8.com/doodle/48/bart-simpson.png,sentence_count,26.0
Bart,452,https://img.icons8.com/doodle/48/bart-simpson.png,sentence_count,34.0
Bart,453,https://img.icons8.com/doodle/48/bart-simpson.png,sentence_count,16.0
Bart,454,https://img.icons8.com/doodle/48/bart-simpson.png,sentence_count,10.0
Bart,455,https://img.icons8.com/doodle/48/bart-simpson.png,sentence_count,52.0
Bart,456,https://img.icons8.com/doodle/48/bart-simpson.png,sentence_count,43.0
Bart,457,https://img.icons8.com/doodle/48/bart-simpson.png,sentence_count,22.0
Bart,458,https://img.icons8.com/doodle/48/bart-simpson.png,sentence_count,24.0
Bart,459,https://img.icons8.com/doodle/48/bart-simpson.png,sentence_count,15.0
Bart,460,https://img.icons8.com/doodle/48/bart-simpson.png,sentence_count,14.0
Bart,461,https://img.icons8.com/doodle/48/bart-simpson.png,sentence_count,8.0
Bart,462,https://img.icons8.com/doodle/48/bart-simpson.png,sentence_count,7.0
Bart,463,https://img.icons8.com/doodle/48/bart-simpson.png,sentence_count,40.0
Bart,464,https://img.icons8.com/doodle/48/bart-simpson.png,sentence_count,7.0
Bart,465,https://img.icons8.com/doodle/48/bart-simpson.png,sentence_count,5.0
Bart,466,https://img.icons8.com/doodle/48/bart-simpson.png,sentence_count,4.0
Bart,467,https://img.icons8.com/doodle/48/bart-simpson.png,sentence_count,36.0
Bart,468,https://img.icons8.com/doodle/48/bart-simpson.png,sentence_count,28.0
Bart,469,https://img.icons8.com/doodle/48/bart-simpson.png,sentence_count,31.0
Bart,470,https://img.icons8.com/doodle/48/bart-simpson.png,sentence_count,13.0
Bart,471,https://img.icons8.com/doodle/48/bart-simpson.png,sentence_count,36.0
Bart,472,https://img.icons8.com/doodle/48/bart-simpson.png,sentence_count,30.0
Bart,473,https://img.icons8.com/doodle/48/bart-simpson.png,sentence_count,9.0
Bart,474,https://img.icons8.com/doodle/48/bart-simpson.png,sentence_count,39.0
Bart,475,https://img.icons8.com/doodle/48/bart-simpson.png,sentence_count,13.0
Bart,476,https://img.icons8.com/doodle/48/bart-simpson.png,sentence_count,41.0
Bart,477,https://img.icons8.com/doodle/48/bart-simpson.png,sentence_count,11.0
Bart,478,https://img.icons8.com/doodle/48/bart-simpson.png,sentence_count,30.0
Bart,479,https://img.icons8.com/doodle/48/bart-simpson.png,sentence_count,17.0
Bart,480,https://img.icons8.com/doodle/48/bart-simpson.png,sentence_count,7.0
Bart,481,https://img.icons8.com/doodle/48/bart-simpson.png,sentence_count,40.0
Bart,482,https://img.icons8.com/doodle/48/bart-simpson.png,sentence_count,13.0
Bart,483,https://img.icons8.com/doodle/48/bart-simpson.png,sentence_count,29.0
Bart,484,https://img.icons8.com/doodle/48/bart-simpson.png,sentence_count,15.0
Bart,485,https://img.icons8.com/doodle/48/bart-simpson.png,sentence_count,20.0
Bart,486,https://img.icons8.com/doodle/48/bart-simpson.png,sentence_count,25.0
Bart,487,https://img.icons8.com/doodle/48/bart-simpson.png,sentence_count,8.0
Bart,488,https://img.icons8.com/doodle/48/bart-simpson.png,sentence_count,47.0
Bart,489,https://img.icons8.com/doodle/48/bart-simpson.png,sentence_count,33.0
Bart,490,https://img.icons8.com/doodle/48/bart-simpson.png,sentence_count,23.0
Bart,491,https://img.icons8.com/doodle/48/bart-simpson.png,sentence_count,28.0
Bart,492,https://img.icons8.com/doodle/48/bart-simpson.png,sentence_count,36.0
Bart,493,https://img.icons8.com/doodle/48/bart-simpson.png,sentence_count,21.0
Bart,494,https://img.icons8.com/doodle/48/bart-simpson.png,sentence_count,11.0
Bart,495,https://img.icons8.com/doodle/48/bart-simpson.png,sentence_count,51.0
Bart,496,https://img.icons8.com/doodle/48/bart-simpson.png,sentence_count,12.0
Bart,497,https://img.icons8.com/doodle/48/bart-simpson.png,sentence_count,11.0
Bart,498,https://img.icons8.com/doodle/48/bart-simpson.png,sentence_count,23.0
Bart,499,https://img.icons8.com/doodle/48/bart-simpson.png,sentence_count,19.0
Bart,500,https://img.icons8.com/doodle/48/bart-simpson.png,sentence_count,16.0
Bart,501,https://img.icons8.com/doodle/48/bart-simpson.png,sentence_count,44.0
Bart,502,https://img.icons8.com/doodle/48/bart-simpson.png,sentence_count,14.0
Bart,503,https://img.icons8.com/doodle/48/bart-simpson.png,sentence_count,7.0
Bart,504,https://img.icons8.com/doodle/48/bart-simpson.png,sentence_count,39.0
Bart,505,https://img.icons8.com/doodle/48/bart-simpson.png,sentence_count,51.0
Bart,506,https://img.icons8.com/doodle/48/bart-simpson.png,sentence_count,9.0
Bart,507,https://img.icons8.com/doodle/48/bart-simpson.png,sentence_count,16.0
Bart,508,https://img.icons8.com/doodle/48/bart-simpson.png,sentence_count,12.0
Bart,509,https://img.icons8.com/doodle/48/bart-simpson.png,sentence_count,52.0
Bart,510,https://img.icons8.com/doodle/48/bart-simpson.png,sentence_count,20.0
Bart,511,https://img.icons8.com/doodle/48/bart-simpson.png,sentence_count,19.0
Bart,512,https://img.icons8.com/doodle/48/bart-simpson.png,sentence_count,13.0
Bart,513,https://img.icons8.com/doodle/48/bart-simpson.png,sentence_count,10.0
Bart,514,https://img.icons8.com/doodle/48/bart-simpson.png,sentence_count,8.0
Bart,515,https://img.icons8.com/doodle/48/bart-simpson.png,sentence_count,16.0
Bart,516,https://img.icons8.com/doodle/48/bart-simpson.png,sentence_count,16.0
Bart,517,https://img.icons8.com/doodle/48/bart-simpson.png,sentence_count,17.0
Bart,518,https://img.icons8.com/doodle/48/bart-simpson.png,sentence_count,30.0
Bart,519,https://img.icons8.com/doodle/48/bart-simpson.png,sentence_count,16.0
Bart,520,https://img.icons8.com/doodle/48/bart-simpson.png,sentence_count,54.0
Bart,521,https://img.icons8.com/doodle/48/bart-simpson.png,sentence_count,32.0
Bart,522,https://img.icons8.com/doodle/48/bart-simpson.png,sentence_count,27.0
Bart,523,https://img.icons8.com/doodle/48/bart-simpson.png,sentence_count,2.0
Bart,524,https://img.icons8.com/doodle/48/bart-simpson.png,sentence_count,13.0
Bart,525,https://img.icons8.com/doodle/48/bart-simpson.png,sentence_count,4.0
Bart,526,https://img.icons8.com/doodle/48/bart-simpson.png,sentence_count,22.0
Bart,527,https://img.icons8.com/doodle/48/bart-simpson.png,sentence_count,29.0
Bart,528,https://img.icons8.com/doodle/48/bart-simpson.png,sentence_count,37.0
Bart,529,https://img.icons8.com/doodle/48/bart-simpson.png,sentence_count,8.0
Bart,530,https://img.icons8.com/doodle/48/bart-simpson.png,sentence_count,7.0
Bart,531,https://img.icons8.com/doodle/48/bart-simpson.png,sentence_count,10.0
Bart,532,https://img.icons8.com/doodle/48/bart-simpson.png,sentence_count,32.0
Bart,533,https://img.icons8.com/doodle/48/bart-simpson.png,sentence_count,9.0
Bart,534,https://img.icons8.com/doodle/48/bart-simpson.png,sentence_count,13.0
Bart,535,https://img.icons8.com/doodle/48/bart-simpson.png,sentence_count,6.0
Bart,536,https://img.icons8.com/doodle/48/bart-simpson.png,sentence_count,31.0
Bart,537,https://img.icons8.com/doodle/48/bart-simpson.png,sentence_count,34.0
Bart,538,https://img.icons8.com/doodle/48/bart-simpson.png,sentence_count,22.0
Bart,539,https://img.icons8.com/doodle/48/bart-simpson.png,sentence_count,12.0
Bart,540,https://img.icons8.com/doodle/48/bart-simpson.png,sentence_count,8.0
Bart,541,https://img.icons8.com/doodle/48/bart-simpson.png,sentence_count,16.0
Bart,542,https://img.icons8.com/doodle/48/bart-simpson.png,sentence_count,69.0
Bart,543,https://img.icons8.com/doodle/48/bart-simpson.png,sentence_count,16.0
Bart,544,https://img.icons8.com/doodle/48/bart-simpson.png,sentence_count,15.0
Bart,545,https://img.icons8.com/doodle/48/bart-simpson.png,sentence_count,10.0
Bart,546,https://img.icons8.com/doodle/48/bart-simpson.png,sentence_count,14.0
Bart,547,https://img.icons8.com/doodle/48/bart-simpson.png,sentence_count,33.0
Bart,548,https://img.icons8.com/doodle/48/bart-simpson.png,sentence_count,67.0
Bart,549,https://img.icons8.com/doodle/48/bart-simpson.png,sentence_count,51.0
Bart,551,https://img.icons8.com/doodle/48/bart-simpson.png,sentence_count,13.0
Bart,552,https://img.icons8.com/doodle/48/bart-simpson.png,sentence_count,32.0
Bart,553,https://img.icons8.com/doodle/48/bart-simpson.png,sentence_count,13.0
Bart,554,https://img.icons8.com/doodle/48/bart-simpson.png,sentence_count,34.0
Bart,555,https://img.icons8.com/doodle/48/bart-simpson.png,sentence_count,13.0
Bart,556,https://img.icons8.com/doodle/48/bart-simpson.png,sentence_count,27.0
Bart,557,https://img.icons8.com/doodle/48/bart-simpson.png,sentence_count,3.0
Bart,558,https://img.icons8.com/doodle/48/bart-simpson.png,sentence_count,17.0
Bart,559,https://img.icons8.com/doodle/48/bart-simpson.png,sentence_count,29.0
Bart,560,https://img.icons8.com/doodle/48/bart-simpson.png,sentence_count,3.0
Bart,561,https://img.icons8.com/doodle/48/bart-simpson.png,sentence_count,16.0
Bart,562,https://img.icons8.com/doodle/48/bart-simpson.png,sentence_count,16.0
Bart,563,https://img.icons8.com/doodle/48/bart-simpson.png,sentence_count,36.0
Bart,564,https://img.icons8.com/doodle/48/bart-simpson.png,sentence_count,8.0
Bart,565,https://img.icons8.com/doodle/48/bart-simpson.png,sentence_count,26.0
Bart,567,https://img.icons8.com/doodle/48/bart-simpson.png,sentence_count,2.0
Bart,568,https://img.icons8.com/doodle/48/bart-simpson.png,sentence_count,9.0
Chief Wiggum,3,https://img.icons8.com/doodle/48/clancy-wiggum.png,sentence_count,1.0
Chief Wiggum,8,https://img.icons8.com/doodle/48/clancy-wiggum.png,sentence_count,1.0
Chief Wiggum,12,https://img.icons8.com/doodle/48/clancy-wiggum.png,sentence_count,8.0
Chief Wiggum,24,https://img.icons8.com/doodle/48/clancy-wiggum.png,sentence_count,1.0
Chief Wiggum,36,https://img.icons8.com/doodle/48/clancy-wiggum.png,sentence_count,2.0
Chief Wiggum,39,https://img.icons8.com/doodle/48/clancy-wiggum.png,sentence_count,15.0
Chief Wiggum,40,https://img.icons8.com/doodle/48/clancy-wiggum.png,sentence_count,2.0
Chief Wiggum,41,https://img.icons8.com/doodle/48/clancy-wiggum.png,sentence_count,1.0
Chief Wiggum,48,https://img.icons8.com/doodle/48/clancy-wiggum.png,sentence_count,5.0
Chief Wiggum,49,https://img.icons8.com/doodle/48/clancy-wiggum.png,sentence_count,1.0
Chief Wiggum,50,https://img.icons8.com/doodle/48/clancy-wiggum.png,sentence_count,18.0
Chief Wiggum,52,https://img.icons8.com/doodle/48/clancy-wiggum.png,sentence_count,6.0
Chief Wiggum,53,https://img.icons8.com/doodle/48/clancy-wiggum.png,sentence_count,6.0
Chief Wiggum,54,https://img.icons8.com/doodle/48/clancy-wiggum.png,sentence_count,1.0
Chief Wiggum,56,https://img.icons8.com/doodle/48/clancy-wiggum.png,sentence_count,6.0
Chief Wiggum,57,https://img.icons8.com/doodle/48/clancy-wiggum.png,sentence_count,1.0
Chief Wiggum,61,https://img.icons8.com/doodle/48/clancy-wiggum.png,sentence_count,5.0
Chief Wiggum,62,https://img.icons8.com/doodle/48/clancy-wiggum.png,sentence_count,2.0
Chief Wiggum,63,https://img.icons8.com/doodle/48/clancy-wiggum.png,sentence_count,3.0
Chief Wiggum,64,https://img.icons8.com/doodle/48/clancy-wiggum.png,sentence_count,1.0
Chief Wiggum,65,https://img.icons8.com/doodle/48/clancy-wiggum.png,sentence_count,2.0
Chief Wiggum,66,https://img.icons8.com/doodle/48/clancy-wiggum.png,sentence_count,1.0
Chief Wiggum,69,https://img.icons8.com/doodle/48/clancy-wiggum.png,sentence_count,1.0
Chief Wiggum,70,https://img.icons8.com/doodle/48/clancy-wiggum.png,sentence_count,3.0
Chief Wiggum,71,https://img.icons8.com/doodle/48/clancy-wiggum.png,sentence_count,10.0
Chief Wiggum,73,https://img.icons8.com/doodle/48/clancy-wiggum.png,sentence_count,2.0
Chief Wiggum,74,https://img.icons8.com/doodle/48/clancy-wiggum.png,sentence_count,20.0
Chief Wiggum,75,https://img.icons8.com/doodle/48/clancy-wiggum.png,sentence_count,8.0
Chief Wiggum,76,https://img.icons8.com/doodle/48/clancy-wiggum.png,sentence_count,1.0
Chief Wiggum,77,https://img.icons8.com/doodle/48/clancy-wiggum.png,sentence_count,2.0
Chief Wiggum,79,https://img.icons8.com/doodle/48/clancy-wiggum.png,sentence_count,1.0
Chief Wiggum,80,https://img.icons8.com/doodle/48/clancy-wiggum.png,sentence_count,7.0
Chief Wiggum,81,https://img.icons8.com/doodle/48/clancy-wiggum.png,sentence_count,2.0
Chief Wiggum,82,https://img.icons8.com/doodle/48/clancy-wiggum.png,sentence_count,13.0
Chief Wiggum,83,https://img.icons8.com/doodle/48/clancy-wiggum.png,sentence_count,12.0
Chief Wiggum,86,https://img.icons8.com/doodle/48/clancy-wiggum.png,sentence_count,3.0
Chief Wiggum,87,https://img.icons8.com/doodle/48/clancy-wiggum.png,sentence_count,17.0
Chief Wiggum,88,https://img.icons8.com/doodle/48/clancy-wiggum.png,sentence_count,3.0
Chief Wiggum,89,https://img.icons8.com/doodle/48/clancy-wiggum.png,sentence_count,4.0
Chief Wiggum,92,https://img.icons8.com/doodle/48/clancy-wiggum.png,sentence_count,16.0
Chief Wiggum,97,https://img.icons8.com/doodle/48/clancy-wiggum.png,sentence_count,3.0
Chief Wiggum,98,https://img.icons8.com/doodle/48/clancy-wiggum.png,sentence_count,5.0
Chief Wiggum,99,https://img.icons8.com/doodle/48/clancy-wiggum.png,sentence_count,2.0
Chief Wiggum,100,https://img.icons8.com/doodle/48/clancy-wiggum.png,sentence_count,1.0
Chief Wiggum,101,https://img.icons8.com/doodle/48/clancy-wiggum.png,sentence_count,3.0
Chief Wiggum,103,https://img.icons8.com/doodle/48/clancy-wiggum.png,sentence_count,1.0
Chief Wiggum,104,https://img.icons8.com/doodle/48/clancy-wiggum.png,sentence_count,1.0
Chief Wiggum,106,https://img.icons8.com/doodle/48/clancy-wiggum.png,sentence_count,2.0
Chief Wiggum,109,https://img.icons8.com/doodle/48/clancy-wiggum.png,sentence_count,1.0
Chief Wiggum,111,https://img.icons8.com/doodle/48/clancy-wiggum.png,sentence_count,7.0
Chief Wiggum,116,https://img.icons8.com/doodle/48/clancy-wiggum.png,sentence_count,1.0
Chief Wiggum,117,https://img.icons8.com/doodle/48/clancy-wiggum.png,sentence_count,1.0
Chief Wiggum,118,https://img.icons8.com/doodle/48/clancy-wiggum.png,sentence_count,3.0
Chief Wiggum,120,https://img.icons8.com/doodle/48/clancy-wiggum.png,sentence_count,5.0
Chief Wiggum,121,https://img.icons8.com/doodle/48/clancy-wiggum.png,sentence_count,4.0
Chief Wiggum,122,https://img.icons8.com/doodle/48/clancy-wiggum.png,sentence_count,4.0
Chief Wiggum,123,https://img.icons8.com/doodle/48/clancy-wiggum.png,sentence_count,4.0
Chief Wiggum,125,https://img.icons8.com/doodle/48/clancy-wiggum.png,sentence_count,4.0
Chief Wiggum,126,https://img.icons8.com/doodle/48/clancy-wiggum.png,sentence_count,19.0
Chief Wiggum,128,https://img.icons8.com/doodle/48/clancy-wiggum.png,sentence_count,3.0
Chief Wiggum,129,https://img.icons8.com/doodle/48/clancy-wiggum.png,sentence_count,36.0
Chief Wiggum,130,https://img.icons8.com/doodle/48/clancy-wiggum.png,sentence_count,5.0
Chief Wiggum,132,https://img.icons8.com/doodle/48/clancy-wiggum.png,sentence_count,4.0
Chief Wiggum,133,https://img.icons8.com/doodle/48/clancy-wiggum.png,sentence_count,2.0
Chief Wiggum,134,https://img.icons8.com/doodle/48/clancy-wiggum.png,sentence_count,9.0
Chief Wiggum,136,https://img.icons8.com/doodle/48/clancy-wiggum.png,sentence_count,6.0
Chief Wiggum,137,https://img.icons8.com/doodle/48/clancy-wiggum.png,sentence_count,9.0
Chief Wiggum,140,https://img.icons8.com/doodle/48/clancy-wiggum.png,sentence_count,2.0
Chief Wiggum,141,https://img.icons8.com/doodle/48/clancy-wiggum.png,sentence_count,1.0
Chief Wiggum,143,https://img.icons8.com/doodle/48/clancy-wiggum.png,sentence_count,2.0
Chief Wiggum,144,https://img.icons8.com/doodle/48/clancy-wiggum.png,sentence_count,8.0
Chief Wiggum,145,https://img.icons8.com/doodle/48/clancy-wiggum.png,sentence_count,1.0
Chief Wiggum,147,https://img.icons8.com/doodle/48/clancy-wiggum.png,sentence_count,5.0
Chief Wiggum,149,https://img.icons8.com/doodle/48/clancy-wiggum.png,sentence_count,7.0
Chief Wiggum,150,https://img.icons8.com/doodle/48/clancy-wiggum.png,sentence_count,3.0
Chief Wiggum,151,https://img.icons8.com/doodle/48/clancy-wiggum.png,sentence_count,3.0
Chief Wiggum,155,https://img.icons8.com/doodle/48/clancy-wiggum.png,sentence_count,1.0
Chief Wiggum,157,https://img.icons8.com/doodle/48/clancy-wiggum.png,sentence_count,6.0
Chief Wiggum,158,https://img.icons8.com/doodle/48/clancy-wiggum.png,sentence_count,3.0
Chief Wiggum,160,https://img.icons8.com/doodle/48/clancy-wiggum.png,sentence_count,6.0
Chief Wiggum,161,https://img.icons8.com/doodle/48/clancy-wiggum.png,sentence_count,1.0
Chief Wiggum,162,https://img.icons8.com/doodle/48/clancy-wiggum.png,sentence_count,6.0
Chief Wiggum,163,https://img.icons8.com/doodle/48/clancy-wiggum.png,sentence_count,2.0
Chief Wiggum,164,https://img.icons8.com/doodle/48/clancy-wiggum.png,sentence_count,3.0
Chief Wiggum,166,https://img.icons8.com/doodle/48/clancy-wiggum.png,sentence_count,1.0
Chief Wiggum,169,https://img.icons8.com/doodle/48/clancy-wiggum.png,sentence_count,9.0
Chief Wiggum,170,https://img.icons8.com/doodle/48/clancy-wiggum.png,sentence_count,10.0
Chief Wiggum,171,https://img.icons8.com/doodle/48/clancy-wiggum.png,sentence_count,20.0
Chief Wiggum,172,https://img.icons8.com/doodle/48/clancy-wiggum.png,sentence_count,7.0
Chief Wiggum,173,https://img.icons8.com/doodle/48/clancy-wiggum.png,sentence_count,9.0
Chief Wiggum,174,https://img.icons8.com/doodle/48/clancy-wiggum.png,sentence_count,1.0
Chief Wiggum,176,https://img.icons8.com/doodle/48/clancy-wiggum.png,sentence_count,1.0
Chief Wiggum,177,https://img.icons8.com/doodle/48/clancy-wiggum.png,sentence_count,27.0
Chief Wiggum,178,https://img.icons8.com/doodle/48/clancy-wiggum.png,sentence_count,14.0
Chief Wiggum,182,https://img.icons8.com/doodle/48/clancy-wiggum.png,sentence_count,8.0
Chief Wiggum,184,https://img.icons8.com/doodle/48/clancy-wiggum.png,sentence_count,2.0
Chief Wiggum,186,https://img.icons8.com/doodle/48/clancy-wiggum.png,sentence_count,13.0
Chief Wiggum,187,https://img.icons8.com/doodle/48/clancy-wiggum.png,sentence_count,7.0
Chief Wiggum,188,https://img.icons8.com/doodle/48/clancy-wiggum.png,sentence_count,4.0
Chief Wiggum,190,https://img.icons8.com/doodle/48/clancy-wiggum.png,sentence_count,8.0
Chief Wiggum,192,https://img.icons8.com/doodle/48/clancy-wiggum.png,sentence_count,1.0
Chief Wiggum,193,https://img.icons8.com/doodle/48/clancy-wiggum.png,sentence_count,1.0
Chief Wiggum,194,https://img.icons8.com/doodle/48/clancy-wiggum.png,sentence_count,12.0
Chief Wiggum,195,https://img.icons8.com/doodle/48/clancy-wiggum.png,sentence_count,2.0
Chief Wiggum,196,https://img.icons8.com/doodle/48/clancy-wiggum.png,sentence_count,17.0
Chief Wiggum,198,https://img.icons8.com/doodle/48/clancy-wiggum.png,sentence_count,3.0
Chief Wiggum,200,https://img.icons8.com/doodle/48/clancy-wiggum.png,sentence_count,2.0
Chief Wiggum,201,https://img.icons8.com/doodle/48/clancy-wiggum.png,sentence_count,1.0
Chief Wiggum,202,https://img.icons8.com/doodle/48/clancy-wiggum.png,sentence_count,2.0
Chief Wiggum,203,https://img.icons8.com/doodle/48/clancy-wiggum.png,sentence_count,5.0
Chief Wiggum,207,https://img.icons8.com/doodle/48/clancy-wiggum.png,sentence_count,15.0
Chief Wiggum,208,https://img.icons8.com/doodle/48/clancy-wiggum.png,sentence_count,2.0
Chief Wiggum,209,https://img.icons8.com/doodle/48/clancy-wiggum.png,sentence_count,8.0
Chief Wiggum,212,https://img.icons8.com/doodle/48/clancy-wiggum.png,sentence_count,3.0
Chief Wiggum,214,https://img.icons8.com/doodle/48/clancy-wiggum.png,sentence_count,18.0
Chief Wiggum,215,https://img.icons8.com/doodle/48/clancy-wiggum.png,sentence_count,8.0
Chief Wiggum,216,https://img.icons8.com/doodle/48/clancy-wiggum.png,sentence_count,17.0
Chief Wiggum,217,https://img.icons8.com/doodle/48/clancy-wiggum.png,sentence_count,13.0
Chief Wiggum,218,https://img.icons8.com/doodle/48/clancy-wiggum.png,sentence_count,20.0
Chief Wiggum,219,https://img.icons8.com/doodle/48/clancy-wiggum.png,sentence_count,3.0
Chief Wiggum,220,https://img.icons8.com/doodle/48/clancy-wiggum.png,sentence_count,1.0
Chief Wiggum,221,https://img.icons8.com/doodle/48/clancy-wiggum.png,sentence_count,12.0
Chief Wiggum,222,https://img.icons8.com/doodle/48/clancy-wiggum.png,sentence_count,4.0
Chief Wiggum,223,https://img.icons8.com/doodle/48/clancy-wiggum.png,sentence_count,4.0
Chief Wiggum,225,https://img.icons8.com/doodle/48/clancy-wiggum.png,sentence_count,9.0
Chief Wiggum,227,https://img.icons8.com/doodle/48/clancy-wiggum.png,sentence_count,2.0
Chief Wiggum,228,https://img.icons8.com/doodle/48/clancy-wiggum.png,sentence_count,5.0
Chief Wiggum,229,https://img.icons8.com/doodle/48/clancy-wiggum.png,sentence_count,5.0
Chief Wiggum,230,https://img.icons8.com/doodle/48/clancy-wiggum.png,sentence_count,7.0
Chief Wiggum,231,https://img.icons8.com/doodle/48/clancy-wiggum.png,sentence_count,6.0
Chief Wiggum,232,https://img.icons8.com/doodle/48/clancy-wiggum.png,sentence_count,2.0
Chief Wiggum,233,https://img.icons8.com/doodle/48/clancy-wiggum.png,sentence_count,4.0
Chief Wiggum,234,https://img.icons8.com/doodle/48/clancy-wiggum.png,sentence_count,5.0
Chief Wiggum,235,https://img.icons8.com/doodle/48/clancy-wiggum.png,sentence_count,2.0
Chief Wiggum,239,https://img.icons8.com/doodle/48/clancy-wiggum.png,sentence_count,3.0
Chief Wiggum,240,https://img.icons8.com/doodle/48/clancy-wiggum.png,sentence_count,2.0
Chief Wiggum,246,https://img.icons8.com/doodle/48/clancy-wiggum.png,sentence_count,11.0
Chief Wiggum,247,https://img.icons8.com/doodle/48/clancy-wiggum.png,sentence_count,9.0
Chief Wiggum,248,https://img.icons8.com/doodle/48/clancy-wiggum.png,sentence_count,1.0
Chief Wiggum,249,https://img.icons8.com/doodle/48/clancy-wiggum.png,sentence_count,1.0
Chief Wiggum,250,https://img.icons8.com/doodle/48/clancy-wiggum.png,sentence_count,1.0
Chief Wiggum,252,https://img.icons8.com/doodle/48/clancy-wiggum.png,sentence_count,8.0
Chief Wiggum,253,https://img.icons8.com/doodle/48/clancy-wiggum.png,sentence_count,2.0
Chief Wiggum,254,https://img.icons8.com/doodle/48/clancy-wiggum.png,sentence_count,13.0
Chief Wiggum,255,https://img.icons8.com/doodle/48/clancy-wiggum.png,sentence_count,4.0
Chief Wiggum,256,https://img.icons8.com/doodle/48/clancy-wiggum.png,sentence_count,2.0
Chief Wiggum,258,https://img.icons8.com/doodle/48/clancy-wiggum.png,sentence_count,11.0
Chief Wiggum,259,https://img.icons8.com/doodle/48/clancy-wiggum.png,sentence_count,8.0
Chief Wiggum,260,https://img.icons8.com/doodle/48/clancy-wiggum.png,sentence_count,12.0
Chief Wiggum,261,https://img.icons8.com/doodle/48/clancy-wiggum.png,sentence_count,11.0
Chief Wiggum,262,https://img.icons8.com/doodle/48/clancy-wiggum.png,sentence_count,1.0
Chief Wiggum,263,https://img.icons8.com/doodle/48/clancy-wiggum.png,sentence_count,1.0
Chief Wiggum,266,https://img.icons8.com/doodle/48/clancy-wiggum.png,sentence_count,20.0
Chief Wiggum,267,https://img.icons8.com/doodle/48/clancy-wiggum.png,sentence_count,9.0
Chief Wiggum,268,https://img.icons8.com/doodle/48/clancy-wiggum.png,sentence_count,2.0
Chief Wiggum,269,https://img.icons8.com/doodle/48/clancy-wiggum.png,sentence_count,3.0
Chief Wiggum,271,https://img.icons8.com/doodle/48/clancy-wiggum.png,sentence_count,12.0
Chief Wiggum,273,https://img.icons8.com/doodle/48/clancy-wiggum.png,sentence_count,11.0
Chief Wiggum,274,https://img.icons8.com/doodle/48/clancy-wiggum.png,sentence_count,13.0
Chief Wiggum,276,https://img.icons8.com/doodle/48/clancy-wiggum.png,sentence_count,6.0
Chief Wiggum,277,https://img.icons8.com/doodle/48/clancy-wiggum.png,sentence_count,8.0
Chief Wiggum,279,https://img.icons8.com/doodle/48/clancy-wiggum.png,sentence_count,2.0
Chief Wiggum,280,https://img.icons8.com/doodle/48/clancy-wiggum.png,sentence_count,3.0
Chief Wiggum,281,https://img.icons8.com/doodle/48/clancy-wiggum.png,sentence_count,2.0
Chief Wiggum,282,https://img.icons8.com/doodle/48/clancy-wiggum.png,sentence_count,5.0
Chief Wiggum,283,https://img.icons8.com/doodle/48/clancy-wiggum.png,sentence_count,8.0
Chief Wiggum,285,https://img.icons8.com/doodle/48/clancy-wiggum.png,sentence_count,4.0
Chief Wiggum,286,https://img.icons8.com/doodle/48/clancy-wiggum.png,sentence_count,8.0
Chief Wiggum,290,https://img.icons8.com/doodle/48/clancy-wiggum.png,sentence_count,16.0
Chief Wiggum,291,https://img.icons8.com/doodle/48/clancy-wiggum.png,sentence_count,8.0
Chief Wiggum,292,https://img.icons8.com/doodle/48/clancy-wiggum.png,sentence_count,5.0
Chief Wiggum,293,https://img.icons8.com/doodle/48/clancy-wiggum.png,sentence_count,5.0
Chief Wiggum,295,https://img.icons8.com/doodle/48/clancy-wiggum.png,sentence_count,5.0
Chief Wiggum,297,https://img.icons8.com/doodle/48/clancy-wiggum.png,sentence_count,18.0
Chief Wiggum,299,https://img.icons8.com/doodle/48/clancy-wiggum.png,sentence_count,10.0
Chief Wiggum,300,https://img.icons8.com/doodle/48/clancy-wiggum.png,sentence_count,5.0
Chief Wiggum,304,https://img.icons8.com/doodle/48/clancy-wiggum.png,sentence_count,5.0
Chief Wiggum,307,https://img.icons8.com/doodle/48/clancy-wiggum.png,sentence_count,2.0
Chief Wiggum,308,https://img.icons8.com/doodle/48/clancy-wiggum.png,sentence_count,1.0
Chief Wiggum,309,https://img.icons8.com/doodle/48/clancy-wiggum.png,sentence_count,6.0
Chief Wiggum,311,https://img.icons8.com/doodle/48/clancy-wiggum.png,sentence_count,1.0
Chief Wiggum,312,https://img.icons8.com/doodle/48/clancy-wiggum.png,sentence_count,9.0
Chief Wiggum,313,https://img.icons8.com/doodle/48/clancy-wiggum.png,sentence_count,8.0
Chief Wiggum,315,https://img.icons8.com/doodle/48/clancy-wiggum.png,sentence_count,10.0
Chief Wiggum,316,https://img.icons8.com/doodle/48/clancy-wiggum.png,sentence_count,4.0
Chief Wiggum,318,https://img.icons8.com/doodle/48/clancy-wiggum.png,sentence_count,2.0
Chief Wiggum,319,https://img.icons8.com/doodle/48/clancy-wiggum.png,sentence_count,1.0
Chief Wiggum,320,https://img.icons8.com/doodle/48/clancy-wiggum.png,sentence_count,1.0
Chief Wiggum,321,https://img.icons8.com/doodle/48/clancy-wiggum.png,sentence_count,4.0
Chief Wiggum,322,https://img.icons8.com/doodle/48/clancy-wiggum.png,sentence_count,2.0
Chief Wiggum,326,https://img.icons8.com/doodle/48/clancy-wiggum.png,sentence_count,15.0
Chief Wiggum,327,https://img.icons8.com/doodle/48/clancy-wiggum.png,sentence_count,1.0
Chief Wiggum,328,https://img.icons8.com/doodle/48/clancy-wiggum.png,sentence_count,5.0
Chief Wiggum,329,https://img.icons8.com/doodle/48/clancy-wiggum.png,sentence_count,18.0
Chief Wiggum,330,https://img.icons8.com/doodle/48/clancy-wiggum.png,sentence_count,5.0
Chief Wiggum,332,https://img.icons8.com/doodle/48/clancy-wiggum.png,sentence_count,13.0
Chief Wiggum,333,https://img.icons8.com/doodle/48/clancy-wiggum.png,sentence_count,2.0
Chief Wiggum,336,https://img.icons8.com/doodle/48/clancy-wiggum.png,sentence_count,25.0
Chief Wiggum,337,https://img.icons8.com/doodle/48/clancy-wiggum.png,sentence_count,6.0
Chief Wiggum,339,https://img.icons8.com/doodle/48/clancy-wiggum.png,sentence_count,3.0
Chief Wiggum,340,https://img.icons8.com/doodle/48/clancy-wiggum.png,sentence_count,5.0
Chief Wiggum,341,https://img.icons8.com/doodle/48/clancy-wiggum.png,sentence_count,8.0
Chief Wiggum,342,https://img.icons8.com/doodle/48/clancy-wiggum.png,sentence_count,6.0
Chief Wiggum,344,https://img.icons8.com/doodle/48/clancy-wiggum.png,sentence_count,43.0
Chief Wiggum,346,https://img.icons8.com/doodle/48/clancy-wiggum.png,sentence_count,10.0
Chief Wiggum,348,https://img.icons8.com/doodle/48/clancy-wiggum.png,sentence_count,2.0
Chief Wiggum,349,https://img.icons8.com/doodle/48/clancy-wiggum.png,sentence_count,9.0
Chief Wiggum,350,https://img.icons8.com/doodle/48/clancy-wiggum.png,sentence_count,3.0
Chief Wiggum,354,https://img.icons8.com/doodle/48/clancy-wiggum.png,sentence_count,1.0
Chief Wiggum,358,https://img.icons8.com/doodle/48/clancy-wiggum.png,sentence_count,5.0
Chief Wiggum,359,https://img.icons8.com/doodle/48/clancy-wiggum.png,sentence_count,3.0
Chief Wiggum,360,https://img.icons8.com/doodle/48/clancy-wiggum.png,sentence_count,1.0
Chief Wiggum,361,https://img.icons8.com/doodle/48/clancy-wiggum.png,sentence_count,3.0
Chief Wiggum,362,https://img.icons8.com/doodle/48/clancy-wiggum.png,sentence_count,5.0
Chief Wiggum,363,https://img.icons8.com/doodle/48/clancy-wiggum.png,sentence_count,5.0
Chief Wiggum,364,https://img.icons8.com/doodle/48/clancy-wiggum.png,sentence_count,4.0
Chief Wiggum,365,https://img.icons8.com/doodle/48/clancy-wiggum.png,sentence_count,2.0
Chief Wiggum,366,https://img.icons8.com/doodle/48/clancy-wiggum.png,sentence_count,2.0
Chief Wiggum,367,https://img.icons8.com/doodle/48/clancy-wiggum.png,sentence_count,2.0
Chief Wiggum,372,https://img.icons8.com/doodle/48/clancy-wiggum.png,sentence_count,4.0
Chief Wiggum,374,https://img.icons8.com/doodle/48/clancy-wiggum.png,sentence_count,3.0
Chief Wiggum,376,https://img.icons8.com/doodle/48/clancy-wiggum.png,sentence_count,2.0
Chief Wiggum,377,https://img.icons8.com/doodle/48/clancy-wiggum.png,sentence_count,3.0
Chief Wiggum,380,https://img.icons8.com/doodle/48/clancy-wiggum.png,sentence_count,5.0
Chief Wiggum,382,https://img.icons8.com/doodle/48/clancy-wiggum.png,sentence_count,13.0
Chief Wiggum,385,https://img.icons8.com/doodle/48/clancy-wiggum.png,sentence_count,2.0
Chief Wiggum,389,https://img.icons8.com/doodle/48/clancy-wiggum.png,sentence_count,7.0
Chief Wiggum,391,https://img.icons8.com/doodle/48/clancy-wiggum.png,sentence_count,14.0
Chief Wiggum,396,https://img.icons8.com/doodle/48/clancy-wiggum.png,sentence_count,5.0
Chief Wiggum,398,https://img.icons8.com/doodle/48/clancy-wiggum.png,sentence_count,24.0
Chief Wiggum,399,https://img.icons8.com/doodle/48/clancy-wiggum.png,sentence_count,3.0
Chief Wiggum,402,https://img.icons8.com/doodle/48/clancy-wiggum.png,sentence_count,11.0
Chief Wiggum,403,https://img.icons8.com/doodle/48/clancy-wiggum.png,sentence_count,1.0
Chief Wiggum,404,https://img.icons8.com/doodle/48/clancy-wiggum.png,sentence_count,11.0
Chief Wiggum,405,https://img.icons8.com/doodle/48/clancy-wiggum.png,sentence_count,2.0
Chief Wiggum,408,https://img.icons8.com/doodle/48/clancy-wiggum.png,sentence_count,1.0
Chief Wiggum,409,https://img.icons8.com/doodle/48/clancy-wiggum.png,sentence_count,11.0
Chief Wiggum,410,https://img.icons8.com/doodle/48/clancy-wiggum.png,sentence_count,4.0
Chief Wiggum,412,https://img.icons8.com/doodle/48/clancy-wiggum.png,sentence_count,7.0
Chief Wiggum,414,https://img.icons8.com/doodle/48/clancy-wiggum.png,sentence_count,8.0
Chief Wiggum,416,https://img.icons8.com/doodle/48/clancy-wiggum.png,sentence_count,3.0
Chief Wiggum,418,https://img.icons8.com/doodle/48/clancy-wiggum.png,sentence_count,2.0
Chief Wiggum,421,https://img.icons8.com/doodle/48/clancy-wiggum.png,sentence_count,1.0
Chief Wiggum,423,https://img.icons8.com/doodle/48/clancy-wiggum.png,sentence_count,3.0
Chief Wiggum,428,https://img.icons8.com/doodle/48/clancy-wiggum.png,sentence_count,2.0
Chief Wiggum,430,https://img.icons8.com/doodle/48/clancy-wiggum.png,sentence_count,1.0
Chief Wiggum,434,https://img.icons8.com/doodle/48/clancy-wiggum.png,sentence_count,4.0
Chief Wiggum,437,https://img.icons8.com/doodle/48/clancy-wiggum.png,sentence_count,1.0
Chief Wiggum,439,https://img.icons8.com/doodle/48/clancy-wiggum.png,sentence_count,9.0
Chief Wiggum,440,https://img.icons8.com/doodle/48/clancy-wiggum.png,sentence_count,2.0
Chief Wiggum,448,https://img.icons8.com/doodle/48/clancy-wiggum.png,sentence_count,6.0
Chief Wiggum,449,https://img.icons8.com/doodle/48/clancy-wiggum.png,sentence_count,5.0
Chief Wiggum,450,https://img.icons8.com/doodle/48/clancy-wiggum.png,sentence_count,3.0
Chief Wiggum,452,https://img.icons8.com/doodle/48/clancy-wiggum.png,sentence_count,1.0
Chief Wiggum,453,https://img.icons8.com/doodle/48/clancy-wiggum.png,sentence_count,1.0
Chief Wiggum,455,https://img.icons8.com/doodle/48/clancy-wiggum.png,sentence_count,1.0
Chief Wiggum,458,https://img.icons8.com/doodle/48/clancy-wiggum.png,sentence_count,3.0
Chief Wiggum,459,https://img.icons8.com/doodle/48/clancy-wiggum.png,sentence_count,67.0
Chief Wiggum,460,https://img.icons8.com/doodle/48/clancy-wiggum.png,sentence_count,3.0
Chief Wiggum,461,https://img.icons8.com/doodle/48/clancy-wiggum.png,sentence_count,13.0
Chief Wiggum,463,https://img.icons8.com/doodle/48/clancy-wiggum.png,sentence_count,10.0
Chief Wiggum,466,https://img.icons8.com/doodle/48/clancy-wiggum.png,sentence_count,5.0
Chief Wiggum,468,https://img.icons8.com/doodle/48/clancy-wiggum.png,sentence_count,3.0
Chief Wiggum,470,https://img.icons8.com/doodle/48/clancy-wiggum.png,sentence_count,4.0
Chief Wiggum,472,https://img.icons8.com/doodle/48/clancy-wiggum.png,sentence_count,1.0
Chief Wiggum,473,https://img.icons8.com/doodle/48/clancy-wiggum.png,sentence_count,13.0
Chief Wiggum,480,https://img.icons8.com/doodle/48/clancy-wiggum.png,sentence_count,4.0
Chief Wiggum,482,https://img.icons8.com/doodle/48/clancy-wiggum.png,sentence_count,3.0
Chief Wiggum,483,https://img.icons8.com/doodle/48/clancy-wiggum.png,sentence_count,3.0
Chief Wiggum,484,https://img.icons8.com/doodle/48/clancy-wiggum.png,sentence_count,6.0
Chief Wiggum,485,https://img.icons8.com/doodle/48/clancy-wiggum.png,sentence_count,9.0
Chief Wiggum,488,https://img.icons8.com/doodle/48/clancy-wiggum.png,sentence_count,3.0
Chief Wiggum,489,https://img.icons8.com/doodle/48/clancy-wiggum.png,sentence_count,1.0
Chief Wiggum,490,https://img.icons8.com/doodle/48/clancy-wiggum.png,sentence_count,4.0
Chief Wiggum,491,https://img.icons8.com/doodle/48/clancy-wiggum.png,sentence_count,4.0
Chief Wiggum,498,https://img.icons8.com/doodle/48/clancy-wiggum.png,sentence_count,8.0
Chief Wiggum,499,https://img.icons8.com/doodle/48/clancy-wiggum.png,sentence_count,2.0
Chief Wiggum,500,https://img.icons8.com/doodle/48/clancy-wiggum.png,sentence_count,8.0
Chief Wiggum,501,https://img.icons8.com/doodle/48/clancy-wiggum.png,sentence_count,11.0
Chief Wiggum,502,https://img.icons8.com/doodle/48/clancy-wiggum.png,sentence_count,2.0
Chief Wiggum,504,https://img.icons8.com/doodle/48/clancy-wiggum.png,sentence_count,1.0
Chief Wiggum,506,https://img.icons8.com/doodle/48/clancy-wiggum.png,sentence_count,2.0
Chief Wiggum,507,https://img.icons8.com/doodle/48/clancy-wiggum.png,sentence_count,4.0
Chief Wiggum,508,https://img.icons8.com/doodle/48/clancy-wiggum.png,sentence_count,2.0
Chief Wiggum,509,https://img.icons8.com/doodle/48/clancy-wiggum.png,sentence_count,2.0
Chief Wiggum,510,https://img.icons8.com/doodle/48/clancy-wiggum.png,sentence_count,4.0
Chief Wiggum,511,https://img.icons8.com/doodle/48/clancy-wiggum.png,sentence_count,3.0
Chief Wiggum,513,https://img.icons8.com/doodle/48/clancy-wiggum.png,sentence_count,3.0
Chief Wiggum,514,https://img.icons8.com/doodle/48/clancy-wiggum.png,sentence_count,3.0
Chief Wiggum,515,https://img.icons8.com/doodle/48/clancy-wiggum.png,sentence_count,8.0
Chief Wiggum,516,https://img.icons8.com/doodle/48/clancy-wiggum.png,sentence_count,5.0
Chief Wiggum,517,https://img.icons8.com/doodle/48/clancy-wiggum.png,sentence_count,2.0
Chief Wiggum,518,https://img.icons8.com/doodle/48/clancy-wiggum.png,sentence_count,6.0
Chief Wiggum,519,https://img.icons8.com/doodle/48/clancy-wiggum.png,sentence_count,6.0
Chief Wiggum,520,https://img.icons8.com/doodle/48/clancy-wiggum.png,sentence_count,2.0
Chief Wiggum,524,https://img.icons8.com/doodle/48/clancy-wiggum.png,sentence_count,3.0
Chief Wiggum,526,https://img.icons8.com/doodle/48/clancy-wiggum.png,sentence_count,1.0
Chief Wiggum,528,https://img.icons8.com/doodle/48/clancy-wiggum.png,sentence_count,4.0
Chief Wiggum,530,https://img.icons8.com/doodle/48/clancy-wiggum.png,sentence_count,2.0
Chief Wiggum,531,https://img.icons8.com/doodle/48/clancy-wiggum.png,sentence_count,11.0
Chief Wiggum,533,https://img.icons8.com/doodle/48/clancy-wiggum.png,sentence_count,6.0
Chief Wiggum,537,https://img.icons8.com/doodle/48/clancy-wiggum.png,sentence_count,2.0
Chief Wiggum,538,https://img.icons8.com/doodle/48/clancy-wiggum.png,sentence_count,2.0
Chief Wiggum,539,https://img.icons8.com/doodle/48/clancy-wiggum.png,sentence_count,2.0
Chief Wiggum,543,https://img.icons8.com/doodle/48/clancy-wiggum.png,sentence_count,3.0
Chief Wiggum,544,https://img.icons8.com/doodle/48/clancy-wiggum.png,sentence_count,3.0
Chief Wiggum,547,https://img.icons8.com/doodle/48/clancy-wiggum.png,sentence_count,17.0
Chief Wiggum,548,https://img.icons8.com/doodle/48/clancy-wiggum.png,sentence_count,1.0
Chief Wiggum,551,https://img.icons8.com/doodle/48/clancy-wiggum.png,sentence_count,1.0
Chief Wiggum,552,https://img.icons8.com/doodle/48/clancy-wiggum.png,sentence_count,4.0
Chief Wiggum,553,https://img.icons8.com/doodle/48/clancy-wiggum.png,sentence_count,1.0
Chief Wiggum,555,https://img.icons8.com/doodle/48/clancy-wiggum.png,sentence_count,4.0
Chief Wiggum,558,https://img.icons8.com/doodle/48/clancy-wiggum.png,sentence_count,2.0
Chief Wiggum,560,https://img.icons8.com/doodle/48/clancy-wiggum.png,sentence_count,3.0
Chief Wiggum,561,https://img.icons8.com/doodle/48/clancy-wiggum.png,sentence_count,1.0
Chief Wiggum,563,https://img.icons8.com/doodle/48/clancy-wiggum.png,sentence_count,15.0
Chief Wiggum,564,https://img.icons8.com/doodle/48/clancy-wiggum.png,sentence_count,2.0
Chief Wiggum,565,https://img.icons8.com/doodle/48/clancy-wiggum.png,sentence_count,5.0
Chief Wiggum,566,https://img.icons8.com/doodle/48/clancy-wiggum.png,sentence_count,1.0
Chief Wiggum,567,https://img.icons8.com/doodle/48/clancy-wiggum.png,sentence_count,5.0
Chief Wiggum,568,https://img.icons8.com/doodle/48/clancy-wiggum.png,sentence_count,10.0
Flanders,1,https://img.icons8.com/doodle/48/ned-flanders.png,sentence_count,10.0
Flanders,7,https://img.icons8.com/doodle/48/ned-flanders.png,sentence_count,5.0
Flanders,19,https://img.icons8.com/doodle/48/ned-flanders.png,sentence_count,74.0
Flanders,21,https://img.icons8.com/doodle/48/ned-flanders.png,sentence_count,4.0
Flanders,22,https://img.icons8.com/doodle/48/ned-flanders.png,sentence_count,8.0
Flanders,24,https://img.icons8.com/doodle/48/ned-flanders.png,sentence_count,6.0
Flanders,26,https://img.icons8.com/doodle/48/ned-flanders.png,sentence_count,5.0
Flanders,29,https://img.icons8.com/doodle/48/ned-flanders.png,sentence_count,7.0
Flanders,33,https://img.icons8.com/doodle/48/ned-flanders.png,sentence_count,8.0
Flanders,38,https://img.icons8.com/doodle/48/ned-flanders.png,sentence_count,58.0
Flanders,42,https://img.icons8.com/doodle/48/ned-flanders.png,sentence_count,5.0
Flanders,43,https://img.icons8.com/doodle/48/ned-flanders.png,sentence_count,1.0
Flanders,44,https://img.icons8.com/doodle/48/ned-flanders.png,sentence_count,2.0
Flanders,48,https://img.icons8.com/doodle/48/ned-flanders.png,sentence_count,6.0
Flanders,51,https://img.icons8.com/doodle/48/ned-flanders.png,sentence_count,30.0
Flanders,54,https://img.icons8.com/doodle/48/ned-flanders.png,sentence_count,1.0
Flanders,59,https://img.icons8.com/doodle/48/ned-flanders.png,sentence_count,9.0
Flanders,61,https://img.icons8.com/doodle/48/ned-flanders.png,sentence_count,15.0
Flanders,62,https://img.icons8.com/doodle/48/ned-flanders.png,sentence_count,15.0
Flanders,64,https://img.icons8.com/doodle/48/ned-flanders.png,sentence_count,4.0
Flanders,66,https://img.icons8.com/doodle/48/ned-flanders.png,sentence_count,2.0
Flanders,68,https://img.icons8.com/doodle/48/ned-flanders.png,sentence_count,2.0
Flanders,69,https://img.icons8.com/doodle/48/ned-flanders.png,sentence_count,30.0
Flanders,70,https://img.icons8.com/doodle/48/ned-flanders.png,sentence_count,5.0
Flanders,71,https://img.icons8.com/doodle/48/ned-flanders.png,sentence_count,2.0
Flanders,73,https://img.icons8.com/doodle/48/ned-flanders.png,sentence_count,1.0
Flanders,74,https://img.icons8.com/doodle/48/ned-flanders.png,sentence_count,1.0
Flanders,75,https://img.icons8.com/doodle/48/ned-flanders.png,sentence_count,6.0
Flanders,77,https://img.icons8.com/doodle/48/ned-flanders.png,sentence_count,3.0
Flanders,78,https://img.icons8.com/doodle/48/ned-flanders.png,sentence_count,5.0
Flanders,80,https://img.icons8.com/doodle/48/ned-flanders.png,sentence_count,13.0
Flanders,82,https://img.icons8.com/doodle/48/ned-flanders.png,sentence_count,4.0
Flanders,83,https://img.icons8.com/doodle/48/ned-flanders.png,sentence_count,6.0
Flanders,85,https://img.icons8.com/doodle/48/ned-flanders.png,sentence_count,2.0
Flanders,86,https://img.icons8.com/doodle/48/ned-flanders.png,sentence_count,5.0
Flanders,87,https://img.icons8.com/doodle/48/ned-flanders.png,sentence_count,2.0
Flanders,88,https://img.icons8.com/doodle/48/ned-flanders.png,sentence_count,7.0
Flanders,89,https://img.icons8.com/doodle/48/ned-flanders.png,sentence_count,30.0
Flanders,90,https://img.icons8.com/doodle/48/ned-flanders.png,sentence_count,4.0
Flanders,91,https://img.icons8.com/doodle/48/ned-flanders.png,sentence_count,1.0
Flanders,92,https://img.icons8.com/doodle/48/ned-flanders.png,sentence_count,5.0
Flanders,93,https://img.icons8.com/doodle/48/ned-flanders.png,sentence_count,1.0
Flanders,97,https://img.icons8.com/doodle/48/ned-flanders.png,sentence_count,62.0
Flanders,98,https://img.icons8.com/doodle/48/ned-flanders.png,sentence_count,3.0
Flanders,100,https://img.icons8.com/doodle/48/ned-flanders.png,sentence_count,14.0
Flanders,101,https://img.icons8.com/doodle/48/ned-flanders.png,sentence_count,1.0
Flanders,103,https://img.icons8.com/doodle/48/ned-flanders.png,sentence_count,3.0
Flanders,104,https://img.icons8.com/doodle/48/ned-flanders.png,sentence_count,18.0
Flanders,105,https://img.icons8.com/doodle/48/ned-flanders.png,sentence_count,2.0
Flanders,109,https://img.icons8.com/doodle/48/ned-flanders.png,sentence_count,5.0
Flanders,113,https://img.icons8.com/doodle/48/ned-flanders.png,sentence_count,2.0
Flanders,116,https://img.icons8.com/doodle/48/ned-flanders.png,sentence_count,1.0
Flanders,117,https://img.icons8.com/doodle/48/ned-flanders.png,sentence_count,16.0
Flanders,118,https://img.icons8.com/doodle/48/ned-flanders.png,sentence_count,4.0
Flanders,121,https://img.icons8.com/doodle/48/ned-flanders.png,sentence_count,4.0
Flanders,122,https://img.icons8.com/doodle/48/ned-flanders.png,sentence_count,2.0
Flanders,123,https://img.icons8.com/doodle/48/ned-flanders.png,sentence_count,1.0
Flanders,124,https://img.icons8.com/doodle/48/ned-flanders.png,sentence_count,6.0
Flanders,126,https://img.icons8.com/doodle/48/ned-flanders.png,sentence_count,6.0
Flanders,127,https://img.icons8.com/doodle/48/ned-flanders.png,sentence_count,6.0
Flanders,128,https://img.icons8.com/doodle/48/ned-flanders.png,sentence_count,2.0
Flanders,131,https://img.icons8.com/doodle/48/ned-flanders.png,sentence_count,54.0
Flanders,132,https://img.icons8.com/doodle/48/ned-flanders.png,sentence_count,7.0
Flanders,133,https://img.icons8.com/doodle/48/ned-flanders.png,sentence_count,9.0
Flanders,134,https://img.icons8.com/doodle/48/ned-flanders.png,sentence_count,3.0
Flanders,135,https://img.icons8.com/doodle/48/ned-flanders.png,sentence_count,1.0
Flanders,136,https://img.icons8.com/doodle/48/ned-flanders.png,sentence_count,6.0
Flanders,140,https://img.icons8.com/doodle/48/ned-flanders.png,sentence_count,2.0
Flanders,141,https://img.icons8.com/doodle/48/ned-flanders.png,sentence_count,16.0
Flanders,144,https://img.icons8.com/doodle/48/ned-flanders.png,sentence_count,3.0
Flanders,149,https://img.icons8.com/doodle/48/ned-flanders.png,sentence_count,5.0
Flanders,150,https://img.icons8.com/doodle/48/ned-flanders.png,sentence_count,6.0
Flanders,151,https://img.icons8.com/doodle/48/ned-flanders.png,sentence_count,5.0
Flanders,153,https://img.icons8.com/doodle/48/ned-flanders.png,sentence_count,4.0
Flanders,155,https://img.icons8.com/doodle/48/ned-flanders.png,sentence_count,4.0
Flanders,157,https://img.icons8.com/doodle/48/ned-flanders.png,sentence_count,6.0
Flanders,158,https://img.icons8.com/doodle/48/ned-flanders.png,sentence_count,5.0
Flanders,159,https://img.icons8.com/doodle/48/ned-flanders.png,sentence_count,5.0
Flanders,160,https://img.icons8.com/doodle/48/ned-flanders.png,sentence_count,11.0
Flanders,161,https://img.icons8.com/doodle/48/ned-flanders.png,sentence_count,65.0
Flanders,162,https://img.icons8.com/doodle/48/ned-flanders.png,sentence_count,6.0
Flanders,163,https://img.icons8.com/doodle/48/ned-flanders.png,sentence_count,1.0
Flanders,164,https://img.icons8.com/doodle/48/ned-flanders.png,sentence_count,5.0
Flanders,166,https://img.icons8.com/doodle/48/ned-flanders.png,sentence_count,3.0
Flanders,167,https://img.icons8.com/doodle/48/ned-flanders.png,sentence_count,1.0
Flanders,170,https://img.icons8.com/doodle/48/ned-flanders.png,sentence_count,16.0
Flanders,171,https://img.icons8.com/doodle/48/ned-flanders.png,sentence_count,3.0
Flanders,172,https://img.icons8.com/doodle/48/ned-flanders.png,sentence_count,1.0
Flanders,175,https://img.icons8.com/doodle/48/ned-flanders.png,sentence_count,21.0
Flanders,181,https://img.icons8.com/doodle/48/ned-flanders.png,sentence_count,3.0
Flanders,182,https://img.icons8.com/doodle/48/ned-flanders.png,sentence_count,11.0
Flanders,183,https://img.icons8.com/doodle/48/ned-flanders.png,sentence_count,2.0
Flanders,184,https://img.icons8.com/doodle/48/ned-flanders.png,sentence_count,23.0
Flanders,186,https://img.icons8.com/doodle/48/ned-flanders.png,sentence_count,10.0
Flanders,187,https://img.icons8.com/doodle/48/ned-flanders.png,sentence_count,29.0
Flanders,188,https://img.icons8.com/doodle/48/ned-flanders.png,sentence_count,2.0
Flanders,190,https://img.icons8.com/doodle/48/ned-flanders.png,sentence_count,1.0
Flanders,191,https://img.icons8.com/doodle/48/ned-flanders.png,sentence_count,8.0
Flanders,192,https://img.icons8.com/doodle/48/ned-flanders.png,sentence_count,4.0
Flanders,193,https://img.icons8.com/doodle/48/ned-flanders.png,sentence_count,4.0
Flanders,195,https://img.icons8.com/doodle/48/ned-flanders.png,sentence_count,3.0
Flanders,198,https://img.icons8.com/doodle/48/ned-flanders.png,sentence_count,7.0
Flanders,200,https://img.icons8.com/doodle/48/ned-flanders.png,sentence_count,7.0
Flanders,201,https://img.icons8.com/doodle/48/ned-flanders.png,sentence_count,3.0
Flanders,203,https://img.icons8.com/doodle/48/ned-flanders.png,sentence_count,13.0
Flanders,205,https://img.icons8.com/doodle/48/ned-flanders.png,sentence_count,2.0
Flanders,208,https://img.icons8.com/doodle/48/ned-flanders.png,sentence_count,2.0
Flanders,209,https://img.icons8.com/doodle/48/ned-flanders.png,sentence_count,4.0
Flanders,212,https://img.icons8.com/doodle/48/ned-flanders.png,sentence_count,1.0
Flanders,213,https://img.icons8.com/doodle/48/ned-flanders.png,sentence_count,70.0
Flanders,215,https://img.icons8.com/doodle/48/ned-flanders.png,sentence_count,3.0
Flanders,216,https://img.icons8.com/doodle/48/ned-flanders.png,sentence_count,1.0
Flanders,217,https://img.icons8.com/doodle/48/ned-flanders.png,sentence_count,5.0
Flanders,219,https://img.icons8.com/doodle/48/ned-flanders.png,sentence_count,6.0
Flanders,221,https://img.icons8.com/doodle/48/ned-flanders.png,sentence_count,16.0
Flanders,222,https://img.icons8.com/doodle/48/ned-flanders.png,sentence_count,7.0
Flanders,224,https://img.icons8.com/doodle/48/ned-flanders.png,sentence_count,2.0
Flanders,225,https://img.icons8.com/doodle/48/ned-flanders.png,sentence_count,1.0
Flanders,226,https://img.icons8.com/doodle/48/ned-flanders.png,sentence_count,7.0
Flanders,227,https://img.icons8.com/doodle/48/ned-flanders.png,sentence_count,2.0
Flanders,228,https://img.icons8.com/doodle/48/ned-flanders.png,sentence_count,16.0
Flanders,229,https://img.icons8.com/doodle/48/ned-flanders.png,sentence_count,4.0
Flanders,230,https://img.icons8.com/doodle/48/ned-flanders.png,sentence_count,10.0
Flanders,231,https://img.icons8.com/doodle/48/ned-flanders.png,sentence_count,1.0
Flanders,233,https://img.icons8.com/doodle/48/ned-flanders.png,sentence_count,4.0
Flanders,234,https://img.icons8.com/doodle/48/ned-flanders.png,sentence_count,7.0
Flanders,235,https://img.icons8.com/doodle/48/ned-flanders.png,sentence_count,3.0
Flanders,236,https://img.icons8.com/doodle/48/ned-flanders.png,sentence_count,18.0
Flanders,237,https://img.icons8.com/doodle/48/ned-flanders.png,sentence_count,5.0
Flanders,239,https://img.icons8.com/doodle/48/ned-flanders.png,sentence_count,1.0
Flanders,240,https://img.icons8.com/doodle/48/ned-flanders.png,sentence_count,63.0
Flanders,243,https://img.icons8.com/doodle/48/ned-flanders.png,sentence_count,6.0
Flanders,244,https://img.icons8.com/doodle/48/ned-flanders.png,sentence_count,1.0
Flanders,245,https://img.icons8.com/doodle/48/ned-flanders.png,sentence_count,2.0
Flanders,248,https://img.icons8.com/doodle/48/ned-flanders.png,sentence_count,1.0
Flanders,250,https://img.icons8.com/doodle/48/ned-flanders.png,sentence_count,1.0
Flanders,251,https://img.icons8.com/doodle/48/ned-flanders.png,sentence_count,2.0
Flanders,252,https://img.icons8.com/doodle/48/ned-flanders.png,sentence_count,1.0
Flanders,254,https://img.icons8.com/doodle/48/ned-flanders.png,sentence_count,5.0
Flanders,255,https://img.icons8.com/doodle/48/ned-flanders.png,sentence_count,7.0
Flanders,256,https://img.icons8.com/doodle/48/ned-flanders.png,sentence_count,14.0
Flanders,257,https://img.icons8.com/doodle/48/ned-flanders.png,sentence_count,5.0
Flanders,258,https://img.icons8.com/doodle/48/ned-flanders.png,sentence_count,1.0
Flanders,259,https://img.icons8.com/doodle/48/ned-flanders.png,sentence_count,6.0
Flanders,260,https://img.icons8.com/doodle/48/ned-flanders.png,sentence_count,2.0
Flanders,266,https://img.icons8.com/doodle/48/ned-flanders.png,sentence_count,6.0
Flanders,267,https://img.icons8.com/doodle/48/ned-flanders.png,sentence_count,75.0
Flanders,268,https://img.icons8.com/doodle/48/ned-flanders.png,sentence_count,15.0
Flanders,271,https://img.icons8.com/doodle/48/ned-flanders.png,sentence_count,6.0
Flanders,273,https://img.icons8.com/doodle/48/ned-flanders.png,sentence_count,1.0
Flanders,274,https://img.icons8.com/doodle/48/ned-flanders.png,sentence_count,1.0
Flanders,275,https://img.icons8.com/doodle/48/ned-flanders.png,sentence_count,7.0
Flanders,276,https://img.icons8.com/doodle/48/ned-flanders.png,sentence_count,13.0
Flanders,280,https://img.icons8.com/doodle/48/ned-flanders.png,sentence_count,1.0
Flanders,282,https://img.icons8.com/doodle/48/ned-flanders.png,sentence_count,1.0
Flanders,283,https://img.icons8.com/doodle/48/ned-flanders.png,sentence_count,5.0
Flanders,285,https://img.icons8.com/doodle/48/ned-flanders.png,sentence_count,10.0
Flanders,286,https://img.icons8.com/doodle/48/ned-flanders.png,sentence_count,9.0
Flanders,287,https://img.icons8.com/doodle/48/ned-flanders.png,sentence_count,2.0
Flanders,291,https://img.icons8.com/doodle/48/ned-flanders.png,sentence_count,5.0
Flanders,292,https://img.icons8.com/doodle/48/ned-flanders.png,sentence_count,12.0
Flanders,294,https://img.icons8.com/doodle/48/ned-flanders.png,sentence_count,3.0
Flanders,296,https://img.icons8.com/doodle/48/ned-flanders.png,sentence_count,1.0
Flanders,298,https://img.icons8.com/doodle/48/ned-flanders.png,sentence_count,3.0
Flanders,299,https://img.icons8.com/doodle/48/ned-flanders.png,sentence_count,4.0
Flanders,300,https://img.icons8.com/doodle/48/ned-flanders.png,sentence_count,2.0
Flanders,301,https://img.icons8.com/doodle/48/ned-flanders.png,sentence_count,23.0
Flanders,304,https://img.icons8.com/doodle/48/ned-flanders.png,sentence_count,72.0
Flanders,305,https://img.icons8.com/doodle/48/ned-flanders.png,sentence_count,1.0
Flanders,306,https://img.icons8.com/doodle/48/ned-flanders.png,sentence_count,1.0
Flanders,308,https://img.icons8.com/doodle/48/ned-flanders.png,sentence_count,3.0
Flanders,309,https://img.icons8.com/doodle/48/ned-flanders.png,sentence_count,8.0
Flanders,311,https://img.icons8.com/doodle/48/ned-flanders.png,sentence_count,1.0
Flanders,312,https://img.icons8.com/doodle/48/ned-flanders.png,sentence_count,10.0
Flanders,314,https://img.icons8.com/doodle/48/ned-flanders.png,sentence_count,3.0
Flanders,315,https://img.icons8.com/doodle/48/ned-flanders.png,sentence_count,1.0
Flanders,318,https://img.icons8.com/doodle/48/ned-flanders.png,sentence_count,1.0
Flanders,320,https://img.icons8.com/doodle/48/ned-flanders.png,sentence_count,25.0
Flanders,321,https://img.icons8.com/doodle/48/ned-flanders.png,sentence_count,2.0
Flanders,322,https://img.icons8.com/doodle/48/ned-flanders.png,sentence_count,3.0
Flanders,323,https://img.icons8.com/doodle/48/ned-flanders.png,sentence_count,11.0
Flanders,327,https://img.icons8.com/doodle/48/ned-flanders.png,sentence_count,3.0
Flanders,328,https://img.icons8.com/doodle/48/ned-flanders.png,sentence_count,2.0
Flanders,331,https://img.icons8.com/doodle/48/ned-flanders.png,sentence_count,2.0
Flanders,335,https://img.icons8.com/doodle/48/ned-flanders.png,sentence_count,1.0
Flanders,336,https://img.icons8.com/doodle/48/ned-flanders.png,sentence_count,28.0
Flanders,337,https://img.icons8.com/doodle/48/ned-flanders.png,sentence_count,3.0
Flanders,340,https://img.icons8.com/doodle/48/ned-flanders.png,sentence_count,3.0
Flanders,341,https://img.icons8.com/doodle/48/ned-flanders.png,sentence_count,13.0
Flanders,343,https://img.icons8.com/doodle/48/ned-flanders.png,sentence_count,21.0
Flanders,348,https://img.icons8.com/doodle/48/ned-flanders.png,sentence_count,3.0
Flanders,349,https://img.icons8.com/doodle/48/ned-flanders.png,sentence_count,1.0
Flanders,351,https://img.icons8.com/doodle/48/ned-flanders.png,sentence_count,5.0
Flanders,352,https://img.icons8.com/doodle/48/ned-flanders.png,sentence_count,1.0
Flanders,354,https://img.icons8.com/doodle/48/ned-flanders.png,sentence_count,1.0
Flanders,355,https://img.icons8.com/doodle/48/ned-flanders.png,sentence_count,56.0
Flanders,356,https://img.icons8.com/doodle/48/ned-flanders.png,sentence_count,7.0
Flanders,358,https://img.icons8.com/doodle/48/ned-flanders.png,sentence_count,2.0
Flanders,359,https://img.icons8.com/doodle/48/ned-flanders.png,sentence_count,5.0
Flanders,360,https://img.icons8.com/doodle/48/ned-flanders.png,sentence_count,4.0
Flanders,365,https://img.icons8.com/doodle/48/ned-flanders.png,sentence_count,4.0
Flanders,367,https://img.icons8.com/doodle/48/ned-flanders.png,sentence_count,4.0
Flanders,370,https://img.icons8.com/doodle/48/ned-flanders.png,sentence_count,63.0
Flanders,374,https://img.icons8.com/doodle/48/ned-flanders.png,sentence_count,1.0
Flanders,376,https://img.icons8.com/doodle/48/ned-flanders.png,sentence_count,4.0
Flanders,377,https://img.icons8.com/doodle/48/ned-flanders.png,sentence_count,30.0
Flanders,379,https://img.icons8.com/doodle/48/ned-flanders.png,sentence_count,2.0
Flanders,382,https://img.icons8.com/doodle/48/ned-flanders.png,sentence_count,1.0
Flanders,387,https://img.icons8.com/doodle/48/ned-flanders.png,sentence_count,4.0
Flanders,388,https://img.icons8.com/doodle/48/ned-flanders.png,sentence_count,3.0
Flanders,391,https://img.icons8.com/doodle/48/ned-flanders.png,sentence_count,1.0
Flanders,393,https://img.icons8.com/doodle/48/ned-flanders.png,sentence_count,3.0
Flanders,395,https://img.icons8.com/doodle/48/ned-flanders.png,sentence_count,1.0
Flanders,396,https://img.icons8.com/doodle/48/ned-flanders.png,sentence_count,7.0
Flanders,397,https://img.icons8.com/doodle/48/ned-flanders.png,sentence_count,2.0
Flanders,400,https://img.icons8.com/doodle/48/ned-flanders.png,sentence_count,9.0
Flanders,401,https://img.icons8.com/doodle/48/ned-flanders.png,sentence_count,1.0
Flanders,402,https://img.icons8.com/doodle/48/ned-flanders.png,sentence_count,2.0
Flanders,403,https://img.icons8.com/doodle/48/ned-flanders.png,sentence_count,3.0
Flanders,405,https://img.icons8.com/doodle/48/ned-flanders.png,sentence_count,19.0
Flanders,409,https://img.icons8.com/doodle/48/ned-flanders.png,sentence_count,2.0
Flanders,410,https://img.icons8.com/doodle/48/ned-flanders.png,sentence_count,1.0
Flanders,412,https://img.icons8.com/doodle/48/ned-flanders.png,sentence_count,8.0
Flanders,415,https://img.icons8.com/doodle/48/ned-flanders.png,sentence_count,3.0
Flanders,417,https://img.icons8.com/doodle/48/ned-flanders.png,sentence_count,2.0
Flanders,419,https://img.icons8.com/doodle/48/ned-flanders.png,sentence_count,4.0
Flanders,421,https://img.icons8.com/doodle/48/ned-flanders.png,sentence_count,45.0
Flanders,425,https://img.icons8.com/doodle/48/ned-flanders.png,sentence_count,26.0
Flanders,430,https://img.icons8.com/doodle/48/ned-flanders.png,sentence_count,2.0
Flanders,432,https://img.icons8.com/doodle/48/ned-flanders.png,sentence_count,35.0
Flanders,434,https://img.icons8.com/doodle/48/ned-flanders.png,sentence_count,3.0
Flanders,435,https://img.icons8.com/doodle/48/ned-flanders.png,sentence_count,4.0
Flanders,437,https://img.icons8.com/doodle/48/ned-flanders.png,sentence_count,2.0
Flanders,443,https://img.icons8.com/doodle/48/ned-flanders.png,sentence_count,1.0
Flanders,446,https://img.icons8.com/doodle/48/ned-flanders.png,sentence_count,20.0
Flanders,448,https://img.icons8.com/doodle/48/ned-flanders.png,sentence_count,4.0
Flanders,450,https://img.icons8.com/doodle/48/ned-flanders.png,sentence_count,3.0
Flanders,455,https://img.icons8.com/doodle/48/ned-flanders.png,sentence_count,4.0
Flanders,457,https://img.icons8.com/doodle/48/ned-flanders.png,sentence_count,48.0
Flanders,459,https://img.icons8.com/doodle/48/ned-flanders.png,sentence_count,2.0
Flanders,460,https://img.icons8.com/doodle/48/ned-flanders.png,sentence_count,1.0
Flanders,461,https://img.icons8.com/doodle/48/ned-flanders.png,sentence_count,30.0
Flanders,462,https://img.icons8.com/doodle/48/ned-flanders.png,sentence_count,2.0
Flanders,463,https://img.icons8.com/doodle/48/ned-flanders.png,sentence_count,3.0
Flanders,464,https://img.icons8.com/doodle/48/ned-flanders.png,sentence_count,4.0
Flanders,467,https://img.icons8.com/doodle/48/ned-flanders.png,sentence_count,4.0
Flanders,470,https://img.icons8.com/doodle/48/ned-flanders.png,sentence_count,1.0
Flanders,471,https://img.icons8.com/doodle/48/ned-flanders.png,sentence_count,1.0
Flanders,472,https://img.icons8.com/doodle/48/ned-flanders.png,sentence_count,1.0
Flanders,474,https://img.icons8.com/doodle/48/ned-flanders.png,sentence_count,2.0
Flanders,476,https://img.icons8.com/doodle/48/ned-flanders.png,sentence_count,1.0
Flanders,477,https://img.icons8.com/doodle/48/ned-flanders.png,sentence_count,1.0
Flanders,482,https://img.icons8.com/doodle/48/ned-flanders.png,sentence_count,1.0
Flanders,484,https://img.icons8.com/doodle/48/ned-flanders.png,sentence_count,2.0
Flanders,485,https://img.icons8.com/doodle/48/ned-flanders.png,sentence_count,6.0
Flanders,486,https://img.icons8.com/doodle/48/ned-flanders.png,sentence_count,48.0
Flanders,487,https://img.icons8.com/doodle/48/ned-flanders.png,sentence_count,3.0
Flanders,489,https://img.icons8.com/doodle/48/ned-flanders.png,sentence_count,21.0
Flanders,490,https://img.icons8.com/doodle/48/ned-flanders.png,sentence_count,10.0
Flanders,491,https://img.icons8.com/doodle/48/ned-flanders.png,sentence_count,3.0
Flanders,493,https://img.icons8.com/doodle/48/ned-flanders.png,sentence_count,1.0
Flanders,495,https://img.icons8.com/doodle/48/ned-flanders.png,sentence_count,2.0
Flanders,496,https://img.icons8.com/doodle/48/ned-flanders.png,sentence_count,3.0
Flanders,498,https://img.icons8.com/doodle/48/ned-flanders.png,sentence_count,1.0
Flanders,500,https://img.icons8.com/doodle/48/ned-flanders.png,sentence_count,3.0
Flanders,502,https://img.icons8.com/doodle/48/ned-flanders.png,sentence_count,2.0
Flanders,503,https://img.icons8.com/doodle/48/ned-flanders.png,sentence_count,2.0
Flanders,507,https://img.icons8.com/doodle/48/ned-flanders.png,sentence_count,54.0
Flanders,508,https://img.icons8.com/doodle/48/ned-flanders.png,sentence_count,5.0
Flanders,509,https://img.icons8.com/doodle/48/ned-flanders.png,sentence_count,1.0
Flanders,510,https://img.icons8.com/doodle/48/ned-flanders.png,sentence_count,1.0
Flanders,512,https://img.icons8.com/doodle/48/ned-flanders.png,sentence_count,1.0
Flanders,513,https://img.icons8.com/doodle/48/ned-flanders.png,sentence_count,2.0
Flanders,514,https://img.icons8.com/doodle/48/ned-flanders.png,sentence_count,8.0
Flanders,515,https://img.icons8.com/doodle/48/ned-flanders.png,sentence_count,3.0
Flanders,517,https://img.icons8.com/doodle/48/ned-flanders.png,sentence_count,4.0
Flanders,518,https://img.icons8.com/doodle/48/ned-flanders.png,sentence_count,1.0
Flanders,523,https://img.icons8.com/doodle/48/ned-flanders.png,sentence_count,51.0
Flanders,525,https://img.icons8.com/doodle/48/ned-flanders.png,sentence_count,1.0
Flanders,526,https://img.icons8.com/doodle/48/ned-flanders.png,sentence_count,15.0
Flanders,528,https://img.icons8.com/doodle/48/ned-flanders.png,sentence_count,3.0
Flanders,530,https://img.icons8.com/doodle/48/ned-flanders.png,sentence_count,1.0
Flanders,533,https://img.icons8.com/doodle/48/ned-flanders.png,sentence_count,3.0
Flanders,534,https://img.icons8.com/doodle/48/ned-flanders.png,sentence_count,2.0
Flanders,538,https://img.icons8.com/doodle/48/ned-flanders.png,sentence_count,8.0
Flanders,539,https://img.icons8.com/doodle/48/ned-flanders.png,sentence_count,1.0
Flanders,542,https://img.icons8.com/doodle/48/ned-flanders.png,sentence_count,1.0
Flanders,543,https://img.icons8.com/doodle/48/ned-flanders.png,sentence_count,9.0
Flanders,546,https://img.icons8.com/doodle/48/ned-flanders.png,sentence_count,1.0
Flanders,549,https://img.icons8.com/doodle/48/ned-flanders.png,sentence_count,2.0
Flanders,551,https://img.icons8.com/doodle/48/ned-flanders.png,sentence_count,1.0
Flanders,554,https://img.icons8.com/doodle/48/ned-flanders.png,sentence_count,4.0
Flanders,555,https://img.icons8.com/doodle/48/ned-flanders.png,sentence_count,13.0
Flanders,561,https://img.icons8.com/doodle/48/ned-flanders.png,sentence_count,8.0
Flanders,568,https://img.icons8.com/doodle/48/ned-flanders.png,sentence_count,4.0
Grampa,1,https://img.icons8.com/doodle/48/abraham-simpson.png,sentence_count,2.0
Grampa,5,https://img.icons8.com/doodle/48/abraham-simpson.png,sentence_count,19.0
Grampa,8,https://img.icons8.com/doodle/48/abraham-simpson.png,sentence_count,1.0
Grampa,17,https://img.icons8.com/doodle/48/abraham-simpson.png,sentence_count,4.0
Grampa,20,https://img.icons8.com/doodle/48/abraham-simpson.png,sentence_count,10.0
Grampa,24,https://img.icons8.com/doodle/48/abraham-simpson.png,sentence_count,10.0
Grampa,25,https://img.icons8.com/doodle/48/abraham-simpson.png,sentence_count,8.0
Grampa,28,https://img.icons8.com/doodle/48/abraham-simpson.png,sentence_count,24.0
Grampa,30,https://img.icons8.com/doodle/48/abraham-simpson.png,sentence_count,114.0
Grampa,33,https://img.icons8.com/doodle/48/abraham-simpson.png,sentence_count,21.0
Grampa,36,https://img.icons8.com/doodle/48/abraham-simpson.png,sentence_count,1.0
Grampa,40,https://img.icons8.com/doodle/48/abraham-simpson.png,sentence_count,1.0
Grampa,43,https://img.icons8.com/doodle/48/abraham-simpson.png,sentence_count,6.0
Grampa,46,https://img.icons8.com/doodle/48/abraham-simpson.png,sentence_count,1.0
Grampa,47,https://img.icons8.com/doodle/48/abraham-simpson.png,sentence_count,2.0
Grampa,54,https://img.icons8.com/doodle/48/abraham-simpson.png,sentence_count,5.0
Grampa,63,https://img.icons8.com/doodle/48/abraham-simpson.png,sentence_count,1.0
Grampa,64,https://img.icons8.com/doodle/48/abraham-simpson.png,sentence_count,9.0
Grampa,65,https://img.icons8.com/doodle/48/abraham-simpson.png,sentence_count,9.0
Grampa,66,https://img.icons8.com/doodle/48/abraham-simpson.png,sentence_count,11.0
Grampa,67,https://img.icons8.com/doodle/48/abraham-simpson.png,sentence_count,4.0
Grampa,68,https://img.icons8.com/doodle/48/abraham-simpson.png,sentence_count,6.0
Grampa,69,https://img.icons8.com/doodle/48/abraham-simpson.png,sentence_count,6.0
Grampa,70,https://img.icons8.com/doodle/48/abraham-simpson.png,sentence_count,5.0
Grampa,71,https://img.icons8.com/doodle/48/abraham-simpson.png,sentence_count,4.0
Grampa,73,https://img.icons8.com/doodle/48/abraham-simpson.png,sentence_count,2.0
Grampa,74,https://img.icons8.com/doodle/48/abraham-simpson.png,sentence_count,2.0
Grampa,76,https://img.icons8.com/doodle/48/abraham-simpson.png,sentence_count,2.0
Grampa,77,https://img.icons8.com/doodle/48/abraham-simpson.png,sentence_count,4.0
Grampa,78,https://img.icons8.com/doodle/48/abraham-simpson.png,sentence_count,33.0
Grampa,79,https://img.icons8.com/doodle/48/abraham-simpson.png,sentence_count,5.0
Grampa,80,https://img.icons8.com/doodle/48/abraham-simpson.png,sentence_count,4.0
Grampa,81,https://img.icons8.com/doodle/48/abraham-simpson.png,sentence_count,2.0
Grampa,82,https://img.icons8.com/doodle/48/abraham-simpson.png,sentence_count,6.0
Grampa,83,https://img.icons8.com/doodle/48/abraham-simpson.png,sentence_count,6.0
Grampa,84,https://img.icons8.com/doodle/48/abraham-simpson.png,sentence_count,2.0
Grampa,85,https://img.icons8.com/doodle/48/abraham-simpson.png,sentence_count,1.0
Grampa,86,https://img.icons8.com/doodle/48/abraham-simpson.png,sentence_count,5.0
Grampa,90,https://img.icons8.com/doodle/48/abraham-simpson.png,sentence_count,1.0
Grampa,91,https://img.icons8.com/doodle/48/abraham-simpson.png,sentence_count,7.0
Grampa,92,https://img.icons8.com/doodle/48/abraham-simpson.png,sentence_count,22.0
Grampa,93,https://img.icons8.com/doodle/48/abraham-simpson.png,sentence_count,1.0
Grampa,94,https://img.icons8.com/doodle/48/abraham-simpson.png,sentence_count,2.0
Grampa,95,https://img.icons8.com/doodle/48/abraham-simpson.png,sentence_count,32.0
Grampa,96,https://img.icons8.com/doodle/48/abraham-simpson.png,sentence_count,1.0
Grampa,97,https://img.icons8.com/doodle/48/abraham-simpson.png,sentence_count,1.0
Grampa,98,https://img.icons8.com/doodle/48/abraham-simpson.png,sentence_count,2.0
Grampa,99,https://img.icons8.com/doodle/48/abraham-simpson.png,sentence_count,2.0
Grampa,102,https://img.icons8.com/doodle/48/abraham-simpson.png,sentence_count,37.0
Grampa,103,https://img.icons8.com/doodle/48/abraham-simpson.png,sentence_count,1.0
Grampa,104,https://img.icons8.com/doodle/48/abraham-simpson.png,sentence_count,1.0
Grampa,106,https://img.icons8.com/doodle/48/abraham-simpson.png,sentence_count,8.0
Grampa,107,https://img.icons8.com/doodle/48/abraham-simpson.png,sentence_count,3.0
Grampa,108,https://img.icons8.com/doodle/48/abraham-simpson.png,sentence_count,5.0
Grampa,109,https://img.icons8.com/doodle/48/abraham-simpson.png,sentence_count,2.0
Grampa,110,https://img.icons8.com/doodle/48/abraham-simpson.png,sentence_count,2.0
Grampa,111,https://img.icons8.com/doodle/48/abraham-simpson.png,sentence_count,3.0
Grampa,112,https://img.icons8.com/doodle/48/abraham-simpson.png,sentence_count,1.0
Grampa,113,https://img.icons8.com/doodle/48/abraham-simpson.png,sentence_count,50.0
Grampa,114,https://img.icons8.com/doodle/48/abraham-simpson.png,sentence_count,1.0
Grampa,115,https://img.icons8.com/doodle/48/abraham-simpson.png,sentence_count,7.0
Grampa,117,https://img.icons8.com/doodle/48/abraham-simpson.png,sentence_count,1.0
Grampa,121,https://img.icons8.com/doodle/48/abraham-simpson.png,sentence_count,4.0
Grampa,123,https://img.icons8.com/doodle/48/abraham-simpson.png,sentence_count,2.0
Grampa,124,https://img.icons8.com/doodle/48/abraham-simpson.png,sentence_count,3.0
Grampa,125,https://img.icons8.com/doodle/48/abraham-simpson.png,sentence_count,7.0
Grampa,126,https://img.icons8.com/doodle/48/abraham-simpson.png,sentence_count,2.0
Grampa,127,https://img.icons8.com/doodle/48/abraham-simpson.png,sentence_count,6.0
Grampa,128,https://img.icons8.com/doodle/48/abraham-simpson.png,sentence_count,10.0
Grampa,129,https://img.icons8.com/doodle/48/abraham-simpson.png,sentence_count,7.0
Grampa,130,https://img.icons8.com/doodle/48/abraham-simpson.png,sentence_count,1.0
Grampa,131,https://img.icons8.com/doodle/48/abraham-simpson.png,sentence_count,5.0
Grampa,133,https://img.icons8.com/doodle/48/abraham-simpson.png,sentence_count,6.0
Grampa,134,https://img.icons8.com/doodle/48/abraham-simpson.png,sentence_count,2.0
Grampa,136,https://img.icons8.com/doodle/48/abraham-simpson.png,sentence_count,11.0
Grampa,137,https://img.icons8.com/doodle/48/abraham-simpson.png,sentence_count,4.0
Grampa,139,https://img.icons8.com/doodle/48/abraham-simpson.png,sentence_count,1.0
Grampa,141,https://img.icons8.com/doodle/48/abraham-simpson.png,sentence_count,2.0
Grampa,142,https://img.icons8.com/doodle/48/abraham-simpson.png,sentence_count,2.0
Grampa,146,https://img.icons8.com/doodle/48/abraham-simpson.png,sentence_count,2.0
Grampa,147,https://img.icons8.com/doodle/48/abraham-simpson.png,sentence_count,2.0
Grampa,149,https://img.icons8.com/doodle/48/abraham-simpson.png,sentence_count,2.0
Grampa,150,https://img.icons8.com/doodle/48/abraham-simpson.png,sentence_count,67.0
Grampa,151,https://img.icons8.com/doodle/48/abraham-simpson.png,sentence_count,6.0
Grampa,152,https://img.icons8.com/doodle/48/abraham-simpson.png,sentence_count,2.0
Grampa,156,https://img.icons8.com/doodle/48/abraham-simpson.png,sentence_count,2.0
Grampa,157,https://img.icons8.com/doodle/48/abraham-simpson.png,sentence_count,3.0
Grampa,158,https://img.icons8.com/doodle/48/abraham-simpson.png,sentence_count,4.0
Grampa,160,https://img.icons8.com/doodle/48/abraham-simpson.png,sentence_count,1.0
Grampa,161,https://img.icons8.com/doodle/48/abraham-simpson.png,sentence_count,2.0
Grampa,163,https://img.icons8.com/doodle/48/abraham-simpson.png,sentence_count,5.0
Grampa,164,https://img.icons8.com/doodle/48/abraham-simpson.png,sentence_count,1.0
Grampa,166,https://img.icons8.com/doodle/48/abraham-simpson.png,sentence_count,6.0
Grampa,174,https://img.icons8.com/doodle/48/abraham-simpson.png,sentence_count,4.0
Grampa,177,https://img.icons8.com/doodle/48/abraham-simpson.png,sentence_count,20.0
Grampa,178,https://img.icons8.com/doodle/48/abraham-simpson.png,sentence_count,4.0
Grampa,180,https://img.icons8.com/doodle/48/abraham-simpson.png,sentence_count,4.0
Grampa,181,https://img.icons8.com/doodle/48/abraham-simpson.png,sentence_count,11.0
Grampa,184,https://img.icons8.com/doodle/48/abraham-simpson.png,sentence_count,5.0
Grampa,185,https://img.icons8.com/doodle/48/abraham-simpson.png,sentence_count,4.0
Grampa,188,https://img.icons8.com/doodle/48/abraham-simpson.png,sentence_count,2.0
Grampa,195,https://img.icons8.com/doodle/48/abraham-simpson.png,sentence_count,13.0
Grampa,197,https://img.icons8.com/doodle/48/abraham-simpson.png,sentence_count,3.0
Grampa,199,https://img.icons8.com/doodle/48/abraham-simpson.png,sentence_count,3.0
Grampa,201,https://img.icons8.com/doodle/48/abraham-simpson.png,sentence_count,8.0
Grampa,203,https://img.icons8.com/doodle/48/abraham-simpson.png,sentence_count,12.0
Grampa,205,https://img.icons8.com/doodle/48/abraham-simpson.png,sentence_count,4.0
Grampa,209,https://img.icons8.com/doodle/48/abraham-simpson.png,sentence_count,16.0
Grampa,211,https://img.icons8.com/doodle/48/abraham-simpson.png,sentence_count,37.0
Grampa,213,https://img.icons8.com/doodle/48/abraham-simpson.png,sentence_count,2.0
Grampa,214,https://img.icons8.com/doodle/48/abraham-simpson.png,sentence_count,4.0
Grampa,216,https://img.icons8.com/doodle/48/abraham-simpson.png,sentence_count,1.0
Grampa,221,https://img.icons8.com/doodle/48/abraham-simpson.png,sentence_count,2.0
Grampa,223,https://img.icons8.com/doodle/48/abraham-simpson.png,sentence_count,18.0
Grampa,228,https://img.icons8.com/doodle/48/abraham-simpson.png,sentence_count,1.0
Grampa,230,https://img.icons8.com/doodle/48/abraham-simpson.png,sentence_count,1.0
Grampa,232,https://img.icons8.com/doodle/48/abraham-simpson.png,sentence_count,2.0
Grampa,234,https://img.icons8.com/doodle/48/abraham-simpson.png,sentence_count,1.0
Grampa,237,https://img.icons8.com/doodle/48/abraham-simpson.png,sentence_count,1.0
Grampa,238,https://img.icons8.com/doodle/48/abraham-simpson.png,sentence_count,1.0
Grampa,248,https://img.icons8.com/doodle/48/abraham-simpson.png,sentence_count,1.0
Grampa,249,https://img.icons8.com/doodle/48/abraham-simpson.png,sentence_count,1.0
Grampa,250,https://img.icons8.com/doodle/48/abraham-simpson.png,sentence_count,1.0
Grampa,255,https://img.icons8.com/doodle/48/abraham-simpson.png,sentence_count,14.0
Grampa,260,https://img.icons8.com/doodle/48/abraham-simpson.png,sentence_count,12.0
Grampa,268,https://img.icons8.com/doodle/48/abraham-simpson.png,sentence_count,6.0
Grampa,269,https://img.icons8.com/doodle/48/abraham-simpson.png,sentence_count,3.0
Grampa,276,https://img.icons8.com/doodle/48/abraham-simpson.png,sentence_count,7.0
Grampa,278,https://img.icons8.com/doodle/48/abraham-simpson.png,sentence_count,2.0
Grampa,279,https://img.icons8.com/doodle/48/abraham-simpson.png,sentence_count,1.0
Grampa,281,https://img.icons8.com/doodle/48/abraham-simpson.png,sentence_count,5.0
Grampa,282,https://img.icons8.com/doodle/48/abraham-simpson.png,sentence_count,95.0
Grampa,286,https://img.icons8.com/doodle/48/abraham-simpson.png,sentence_count,4.0
Grampa,288,https://img.icons8.com/doodle/48/abraham-simpson.png,sentence_count,4.0
Grampa,289,https://img.icons8.com/doodle/48/abraham-simpson.png,sentence_count,5.0
Grampa,291,https://img.icons8.com/doodle/48/abraham-simpson.png,sentence_count,2.0
Grampa,292,https://img.icons8.com/doodle/48/abraham-simpson.png,sentence_count,1.0
Grampa,296,https://img.icons8.com/doodle/48/abraham-simpson.png,sentence_count,2.0
Grampa,298,https://img.icons8.com/doodle/48/abraham-simpson.png,sentence_count,7.0
Grampa,300,https://img.icons8.com/doodle/48/abraham-simpson.png,sentence_count,2.0
Grampa,302,https://img.icons8.com/doodle/48/abraham-simpson.png,sentence_count,1.0
Grampa,304,https://img.icons8.com/doodle/48/abraham-simpson.png,sentence_count,1.0
Grampa,305,https://img.icons8.com/doodle/48/abraham-simpson.png,sentence_count,1.0
Grampa,307,https://img.icons8.com/doodle/48/abraham-simpson.png,sentence_count,3.0
Grampa,308,https://img.icons8.com/doodle/48/abraham-simpson.png,sentence_count,1.0
Grampa,312,https://img.icons8.com/doodle/48/abraham-simpson.png,sentence_count,1.0
Grampa,313,https://img.icons8.com/doodle/48/abraham-simpson.png,sentence_count,5.0
Grampa,314,https://img.icons8.com/doodle/48/abraham-simpson.png,sentence_count,1.0
Grampa,315,https://img.icons8.com/doodle/48/abraham-simpson.png,sentence_count,3.0
Grampa,317,https://img.icons8.com/doodle/48/abraham-simpson.png,sentence_count,12.0
Grampa,318,https://img.icons8.com/doodle/48/abraham-simpson.png,sentence_count,6.0
Grampa,319,https://img.icons8.com/doodle/48/abraham-simpson.png,sentence_count,2.0
Grampa,320,https://img.icons8.com/doodle/48/abraham-simpson.png,sentence_count,1.0
Grampa,322,https://img.icons8.com/doodle/48/abraham-simpson.png,sentence_count,2.0
Grampa,325,https://img.icons8.com/doodle/48/abraham-simpson.png,sentence_count,1.0
Grampa,327,https://img.icons8.com/doodle/48/abraham-simpson.png,sentence_count,4.0
Grampa,330,https://img.icons8.com/doodle/48/abraham-simpson.png,sentence_count,2.0
Grampa,331,https://img.icons8.com/doodle/48/abraham-simpson.png,sentence_count,18.0
Grampa,333,https://img.icons8.com/doodle/48/abraham-simpson.png,sentence_count,1.0
Grampa,339,https://img.icons8.com/doodle/48/abraham-simpson.png,sentence_count,2.0
Grampa,340,https://img.icons8.com/doodle/48/abraham-simpson.png,sentence_count,3.0
Grampa,341,https://img.icons8.com/doodle/48/abraham-simpson.png,sentence_count,15.0
Grampa,345,https://img.icons8.com/doodle/48/abraham-simpson.png,sentence_count,3.0
Grampa,346,https://img.icons8.com/doodle/48/abraham-simpson.png,sentence_count,8.0
Grampa,351,https://img.icons8.com/doodle/48/abraham-simpson.png,sentence_count,4.0
Grampa,354,https://img.icons8.com/doodle/48/abraham-simpson.png,sentence_count,2.0
Grampa,356,https://img.icons8.com/doodle/48/abraham-simpson.png,sentence_count,2.0
Grampa,360,https://img.icons8.com/doodle/48/abraham-simpson.png,sentence_count,3.0
Grampa,365,https://img.icons8.com/doodle/48/abraham-simpson.png,sentence_count,38.0
Grampa,366,https://img.icons8.com/doodle/48/abraham-simpson.png,sentence_count,33.0
Grampa,372,https://img.icons8.com/doodle/48/abraham-simpson.png,sentence_count,36.0
Grampa,376,https://img.icons8.com/doodle/48/abraham-simpson.png,sentence_count,2.0
Grampa,377,https://img.icons8.com/doodle/48/abraham-simpson.png,sentence_count,2.0
Grampa,378,https://img.icons8.com/doodle/48/abraham-simpson.png,sentence_count,8.0
Grampa,382,https://img.icons8.com/doodle/48/abraham-simpson.png,sentence_count,2.0
Grampa,383,https://img.icons8.com/doodle/48/abraham-simpson.png,sentence_count,2.0
Grampa,384,https://img.icons8.com/doodle/48/abraham-simpson.png,sentence_count,8.0
Grampa,385,https://img.icons8.com/doodle/48/abraham-simpson.png,sentence_count,1.0
Grampa,386,https://img.icons8.com/doodle/48/abraham-simpson.png,sentence_count,1.0
Grampa,387,https://img.icons8.com/doodle/48/abraham-simpson.png,sentence_count,3.0
Grampa,388,https://img.icons8.com/doodle/48/abraham-simpson.png,sentence_count,1.0
Grampa,389,https://img.icons8.com/doodle/48/abraham-simpson.png,sentence_count,4.0
Grampa,390,https://img.icons8.com/doodle/48/abraham-simpson.png,sentence_count,1.0
Grampa,392,https://img.icons8.com/doodle/48/abraham-simpson.png,sentence_count,1.0
Grampa,393,https://img.icons8.com/doodle/48/abraham-simpson.png,sentence_count,45.0
Grampa,395,https://img.icons8.com/doodle/48/abraham-simpson.png,sentence_count,1.0
Grampa,396,https://img.icons8.com/doodle/48/abraham-simpson.png,sentence_count,2.0
Grampa,397,https://img.icons8.com/doodle/48/abraham-simpson.png,sentence_count,1.0
Grampa,400,https://img.icons8.com/doodle/48/abraham-simpson.png,sentence_count,1.0
Grampa,405,https://img.icons8.com/doodle/48/abraham-simpson.png,sentence_count,1.0
Grampa,406,https://img.icons8.com/doodle/48/abraham-simpson.png,sentence_count,1.0
Grampa,409,https://img.icons8.com/doodle/48/abraham-simpson.png,sentence_count,6.0
Grampa,411,https://img.icons8.com/doodle/48/abraham-simpson.png,sentence_count,2.0
Grampa,412,https://img.icons8.com/doodle/48/abraham-simpson.png,sentence_count,1.0
Grampa,416,https://img.icons8.com/doodle/48/abraham-simpson.png,sentence_count,10.0
Grampa,419,https://img.icons8.com/doodle/48/abraham-simpson.png,sentence_count,2.0
Grampa,423,https://img.icons8.com/doodle/48/abraham-simpson.png,sentence_count,3.0
Grampa,425,https://img.icons8.com/doodle/48/abraham-simpson.png,sentence_count,3.0
Grampa,426,https://img.icons8.com/doodle/48/abraham-simpson.png,sentence_count,2.0
Grampa,427,https://img.icons8.com/doodle/48/abraham-simpson.png,sentence_count,1.0
Grampa,428,https://img.icons8.com/doodle/48/abraham-simpson.png,sentence_count,1.0
Grampa,430,https://img.icons8.com/doodle/48/abraham-simpson.png,sentence_count,1.0
Grampa,432,https://img.icons8.com/doodle/48/abraham-simpson.png,sentence_count,7.0
Grampa,434,https://img.icons8.com/doodle/48/abraham-simpson.png,sentence_count,38.0
Grampa,437,https://img.icons8.com/doodle/48/abraham-simpson.png,sentence_count,1.0
Grampa,445,https://img.icons8.com/doodle/48/abraham-simpson.png,sentence_count,2.0
Grampa,450,https://img.icons8.com/doodle/48/abraham-simpson.png,sentence_count,41.0
Grampa,452,https://img.icons8.com/doodle/48/abraham-simpson.png,sentence_count,6.0
Grampa,454,https://img.icons8.com/doodle/48/abraham-simpson.png,sentence_count,18.0
Grampa,456,https://img.icons8.com/doodle/48/abraham-simpson.png,sentence_count,6.0
Grampa,458,https://img.icons8.com/doodle/48/abraham-simpson.png,sentence_count,2.0
Grampa,461,https://img.icons8.com/doodle/48/abraham-simpson.png,sentence_count,1.0
Grampa,464,https://img.icons8.com/doodle/48/abraham-simpson.png,sentence_count,4.0
Grampa,465,https://img.icons8.com/doodle/48/abraham-simpson.png,sentence_count,3.0
Grampa,466,https://img.icons8.com/doodle/48/abraham-simpson.png,sentence_count,9.0
Grampa,468,https://img.icons8.com/doodle/48/abraham-simpson.png,sentence_count,1.0
Grampa,472,https://img.icons8.com/doodle/48/abraham-simpson.png,sentence_count,5.0
Grampa,475,https://img.icons8.com/doodle/48/abraham-simpson.png,sentence_count,1.0
Grampa,479,https://img.icons8.com/doodle/48/abraham-simpson.png,sentence_count,34.0
Grampa,480,https://img.icons8.com/doodle/48/abraham-simpson.png,sentence_count,3.0
Grampa,481,https://img.icons8.com/doodle/48/abraham-simpson.png,sentence_count,3.0
Grampa,482,https://img.icons8.com/doodle/48/abraham-simpson.png,sentence_count,2.0
Grampa,484,https://img.icons8.com/doodle/48/abraham-simpson.png,sentence_count,3.0
Grampa,487,https://img.icons8.com/doodle/48/abraham-simpson.png,sentence_count,1.0
Grampa,488,https://img.icons8.com/doodle/48/abraham-simpson.png,sentence_count,2.0
Grampa,489,https://img.icons8.com/doodle/48/abraham-simpson.png,sentence_count,1.0
Grampa,490,https://img.icons8.com/doodle/48/abraham-simpson.png,sentence_count,5.0
Grampa,495,https://img.icons8.com/doodle/48/abraham-simpson.png,sentence_count,6.0
Grampa,497,https://img.icons8.com/doodle/48/abraham-simpson.png,sentence_count,5.0
Grampa,499,https://img.icons8.com/doodle/48/abraham-simpson.png,sentence_count,14.0
Grampa,500,https://img.icons8.com/doodle/48/abraham-simpson.png,sentence_count,1.0
Grampa,501,https://img.icons8.com/doodle/48/abraham-simpson.png,sentence_count,1.0
Grampa,502,https://img.icons8.com/doodle/48/abraham-simpson.png,sentence_count,6.0
Grampa,503,https://img.icons8.com/doodle/48/abraham-simpson.png,sentence_count,2.0
Grampa,504,https://img.icons8.com/doodle/48/abraham-simpson.png,sentence_count,5.0
Grampa,506,https://img.icons8.com/doodle/48/abraham-simpson.png,sentence_count,1.0
Grampa,507,https://img.icons8.com/doodle/48/abraham-simpson.png,sentence_count,1.0
Grampa,508,https://img.icons8.com/doodle/48/abraham-simpson.png,sentence_count,2.0
Grampa,512,https://img.icons8.com/doodle/48/abraham-simpson.png,sentence_count,17.0
Grampa,516,https://img.icons8.com/doodle/48/abraham-simpson.png,sentence_count,58.0
Grampa,519,https://img.icons8.com/doodle/48/abraham-simpson.png,sentence_count,4.0
Grampa,522,https://img.icons8.com/doodle/48/abraham-simpson.png,sentence_count,44.0
Grampa,523,https://img.icons8.com/doodle/48/abraham-simpson.png,sentence_count,4.0
Grampa,524,https://img.icons8.com/doodle/48/abraham-simpson.png,sentence_count,10.0
Grampa,525,https://img.icons8.com/doodle/48/abraham-simpson.png,sentence_count,2.0
Grampa,526,https://img.icons8.com/doodle/48/abraham-simpson.png,sentence_count,1.0
Grampa,527,https://img.icons8.com/doodle/48/abraham-simpson.png,sentence_count,25.0
Grampa,528,https://img.icons8.com/doodle/48/abraham-simpson.png,sentence_count,1.0
Grampa,529,https://img.icons8.com/doodle/48/abraham-simpson.png,sentence_count,1.0
Grampa,530,https://img.icons8.com/doodle/48/abraham-simpson.png,sentence_count,3.0
Grampa,531,https://img.icons8.com/doodle/48/abraham-simpson.png,sentence_count,1.0
Grampa,532,https://img.icons8.com/doodle/48/abraham-simpson.png,sentence_count,2.0
Grampa,535,https://img.icons8.com/doodle/48/abraham-simpson.png,sentence_count,1.0
Grampa,541,https://img.icons8.com/doodle/48/abraham-simpson.png,sentence_count,1.0
Grampa,542,https://img.icons8.com/doodle/48/abraham-simpson.png,sentence_count,1.0
Grampa,544,https://img.icons8.com/doodle/48/abraham-simpson.png,sentence_count,17.0
Grampa,548,https://img.icons8.com/doodle/48/abraham-simpson.png,sentence_count,3.0
Grampa,551,https://img.icons8.com/doodle/48/abraham-simpson.png,sentence_count,8.0
Grampa,552,https://img.icons8.com/doodle/48/abraham-simpson.png,sentence_count,11.0
Grampa,555,https://img.icons8.com/doodle/48/abraham-simpson.png,sentence_count,4.0
Grampa,556,https://img.icons8.com/doodle/48/abraham-simpson.png,sentence_count,1.0
Grampa,561,https://img.icons8.com/doodle/48/abraham-simpson.png,sentence_count,3.0
Grampa,562,https://img.icons8.com/doodle/48/abraham-simpson.png,sentence_count,2.0
Grampa,563,https://img.icons8.com/doodle/48/abraham-simpson.png,sentence_count,3.0
Grampa,564,https://img.icons8.com/doodle/48/abraham-simpson.png,sentence_count,1.0
Grampa,565,https://img.icons8.com/doodle/48/abraham-simpson.png,sentence_count,2.0
Grampa,566,https://img.icons8.com/doodle/48/abraham-simpson.png,sentence_count,3.0
Homer,1,https://img.icons8.com/doodle/48/homer-simpson.png,sentence_count,113.0
Homer,2,https://img.icons8.com/doodle/48/homer-simpson.png,sentence_count,55.0
Homer,3,https://img.icons8.com/doodle/48/homer-simpson.png,sentence_count,58.0
Homer,4,https://img.icons8.com/doodle/48/homer-simpson.png,sentence_count,80.0
Homer,5,https://img.icons8.com/doodle/48/homer-simpson.png,sentence_count,32.0
Homer,6,https://img.icons8.com/doodle/48/homer-simpson.png,sentence_count,59.0
Homer,7,https://img.icons8.com/doodle/48/homer-simpson.png,sentence_count,92.0
Homer,8,https://img.icons8.com/doodle/48/homer-simpson.png,sentence_count,48.0
Homer,9,https://img.icons8.com/doodle/48/homer-simpson.png,sentence_count,52.0
Homer,10,https://img.icons8.com/doodle/48/homer-simpson.png,sentence_count,70.0
Homer,11,https://img.icons8.com/doodle/48/homer-simpson.png,sentence_count,65.0
Homer,12,https://img.icons8.com/doodle/48/homer-simpson.png,sentence_count,27.0
Homer,13,https://img.icons8.com/doodle/48/homer-simpson.png,sentence_count,66.0
Homer,14,https://img.icons8.com/doodle/48/homer-simpson.png,sentence_count,22.0
Homer,15,https://img.icons8.com/doodle/48/homer-simpson.png,sentence_count,92.0
Homer,16,https://img.icons8.com/doodle/48/homer-simpson.png,sentence_count,64.0
Homer,17,https://img.icons8.com/doodle/48/homer-simpson.png,sentence_count,45.0
Homer,18,https://img.icons8.com/doodle/48/homer-simpson.png,sentence_count,83.0
Homer,19,https://img.icons8.com/doodle/48/homer-simpson.png,sentence_count,90.0
Homer,20,https://img.icons8.com/doodle/48/homer-simpson.png,sentence_count,38.0
Homer,21,https://img.icons8.com/doodle/48/homer-simpson.png,sentence_count,54.0
Homer,22,https://img.icons8.com/doodle/48/homer-simpson.png,sentence_count,36.0
Homer,23,https://img.icons8.com/doodle/48/homer-simpson.png,sentence_count,49.0
Homer,24,https://img.icons8.com/doodle/48/homer-simpson.png,sentence_count,128.0
Homer,25,https://img.icons8.com/doodle/48/homer-simpson.png,sentence_count,112.0
Homer,26,https://img.icons8.com/doodle/48/homer-simpson.png,sentence_count,90.0
Homer,27,https://img.icons8.com/doodle/48/homer-simpson.png,sentence_count,34.0
Homer,28,https://img.icons8.com/doodle/48/homer-simpson.png,sentence_count,99.0
Homer,29,https://img.icons8.com/doodle/48/homer-simpson.png,sentence_count,47.0
Homer,30,https://img.icons8.com/doodle/48/homer-simpson.png,sentence_count,43.0
Homer,31,https://img.icons8.com/doodle/48/homer-simpson.png,sentence_count,51.0
Homer,32,https://img.icons8.com/doodle/48/homer-simpson.png,sentence_count,47.0
Homer,33,https://img.icons8.com/doodle/48/homer-simpson.png,sentence_count,92.0
Homer,34,https://img.icons8.com/doodle/48/homer-simpson.png,sentence_count,36.0
Homer,35,https://img.icons8.com/doodle/48/homer-simpson.png,sentence_count,77.0
Homer,36,https://img.icons8.com/doodle/48/homer-simpson.png,sentence_count,66.0
Homer,37,https://img.icons8.com/doodle/48/homer-simpson.png,sentence_count,54.0
Homer,38,https://img.icons8.com/doodle/48/homer-simpson.png,sentence_count,83.0
Homer,39,https://img.icons8.com/doodle/48/homer-simpson.png,sentence_count,21.0
Homer,40,https://img.icons8.com/doodle/48/homer-simpson.png,sentence_count,44.0
Homer,41,https://img.icons8.com/doodle/48/homer-simpson.png,sentence_count,12.0
Homer,42,https://img.icons8.com/doodle/48/homer-simpson.png,sentence_count,53.0
Homer,43,https://img.icons8.com/doodle/48/homer-simpson.png,sentence_count,112.0
Homer,44,https://img.icons8.com/doodle/48/homer-simpson.png,sentence_count,84.0
Homer,45,https://img.icons8.com/doodle/48/homer-simpson.png,sentence_count,64.0
Homer,46,https://img.icons8.com/doodle/48/homer-simpson.png,sentence_count,69.0
Homer,47,https://img.icons8.com/doodle/48/homer-simpson.png,sentence_count,112.0
Homer,48,https://img.icons8.com/doodle/48/homer-simpson.png,sentence_count,39.0
Homer,49,https://img.icons8.com/doodle/48/homer-simpson.png,sentence_count,96.0
Homer,50,https://img.icons8.com/doodle/48/homer-simpson.png,sentence_count,61.0
Homer,51,https://img.icons8.com/doodle/48/homer-simpson.png,sentence_count,49.0
Homer,52,https://img.icons8.com/doodle/48/homer-simpson.png,sentence_count,47.0
Homer,53,https://img.icons8.com/doodle/48/homer-simpson.png,sentence_count,9.0
Homer,54,https://img.icons8.com/doodle/48/homer-simpson.png,sentence_count,60.0
Homer,55,https://img.icons8.com/doodle/48/homer-simpson.png,sentence_count,101.0
Homer,56,https://img.icons8.com/doodle/48/homer-simpson.png,sentence_count,16.0
Homer,57,https://img.icons8.com/doodle/48/homer-simpson.png,sentence_count,28.0
Homer,58,https://img.icons8.com/doodle/48/homer-simpson.png,sentence_count,21.0
Homer,59,https://img.icons8.com/doodle/48/homer-simpson.png,sentence_count,56.0
Homer,60,https://img.icons8.com/doodle/48/homer-simpson.png,sentence_count,27.0
Homer,61,https://img.icons8.com/doodle/48/homer-simpson.png,sentence_count,45.0
Homer,62,https://img.icons8.com/doodle/48/homer-simpson.png,sentence_count,90.0
Homer,63,https://img.icons8.com/doodle/48/homer-simpson.png,sentence_count,44.0
Homer,64,https://img.icons8.com/doodle/48/homer-simpson.png,sentence_count,42.0
Homer,65,https://img.icons8.com/doodle/48/homer-simpson.png,sentence_count,67.0
Homer,66,https://img.icons8.com/doodle/48/homer-simpson.png,sentence_count,47.0
Homer,67,https://img.icons8.com/doodle/48/homer-simpson.png,sentence_count,47.0
Homer,68,https://img.icons8.com/doodle/48/homer-simpson.png,sentence_count,83.0
Homer,69,https://img.icons8.com/doodle/48/homer-simpson.png,sentence_count,69.0
Homer,70,https://img.icons8.com/doodle/48/homer-simpson.png,sentence_count,90.0
Homer,71,https://img.icons8.com/doodle/48/homer-simpson.png,sentence_count,43.0
Homer,72,https://img.icons8.com/doodle/48/homer-simpson.png,sentence_count,46.0
Homer,73,https://img.icons8.com/doodle/48/homer-simpson.png,sentence_count,71.0
Homer,74,https://img.icons8.com/doodle/48/homer-simpson.png,sentence_count,33.0
Homer,75,https://img.icons8.com/doodle/48/homer-simpson.png,sentence_count,60.0
Homer,76,https://img.icons8.com/doodle/48/homer-simpson.png,sentence_count,45.0
Homer,77,https://img.icons8.com/doodle/48/homer-simpson.png,sentence_count,59.0
Homer,78,https://img.icons8.com/doodle/48/homer-simpson.png,sentence_count,43.0
Homer,79,https://img.icons8.com/doodle/48/homer-simpson.png,sentence_count,22.0
Homer,80,https://img.icons8.com/doodle/48/homer-simpson.png,sentence_count,24.0
Homer,81,https://img.icons8.com/doodle/48/homer-simpson.png,sentence_count,11.0
Homer,82,https://img.icons8.com/doodle/48/homer-simpson.png,sentence_count,61.0
Homer,83,https://img.icons8.com/doodle/48/homer-simpson.png,sentence_count,35.0
Homer,84,https://img.icons8.com/doodle/48/homer-simpson.png,sentence_count,88.0
Homer,85,https://img.icons8.com/doodle/48/homer-simpson.png,sentence_count,63.0
Homer,86,https://img.icons8.com/doodle/48/homer-simpson.png,sentence_count,38.0
Homer,87,https://img.icons8.com/doodle/48/homer-simpson.png,sentence_count,74.0
Homer,88,https://img.icons8.com/doodle/48/homer-simpson.png,sentence_count,57.0
Homer,89,https://img.icons8.com/doodle/48/homer-simpson.png,sentence_count,60.0
Homer,90,https://img.icons8.com/doodle/48/homer-simpson.png,sentence_count,84.0
Homer,91,https://img.icons8.com/doodle/48/homer-simpson.png,sentence_count,53.0
Homer,92,https://img.icons8.com/doodle/48/homer-simpson.png,sentence_count,77.0
Homer,93,https://img.icons8.com/doodle/48/homer-simpson.png,sentence_count,26.0
Homer,94,https://img.icons8.com/doodle/48/homer-simpson.png,sentence_count,54.0
Homer,95,https://img.icons8.com/doodle/48/homer-simpson.png,sentence_count,16.0
Homer,96,https://img.icons8.com/doodle/48/homer-simpson.png,sentence_count,49.0
Homer,97,https://img.icons8.com/doodle/48/homer-simpson.png,sentence_count,87.0
Homer,98,https://img.icons8.com/doodle/48/homer-simpson.png,sentence_count,76.0
Homer,99,https://img.icons8.com/doodle/48/homer-simpson.png,sentence_count,37.0
Homer,100,https://img.icons8.com/doodle/48/homer-simpson.png,sentence_count,6.0
Homer,101,https://img.icons8.com/doodle/48/homer-simpson.png,sentence_count,26.0
Homer,102,https://img.icons8.com/doodle/48/homer-simpson.png,sentence_count,23.0
Homer,103,https://img.icons8.com/doodle/48/homer-simpson.png,sentence_count,93.0
Homer,104,https://img.icons8.com/doodle/48/homer-simpson.png,sentence_count,18.0
Homer,105,https://img.icons8.com/doodle/48/homer-simpson.png,sentence_count,30.0
Homer,106,https://img.icons8.com/doodle/48/homer-simpson.png,sentence_count,43.0
Homer,107,https://img.icons8.com/doodle/48/homer-simpson.png,sentence_count,42.0
Homer,108,https://img.icons8.com/doodle/48/homer-simpson.png,sentence_count,13.0
Homer,109,https://img.icons8.com/doodle/48/homer-simpson.png,sentence_count,57.0
Homer,110,https://img.icons8.com/doodle/48/homer-simpson.png,sentence_count,15.0
Homer,111,https://img.icons8.com/doodle/48/homer-simpson.png,sentence_count,38.0
Homer,112,https://img.icons8.com/doodle/48/homer-simpson.png,sentence_count,72.0
Homer,113,https://img.icons8.com/doodle/48/homer-simpson.png,sentence_count,61.0
Homer,114,https://img.icons8.com/doodle/48/homer-simpson.png,sentence_count,65.0
Homer,115,https://img.icons8.com/doodle/48/homer-simpson.png,sentence_count,92.0
Homer,116,https://img.icons8.com/doodle/48/homer-simpson.png,sentence_count,94.0
Homer,117,https://img.icons8.com/doodle/48/homer-simpson.png,sentence_count,27.0
Homer,118,https://img.icons8.com/doodle/48/homer-simpson.png,sentence_count,59.0
Homer,119,https://img.icons8.com/doodle/48/homer-simpson.png,sentence_count,31.0
Homer,120,https://img.icons8.com/doodle/48/homer-simpson.png,sentence_count,75.0
Homer,121,https://img.icons8.com/doodle/48/homer-simpson.png,sentence_count,40.0
Homer,122,https://img.icons8.com/doodle/48/homer-simpson.png,sentence_count,35.0
Homer,123,https://img.icons8.com/doodle/48/homer-simpson.png,sentence_count,27.0
Homer,124,https://img.icons8.com/doodle/48/homer-simpson.png,sentence_count,8.0
Homer,125,https://img.icons8.com/doodle/48/homer-simpson.png,sentence_count,21.0
Homer,126,https://img.icons8.com/doodle/48/homer-simpson.png,sentence_count,55.0
Homer,127,https://img.icons8.com/doodle/48/homer-simpson.png,sentence_count,18.0
Homer,128,https://img.icons8.com/doodle/48/homer-simpson.png,sentence_count,14.0
Homer,129,https://img.icons8.com/doodle/48/homer-simpson.png,sentence_count,14.0
Homer,130,https://img.icons8.com/doodle/48/homer-simpson.png,sentence_count,9.0
Homer,131,https://img.icons8.com/doodle/48/homer-simpson.png,sentence_count,42.0
Homer,132,https://img.icons8.com/doodle/48/homer-simpson.png,sentence_count,18.0
Homer,133,https://img.icons8.com/doodle/48/homer-simpson.png,sentence_count,50.0
Homer,134,https://img.icons8.com/doodle/48/homer-simpson.png,sentence_count,57.0
Homer,135,https://img.icons8.com/doodle/48/homer-simpson.png,sentence_count,105.0
Homer,136,https://img.icons8.com/doodle/48/homer-simpson.png,sentence_count,52.0
Homer,137,https://img.icons8.com/doodle/48/homer-simpson.png,sentence_count,14.0
Homer,138,https://img.icons8.com/doodle/48/homer-simpson.png,sentence_count,37.0
Homer,139,https://img.icons8.com/doodle/48/homer-simpson.png,sentence_count,21.0
Homer,140,https://img.icons8.com/doodle/48/homer-simpson.png,sentence_count,49.0
Homer,141,https://img.icons8.com/doodle/48/homer-simpson.png,sentence_count,68.0
Homer,142,https://img.icons8.com/doodle/48/homer-simpson.png,sentence_count,41.0
Homer,143,https://img.icons8.com/doodle/48/homer-simpson.png,sentence_count,10.0
Homer,144,https://img.icons8.com/doodle/48/homer-simpson.png,sentence_count,38.0
Homer,145,https://img.icons8.com/doodle/48/homer-simpson.png,sentence_count,53.0
Homer,146,https://img.icons8.com/doodle/48/homer-simpson.png,sentence_count,14.0
Homer,147,https://img.icons8.com/doodle/48/homer-simpson.png,sentence_count,14.0
Homer,148,https://img.icons8.com/doodle/48/homer-simpson.png,sentence_count,37.0
Homer,149,https://img.icons8.com/doodle/48/homer-simpson.png,sentence_count,11.0
Homer,150,https://img.icons8.com/doodle/48/homer-simpson.png,sentence_count,8.0
Homer,151,https://img.icons8.com/doodle/48/homer-simpson.png,sentence_count,51.0
Homer,152,https://img.icons8.com/doodle/48/homer-simpson.png,sentence_count,79.0
Homer,153,https://img.icons8.com/doodle/48/homer-simpson.png,sentence_count,24.0
Homer,154,https://img.icons8.com/doodle/48/homer-simpson.png,sentence_count,32.0
Homer,155,https://img.icons8.com/doodle/48/homer-simpson.png,sentence_count,74.0
Homer,156,https://img.icons8.com/doodle/48/homer-simpson.png,sentence_count,51.0
Homer,157,https://img.icons8.com/doodle/48/homer-simpson.png,sentence_count,41.0
Homer,158,https://img.icons8.com/doodle/48/homer-simpson.png,sentence_count,44.0
Homer,159,https://img.icons8.com/doodle/48/homer-simpson.png,sentence_count,59.0
Homer,160,https://img.icons8.com/doodle/48/homer-simpson.png,sentence_count,22.0
Homer,161,https://img.icons8.com/doodle/48/homer-simpson.png,sentence_count,35.0
Homer,162,https://img.icons8.com/doodle/48/homer-simpson.png,sentence_count,103.0
Homer,163,https://img.icons8.com/doodle/48/homer-simpson.png,sentence_count,63.0
Homer,164,https://img.icons8.com/doodle/48/homer-simpson.png,sentence_count,30.0
Homer,165,https://img.icons8.com/doodle/48/homer-simpson.png,sentence_count,49.0
Homer,166,https://img.icons8.com/doodle/48/homer-simpson.png,sentence_count,47.0
Homer,167,https://img.icons8.com/doodle/48/homer-simpson.png,sentence_count,33.0
Homer,168,https://img.icons8.com/doodle/48/homer-simpson.png,sentence_count,89.0
Homer,169,https://img.icons8.com/doodle/48/homer-simpson.png,sentence_count,11.0
Homer,170,https://img.icons8.com/doodle/48/homer-simpson.png,sentence_count,21.0
Homer,171,https://img.icons8.com/doodle/48/homer-simpson.png,sentence_count,61.0
Homer,172,https://img.icons8.com/doodle/48/homer-simpson.png,sentence_count,7.0
Homer,173,https://img.icons8.com/doodle/48/homer-simpson.png,sentence_count,28.0
Homer,174,https://img.icons8.com/doodle/48/homer-simpson.png,sentence_count,21.0
Homer,175,https://img.icons8.com/doodle/48/homer-simpson.png,sentence_count,34.0
Homer,176,https://img.icons8.com/doodle/48/homer-simpson.png,sentence_count,57.0
Homer,177,https://img.icons8.com/doodle/48/homer-simpson.png,sentence_count,18.0
Homer,178,https://img.icons8.com/doodle/48/homer-simpson.png,sentence_count,16.0
Homer,179,https://img.icons8.com/doodle/48/homer-simpson.png,sentence_count,69.0
Homer,180,https://img.icons8.com/doodle/48/homer-simpson.png,sentence_count,18.0
Homer,181,https://img.icons8.com/doodle/48/homer-simpson.png,sentence_count,73.0
Homer,182,https://img.icons8.com/doodle/48/homer-simpson.png,sentence_count,63.0
Homer,183,https://img.icons8.com/doodle/48/homer-simpson.png,sentence_count,94.0
Homer,184,https://img.icons8.com/doodle/48/homer-simpson.png,sentence_count,78.0
Homer,185,https://img.icons8.com/doodle/48/homer-simpson.png,sentence_count,61.0
Homer,186,https://img.icons8.com/doodle/48/homer-simpson.png,sentence_count,38.0
Homer,187,https://img.icons8.com/doodle/48/homer-simpson.png,sentence_count,55.0
Homer,188,https://img.icons8.com/doodle/48/homer-simpson.png,sentence_count,52.0
Homer,189,https://img.icons8.com/doodle/48/homer-simpson.png,sentence_count,18.0
Homer,190,https://img.icons8.com/doodle/48/homer-simpson.png,sentence_count,75.0
Homer,191,https://img.icons8.com/doodle/48/homer-simpson.png,sentence_count,64.0
Homer,192,https://img.icons8.com/doodle/48/homer-simpson.png,sentence_count,29.0
Homer,193,https://img.icons8.com/doodle/48/homer-simpson.png,sentence_count,26.0
Homer,194,https://img.icons8.com/doodle/48/homer-simpson.png,sentence_count,69.0
Homer,195,https://img.icons8.com/doodle/48/homer-simpson.png,sentence_count,32.0
Homer,196,https://img.icons8.com/doodle/48/homer-simpson.png,sentence_count,11.0
Homer,197,https://img.icons8.com/doodle/48/homer-simpson.png,sentence_count,93.0
Homer,198,https://img.icons8.com/doodle/48/homer-simpson.png,sentence_count,68.0
Homer,199,https://img.icons8.com/doodle/48/homer-simpson.png,sentence_count,25.0
Homer,200,https://img.icons8.com/doodle/48/homer-simpson.png,sentence_count,104.0
Homer,201,https://img.icons8.com/doodle/48/homer-simpson.png,sentence_count,82.0
Homer,202,https://img.icons8.com/doodle/48/homer-simpson.png,sentence_count,56.0
Homer,203,https://img.icons8.com/doodle/48/homer-simpson.png,sentence_count,80.0
Homer,204,https://img.icons8.com/doodle/48/homer-simpson.png,sentence_count,51.0
Homer,205,https://img.icons8.com/doodle/48/homer-simpson.png,sentence_count,104.0
Homer,206,https://img.icons8.com/doodle/48/homer-simpson.png,sentence_count,39.0
Homer,207,https://img.icons8.com/doodle/48/homer-simpson.png,sentence_count,52.0
Homer,208,https://img.icons8.com/doodle/48/homer-simpson.png,sentence_count,111.0
Homer,209,https://img.icons8.com/doodle/48/homer-simpson.png,sentence_count,82.0
Homer,210,https://img.icons8.com/doodle/48/homer-simpson.png,sentence_count,50.0
Homer,211,https://img.icons8.com/doodle/48/homer-simpson.png,sentence_count,92.0
Homer,212,https://img.icons8.com/doodle/48/homer-simpson.png,sentence_count,77.0
Homer,213,https://img.icons8.com/doodle/48/homer-simpson.png,sentence_count,106.0
Homer,214,https://img.icons8.com/doodle/48/homer-simpson.png,sentence_count,44.0
Homer,215,https://img.icons8.com/doodle/48/homer-simpson.png,sentence_count,69.0
Homer,216,https://img.icons8.com/doodle/48/homer-simpson.png,sentence_count,114.0
Homer,217,https://img.icons8.com/doodle/48/homer-simpson.png,sentence_count,61.0
Homer,218,https://img.icons8.com/doodle/48/homer-simpson.png,sentence_count,47.0
Homer,219,https://img.icons8.com/doodle/48/homer-simpson.png,sentence_count,87.0
Homer,220,https://img.icons8.com/doodle/48/homer-simpson.png,sentence_count,79.0
Homer,221,https://img.icons8.com/doodle/48/homer-simpson.png,sentence_count,37.0
Homer,222,https://img.icons8.com/doodle/48/homer-simpson.png,sentence_count,111.0
Homer,223,https://img.icons8.com/doodle/48/homer-simpson.png,sentence_count,32.0
Homer,224,https://img.icons8.com/doodle/48/homer-simpson.png,sentence_count,46.0
Homer,225,https://img.icons8.com/doodle/48/homer-simpson.png,sentence_count,46.0
Homer,226,https://img.icons8.com/doodle/48/homer-simpson.png,sentence_count,78.0
Homer,227,https://img.icons8.com/doodle/48/homer-simpson.png,sentence_count,95.0
Homer,228,https://img.icons8.com/doodle/48/homer-simpson.png,sentence_count,55.0
Homer,229,https://img.icons8.com/doodle/48/homer-simpson.png,sentence_count,88.0
Homer,230,https://img.icons8.com/doodle/48/homer-simpson.png,sentence_count,66.0
Homer,231,https://img.icons8.com/doodle/48/homer-simpson.png,sentence_count,131.0
Homer,232,https://img.icons8.com/doodle/48/homer-simpson.png,sentence_count,107.0
Homer,233,https://img.icons8.com/doodle/48/homer-simpson.png,sentence_count,47.0
Homer,234,https://img.icons8.com/doodle/48/homer-simpson.png,sentence_count,63.0
Homer,235,https://img.icons8.com/doodle/48/homer-simpson.png,sentence_count,18.0
Homer,236,https://img.icons8.com/doodle/48/homer-simpson.png,sentence_count,75.0
Homer,237,https://img.icons8.com/doodle/48/homer-simpson.png,sentence_count,57.0
Homer,238,https://img.icons8.com/doodle/48/homer-simpson.png,sentence_count,72.0
Homer,239,https://img.icons8.com/doodle/48/homer-simpson.png,sentence_count,64.0
Homer,240,https://img.icons8.com/doodle/48/homer-simpson.png,sentence_count,67.0
Homer,241,https://img.icons8.com/doodle/48/homer-simpson.png,sentence_count,100.0
Homer,242,https://img.icons8.com/doodle/48/homer-simpson.png,sentence_count,44.0
Homer,243,https://img.icons8.com/doodle/48/homer-simpson.png,sentence_count,29.0
Homer,244,https://img.icons8.com/doodle/48/homer-simpson.png,sentence_count,72.0
Homer,245,https://img.icons8.com/doodle/48/homer-simpson.png,sentence_count,88.0
Homer,246,https://img.icons8.com/doodle/48/homer-simpson.png,sentence_count,34.0
Homer,247,https://img.icons8.com/doodle/48/homer-simpson.png,sentence_count,19.0
Homer,248,https://img.icons8.com/doodle/48/homer-simpson.png,sentence_count,47.0
Homer,249,https://img.icons8.com/doodle/48/homer-simpson.png,sentence_count,69.0
Homer,250,https://img.icons8.com/doodle/48/homer-simpson.png,sentence_count,93.0
Homer,251,https://img.icons8.com/doodle/48/homer-simpson.png,sentence_count,44.0
Homer,252,https://img.icons8.com/doodle/48/homer-simpson.png,sentence_count,28.0
Homer,253,https://img.icons8.com/doodle/48/homer-simpson.png,sentence_count,77.0
Homer,254,https://img.icons8.com/doodle/48/homer-simpson.png,sentence_count,118.0
Homer,255,https://img.icons8.com/doodle/48/homer-simpson.png,sentence_count,100.0
Homer,256,https://img.icons8.com/doodle/48/homer-simpson.png,sentence_count,36.0
Homer,257,https://img.icons8.com/doodle/48/homer-simpson.png,sentence_count,89.0
Homer,258,https://img.icons8.com/doodle/48/homer-simpson.png,sentence_count,50.0
Homer,259,https://img.icons8.com/doodle/48/homer-simpson.png,sentence_count,21.0
Homer,260,https://img.icons8.com/doodle/48/homer-simpson.png,sentence_count,112.0
Homer,261,https://img.icons8.com/doodle/48/homer-simpson.png,sentence_count,9.0
Homer,262,https://img.icons8.com/doodle/48/homer-simpson.png,sentence_count,19.0
Homer,263,https://img.icons8.com/doodle/48/homer-simpson.png,sentence_count,98.0
Homer,264,https://img.icons8.com/doodle/48/homer-simpson.png,sentence_count,49.0
Homer,265,https://img.icons8.com/doodle/48/homer-simpson.png,sentence_count,78.0
Homer,266,https://img.icons8.com/doodle/48/homer-simpson.png,sentence_count,56.0
Homer,267,https://img.icons8.com/doodle/48/homer-simpson.png,sentence_count,44.0
Homer,268,https://img.icons8.com/doodle/48/homer-simpson.png,sentence_count,84.0
Homer,269,https://img.icons8.com/doodle/48/homer-simpson.png,sentence_count,20.0
Homer,270,https://img.icons8.com/doodle/48/homer-simpson.png,sentence_count,47.0
Homer,271,https://img.icons8.com/doodle/48/homer-simpson.png,sentence_count,95.0
Homer,272,https://img.icons8.com/doodle/48/homer-simpson.png,sentence_count,98.0
Homer,273,https://img.icons8.com/doodle/48/homer-simpson.png,sentence_count,41.0
Homer,274,https://img.icons8.com/doodle/48/homer-simpson.png,sentence_count,56.0
Homer,275,https://img.icons8.com/doodle/48/homer-simpson.png,sentence_count,33.0
Homer,276,https://img.icons8.com/doodle/48/homer-simpson.png,sentence_count,59.0
Homer,277,https://img.icons8.com/doodle/48/homer-simpson.png,sentence_count,64.0
Homer,278,https://img.icons8.com/doodle/48/homer-simpson.png,sentence_count,53.0
Homer,279,https://img.icons8.com/doodle/48/homer-simpson.png,sentence_count,49.0
Homer,280,https://img.icons8.com/doodle/48/homer-simpson.png,sentence_count,34.0
Homer,281,https://img.icons8.com/doodle/48/homer-simpson.png,sentence_count,35.0
Homer,282,https://img.icons8.com/doodle/48/homer-simpson.png,sentence_count,38.0
Homer,283,https://img.icons8.com/doodle/48/homer-simpson.png,sentence_count,46.0
Homer,284,https://img.icons8.com/doodle/48/homer-simpson.png,sentence_count,62.0
Homer,285,https://img.icons8.com/doodle/48/homer-simpson.png,sentence_count,90.0
Homer,286,https://img.icons8.com/doodle/48/homer-simpson.png,sentence_count,19.0
Homer,287,https://img.icons8.com/doodle/48/homer-simpson.png,sentence_count,41.0
Homer,288,https://img.icons8.com/doodle/48/homer-simpson.png,sentence_count,54.0
Homer,289,https://img.icons8.com/doodle/48/homer-simpson.png,sentence_count,24.0
Homer,290,https://img.icons8.com/doodle/48/homer-simpson.png,sentence_count,70.0
Homer,291,https://img.icons8.com/doodle/48/homer-simpson.png,sentence_count,72.0
Homer,292,https://img.icons8.com/doodle/48/homer-simpson.png,sentence_count,85.0
Homer,293,https://img.icons8.com/doodle/48/homer-simpson.png,sentence_count,116.0
Homer,294,https://img.icons8.com/doodle/48/homer-simpson.png,sentence_count,26.0
Homer,295,https://img.icons8.com/doodle/48/homer-simpson.png,sentence_count,42.0
Homer,296,https://img.icons8.com/doodle/48/homer-simpson.png,sentence_count,62.0
Homer,297,https://img.icons8.com/doodle/48/homer-simpson.png,sentence_count,57.0
Homer,298,https://img.icons8.com/doodle/48/homer-simpson.png,sentence_count,21.0
Homer,299,https://img.icons8.com/doodle/48/homer-simpson.png,sentence_count,87.0
Homer,300,https://img.icons8.com/doodle/48/homer-simpson.png,sentence_count,51.0
Homer,301,https://img.icons8.com/doodle/48/homer-simpson.png,sentence_count,63.0
Homer,302,https://img.icons8.com/doodle/48/homer-simpson.png,sentence_count,62.0
Homer,303,https://img.icons8.com/doodle/48/homer-simpson.png,sentence_count,30.0
Homer,304,https://img.icons8.com/doodle/48/homer-simpson.png,sentence_count,19.0
Homer,305,https://img.icons8.com/doodle/48/homer-simpson.png,sentence_count,34.0
Homer,306,https://img.icons8.com/doodle/48/homer-simpson.png,sentence_count,103.0
Homer,307,https://img.icons8.com/doodle/48/homer-simpson.png,sentence_count,20.0
Homer,308,https://img.icons8.com/doodle/48/homer-simpson.png,sentence_count,98.0
Homer,309,https://img.icons8.com/doodle/48/homer-simpson.png,sentence_count,49.0
Homer,310,https://img.icons8.com/doodle/48/homer-simpson.png,sentence_count,53.0
Homer,311,https://img.icons8.com/doodle/48/homer-simpson.png,sentence_count,88.0
Homer,312,https://img.icons8.com/doodle/48/homer-simpson.png,sentence_count,30.0
Homer,313,https://img.icons8.com/doodle/48/homer-simpson.png,sentence_count,39.0
Homer,314,https://img.icons8.com/doodle/48/homer-simpson.png,sentence_count,39.0
Homer,315,https://img.icons8.com/doodle/48/homer-simpson.png,sentence_count,75.0
Homer,316,https://img.icons8.com/doodle/48/homer-simpson.png,sentence_count,27.0
Homer,317,https://img.icons8.com/doodle/48/homer-simpson.png,sentence_count,59.0
Homer,318,https://img.icons8.com/doodle/48/homer-simpson.png,sentence_count,77.0
Homer,319,https://img.icons8.com/doodle/48/homer-simpson.png,sentence_count,44.0
Homer,320,https://img.icons8.com/doodle/48/homer-simpson.png,sentence_count,76.0
Homer,321,https://img.icons8.com/doodle/48/homer-simpson.png,sentence_count,27.0
Homer,322,https://img.icons8.com/doodle/48/homer-simpson.png,sentence_count,56.0
Homer,323,https://img.icons8.com/doodle/48/homer-simpson.png,sentence_count,74.0
Homer,324,https://img.icons8.com/doodle/48/homer-simpson.png,sentence_count,4.0
Homer,325,https://img.icons8.com/doodle/48/homer-simpson.png,sentence_count,31.0
Homer,326,https://img.icons8.com/doodle/48/homer-simpson.png,sentence_count,44.0
Homer,327,https://img.icons8.com/doodle/48/homer-simpson.png,sentence_count,46.0
Homer,328,https://img.icons8.com/doodle/48/homer-simpson.png,sentence_count,67.0
Homer,329,https://img.icons8.com/doodle/48/homer-simpson.png,sentence_count,24.0
Homer,330,https://img.icons8.com/doodle/48/homer-simpson.png,sentence_count,42.0
Homer,331,https://img.icons8.com/doodle/48/homer-simpson.png,sentence_count,49.0
Homer,332,https://img.icons8.com/doodle/48/homer-simpson.png,sentence_count,67.0
Homer,333,https://img.icons8.com/doodle/48/homer-simpson.png,sentence_count,78.0
Homer,334,https://img.icons8.com/doodle/48/homer-simpson.png,sentence_count,46.0
Homer,335,https://img.icons8.com/doodle/48/homer-simpson.png,sentence_count,31.0
Homer,336,https://img.icons8.com/doodle/48/homer-simpson.png,sentence_count,42.0
Homer,337,https://img.icons8.com/doodle/48/homer-simpson.png,sentence_count,54.0
Homer,338,https://img.icons8.com/doodle/48/homer-simpson.png,sentence_count,22.0
Homer,339,https://img.icons8.com/doodle/48/homer-simpson.png,sentence_count,37.0
Homer,340,https://img.icons8.com/doodle/48/homer-simpson.png,sentence_count,56.0
Homer,341,https://img.icons8.com/doodle/48/homer-simpson.png,sentence_count,48.0
Homer,342,https://img.icons8.com/doodle/48/homer-simpson.png,sentence_count,61.0
Homer,343,https://img.icons8.com/doodle/48/homer-simpson.png,sentence_count,56.0
Homer,344,https://img.icons8.com/doodle/48/homer-simpson.png,sentence_count,36.0
Homer,345,https://img.icons8.com/doodle/48/homer-simpson.png,sentence_count,43.0
Homer,346,https://img.icons8.com/doodle/48/homer-simpson.png,sentence_count,28.0
Homer,347,https://img.icons8.com/doodle/48/homer-simpson.png,sentence_count,48.0
Homer,348,https://img.icons8.com/doodle/48/homer-simpson.png,sentence_count,70.0
Homer,349,https://img.icons8.com/doodle/48/homer-simpson.png,sentence_count,41.0
Homer,350,https://img.icons8.com/doodle/48/homer-simpson.png,sentence_count,23.0
Homer,351,https://img.icons8.com/doodle/48/homer-simpson.png,sentence_count,109.0
Homer,352,https://img.icons8.com/doodle/48/homer-simpson.png,sentence_count,38.0
Homer,353,https://img.icons8.com/doodle/48/homer-simpson.png,sentence_count,57.0
Homer,354,https://img.icons8.com/doodle/48/homer-simpson.png,sentence_count,84.0
Homer,355,https://img.icons8.com/doodle/48/homer-simpson.png,sentence_count,58.0
Homer,356,https://img.icons8.com/doodle/48/homer-simpson.png,sentence_count,40.0
Homer,357,https://img.icons8.com/doodle/48/homer-simpson.png,sentence_count,87.0
Homer,358,https://img.icons8.com/doodle/48/homer-simpson.png,sentence_count,46.0
Homer,359,https://img.icons8.com/doodle/48/homer-simpson.png,sentence_count,54.0
Homer,360,https://img.icons8.com/doodle/48/homer-simpson.png,sentence_count,31.0
Homer,361,https://img.icons8.com/doodle/48/homer-simpson.png,sentence_count,36.0
Homer,362,https://img.icons8.com/doodle/48/homer-simpson.png,sentence_count,79.0
Homer,363,https://img.icons8.com/doodle/48/homer-simpson.png,sentence_count,31.0
Homer,364,https://img.icons8.com/doodle/48/homer-simpson.png,sentence_count,54.0
Homer,365,https://img.icons8.com/doodle/48/homer-simpson.png,sentence_count,19.0
Homer,366,https://img.icons8.com/doodle/48/homer-simpson.png,sentence_count,49.0
Homer,367,https://img.icons8.com/doodle/48/homer-simpson.png,sentence_count,55.0
Homer,368,https://img.icons8.com/doodle/48/homer-simpson.png,sentence_count,17.0
Homer,369,https://img.icons8.com/doodle/48/homer-simpson.png,sentence_count,27.0
Homer,370,https://img.icons8.com/doodle/48/homer-simpson.png,sentence_count,39.0
Homer,371,https://img.icons8.com/doodle/48/homer-simpson.png,sentence_count,54.0
Homer,372,https://img.icons8.com/doodle/48/homer-simpson.png,sentence_count,17.0
Homer,373,https://img.icons8.com/doodle/48/homer-simpson.png,sentence_count,45.0
Homer,374,https://img.icons8.com/doodle/48/homer-simpson.png,sentence_count,39.0
Homer,375,https://img.icons8.com/doodle/48/homer-simpson.png,sentence_count,19.0
Homer,376,https://img.icons8.com/doodle/48/homer-simpson.png,sentence_count,76.0
Homer,377,https://img.icons8.com/doodle/48/homer-simpson.png,sentence_count,23.0
Homer,378,https://img.icons8.com/doodle/48/homer-simpson.png,sentence_count,54.0
Homer,379,https://img.icons8.com/doodle/48/homer-simpson.png,sentence_count,24.0
Homer,380,https://img.icons8.com/doodle/48/homer-simpson.png,sentence_count,23.0
Homer,381,https://img.icons8.com/doodle/48/homer-simpson.png,sentence_count,56.0
Homer,382,https://img.icons8.com/doodle/48/homer-simpson.png,sentence_count,44.0
Homer,383,https://img.icons8.com/doodle/48/homer-simpson.png,sentence_count,45.0
Homer,384,https://img.icons8.com/doodle/48/homer-simpson.png,sentence_count,37.0
Homer,385,https://img.icons8.com/doodle/48/homer-simpson.png,sentence_count,65.0
Homer,386,https://img.icons8.com/doodle/48/homer-simpson.png,sentence_count,37.0
Homer,387,https://img.icons8.com/doodle/48/homer-simpson.png,sentence_count,34.0
Homer,388,https://img.icons8.com/doodle/48/homer-simpson.png,sentence_count,51.0
Homer,389,https://img.icons8.com/doodle/48/homer-simpson.png,sentence_count,58.0
Homer,390,https://img.icons8.com/doodle/48/homer-simpson.png,sentence_count,31.0
Homer,391,https://img.icons8.com/doodle/48/homer-simpson.png,sentence_count,53.0
Homer,392,https://img.icons8.com/doodle/48/homer-simpson.png,sentence_count,6.0
Homer,393,https://img.icons8.com/doodle/48/homer-simpson.png,sentence_count,44.0
Homer,394,https://img.icons8.com/doodle/48/homer-simpson.png,sentence_count,67.0
Homer,395,https://img.icons8.com/doodle/48/homer-simpson.png,sentence_count,45.0
Homer,396,https://img.icons8.com/doodle/48/homer-simpson.png,sentence_count,46.0
Homer,397,https://img.icons8.com/doodle/48/homer-simpson.png,sentence_count,63.0
Homer,398,https://img.icons8.com/doodle/48/homer-simpson.png,sentence_count,27.0
Homer,399,https://img.icons8.com/doodle/48/homer-simpson.png,sentence_count,20.0
Homer,400,https://img.icons8.com/doodle/48/homer-simpson.png,sentence_count,60.0
Homer,401,https://img.icons8.com/doodle/48/homer-simpson.png,sentence_count,87.0
Homer,402,https://img.icons8.com/doodle/48/homer-simpson.png,sentence_count,77.0
Homer,403,https://img.icons8.com/doodle/48/homer-simpson.png,sentence_count,75.0
Homer,404,https://img.icons8.com/doodle/48/homer-simpson.png,sentence_count,29.0
Homer,405,https://img.icons8.com/doodle/48/homer-simpson.png,sentence_count,49.0
Homer,406,https://img.icons8.com/doodle/48/homer-simpson.png,sentence_count,36.0
Homer,407,https://img.icons8.com/doodle/48/homer-simpson.png,sentence_count,55.0
Homer,408,https://img.icons8.com/doodle/48/homer-simpson.png,sentence_count,45.0
Homer,409,https://img.icons8.com/doodle/48/homer-simpson.png,sentence_count,90.0
Homer,410,https://img.icons8.com/doodle/48/homer-simpson.png,sentence_count,42.0
Homer,411,https://img.icons8.com/doodle/48/homer-simpson.png,sentence_count,71.0
Homer,412,https://img.icons8.com/doodle/48/homer-simpson.png,sentence_count,12.0
Homer,413,https://img.icons8.com/doodle/48/homer-simpson.png,sentence_count,27.0
Homer,414,https://img.icons8.com/doodle/48/homer-simpson.png,sentence_count,24.0
Homer,415,https://img.icons8.com/doodle/48/homer-simpson.png,sentence_count,58.0
Homer,416,https://img.icons8.com/doodle/48/homer-simpson.png,sentence_count,29.0
Homer,417,https://img.icons8.com/doodle/48/homer-simpson.png,sentence_count,18.0
Homer,418,https://img.icons8.com/doodle/48/homer-simpson.png,sentence_count,34.0
Homer,419,https://img.icons8.com/doodle/48/homer-simpson.png,sentence_count,76.0
Homer,420,https://img.icons8.com/doodle/48/homer-simpson.png,sentence_count,23.0
Homer,421,https://img.icons8.com/doodle/48/homer-simpson.png,sentence_count,72.0
Homer,422,https://img.icons8.com/doodle/48/homer-simpson.png,sentence_count,14.0
Homer,423,https://img.icons8.com/doodle/48/homer-simpson.png,sentence_count,34.0
Homer,425,https://img.icons8.com/doodle/48/homer-simpson.png,sentence_count,83.0
Homer,426,https://img.icons8.com/doodle/48/homer-simpson.png,sentence_count,59.0
Homer,427,https://img.icons8.com/doodle/48/homer-simpson.png,sentence_count,61.0
Homer,428,https://img.icons8.com/doodle/48/homer-simpson.png,sentence_count,32.0
Homer,429,https://img.icons8.com/doodle/48/homer-simpson.png,sentence_count,25.0
Homer,430,https://img.icons8.com/doodle/48/homer-simpson.png,sentence_count,87.0
Homer,431,https://img.icons8.com/doodle/48/homer-simpson.png,sentence_count,30.0
Homer,432,https://img.icons8.com/doodle/48/homer-simpson.png,sentence_count,69.0
Homer,433,https://img.icons8.com/doodle/48/homer-simpson.png,sentence_count,43.0
Homer,434,https://img.icons8.com/doodle/48/homer-simpson.png,sentence_count,48.0
Homer,435,https://img.icons8.com/doodle/48/homer-simpson.png,sentence_count,42.0
Homer,436,https://img.icons8.com/doodle/48/homer-simpson.png,sentence_count,44.0
Homer,437,https://img.icons8.com/doodle/48/homer-simpson.png,sentence_count,12.0
Homer,438,https://img.icons8.com/doodle/48/homer-simpson.png,sentence_count,105.0
Homer,439,https://img.icons8.com/doodle/48/homer-simpson.png,sentence_count,54.0
Homer,440,https://img.icons8.com/doodle/48/homer-simpson.png,sentence_count,29.0
Homer,442,https://img.icons8.com/doodle/48/homer-simpson.png,sentence_count,51.0
Homer,443,https://img.icons8.com/doodle/48/homer-simpson.png,sentence_count,11.0
Homer,444,https://img.icons8.com/doodle/48/homer-simpson.png,sentence_count,31.0
Homer,445,https://img.icons8.com/doodle/48/homer-simpson.png,sentence_count,33.0
Homer,446,https://img.icons8.com/doodle/48/homer-simpson.png,sentence_count,45.0
Homer,448,https://img.icons8.com/doodle/48/homer-simpson.png,sentence_count,22.0
Homer,449,https://img.icons8.com/doodle/48/homer-simpson.png,sentence_count,29.0
Homer,450,https://img.icons8.com/doodle/48/homer-simpson.png,sentence_count,41.0
Homer,451,https://img.icons8.com/doodle/48/homer-simpson.png,sentence_count,17.0
Homer,452,https://img.icons8.com/doodle/48/homer-simpson.png,sentence_count,84.0
Homer,453,https://img.icons8.com/doodle/48/homer-simpson.png,sentence_count,37.0
Homer,454,https://img.icons8.com/doodle/48/homer-simpson.png,sentence_count,18.0
Homer,455,https://img.icons8.com/doodle/48/homer-simpson.png,sentence_count,53.0
Homer,456,https://img.icons8.com/doodle/48/homer-simpson.png,sentence_count,19.0
Homer,457,https://img.icons8.com/doodle/48/homer-simpson.png,sentence_count,61.0
Homer,458,https://img.icons8.com/doodle/48/homer-simpson.png,sentence_count,29.0
Homer,459,https://img.icons8.com/doodle/48/homer-simpson.png,sentence_count,51.0
Homer,460,https://img.icons8.com/doodle/48/homer-simpson.png,sentence_count,62.0
Homer,461,https://img.icons8.com/doodle/48/homer-simpson.png,sentence_count,27.0
Homer,462,https://img.icons8.com/doodle/48/homer-simpson.png,sentence_count,43.0
Homer,463,https://img.icons8.com/doodle/48/homer-simpson.png,sentence_count,21.0
Homer,464,https://img.icons8.com/doodle/48/homer-simpson.png,sentence_count,27.0
Homer,465,https://img.icons8.com/doodle/48/homer-simpson.png,sentence_count,13.0
Homer,466,https://img.icons8.com/doodle/48/homer-simpson.png,sentence_count,29.0
Homer,467,https://img.icons8.com/doodle/48/homer-simpson.png,sentence_count,15.0
Homer,468,https://img.icons8.com/doodle/48/homer-simpson.png,sentence_count,58.0
Homer,469,https://img.icons8.com/doodle/48/homer-simpson.png,sentence_count,35.0
Homer,470,https://img.icons8.com/doodle/48/homer-simpson.png,sentence_count,16.0
Homer,471,https://img.icons8.com/doodle/48/homer-simpson.png,sentence_count,39.0
Homer,472,https://img.icons8.com/doodle/48/homer-simpson.png,sentence_count,31.0
Homer,473,https://img.icons8.com/doodle/48/homer-simpson.png,sentence_count,81.0
Homer,474,https://img.icons8.com/doodle/48/homer-simpson.png,sentence_count,24.0
Homer,475,https://img.icons8.com/doodle/48/homer-simpson.png,sentence_count,11.0
Homer,476,https://img.icons8.com/doodle/48/homer-simpson.png,sentence_count,47.0
Homer,477,https://img.icons8.com/doodle/48/homer-simpson.png,sentence_count,32.0
Homer,478,https://img.icons8.com/doodle/48/homer-simpson.png,sentence_count,37.0
Homer,479,https://img.icons8.com/doodle/48/homer-simpson.png,sentence_count,27.0
Homer,480,https://img.icons8.com/doodle/48/homer-simpson.png,sentence_count,57.0
Homer,481,https://img.icons8.com/doodle/48/homer-simpson.png,sentence_count,65.0
Homer,482,https://img.icons8.com/doodle/48/homer-simpson.png,sentence_count,17.0
Homer,483,https://img.icons8.com/doodle/48/homer-simpson.png,sentence_count,37.0
Homer,484,https://img.icons8.com/doodle/48/homer-simpson.png,sentence_count,49.0
Homer,485,https://img.icons8.com/doodle/48/homer-simpson.png,sentence_count,40.0
Homer,486,https://img.icons8.com/doodle/48/homer-simpson.png,sentence_count,39.0
Homer,487,https://img.icons8.com/doodle/48/homer-simpson.png,sentence_count,67.0
Homer,488,https://img.icons8.com/doodle/48/homer-simpson.png,sentence_count,15.0
Homer,489,https://img.icons8.com/doodle/48/homer-simpson.png,sentence_count,24.0
Homer,490,https://img.icons8.com/doodle/48/homer-simpson.png,sentence_count,52.0
Homer,491,https://img.icons8.com/doodle/48/homer-simpson.png,sentence_count,58.0
Homer,492,https://img.icons8.com/doodle/48/homer-simpson.png,sentence_count,48.0
Homer,493,https://img.icons8.com/doodle/48/homer-simpson.png,sentence_count,68.0
Homer,494,https://img.icons8.com/doodle/48/homer-simpson.png,sentence_count,16.0
Homer,495,https://img.icons8.com/doodle/48/homer-simpson.png,sentence_count,26.0
Homer,496,https://img.icons8.com/doodle/48/homer-simpson.png,sentence_count,100.0
Homer,497,https://img.icons8.com/doodle/48/homer-simpson.png,sentence_count,39.0
Homer,498,https://img.icons8.com/doodle/48/homer-simpson.png,sentence_count,11.0
Homer,499,https://img.icons8.com/doodle/48/homer-simpson.png,sentence_count,15.0
Homer,500,https://img.icons8.com/doodle/48/homer-simpson.png,sentence_count,60.0
Homer,501,https://img.icons8.com/doodle/48/homer-simpson.png,sentence_count,63.0
Homer,502,https://img.icons8.com/doodle/48/homer-simpson.png,sentence_count,82.0
Homer,503,https://img.icons8.com/doodle/48/homer-simpson.png,sentence_count,78.0
Homer,504,https://img.icons8.com/doodle/48/homer-simpson.png,sentence_count,58.0
Homer,505,https://img.icons8.com/doodle/48/homer-simpson.png,sentence_count,27.0
Homer,506,https://img.icons8.com/doodle/48/homer-simpson.png,sentence_count,56.0
Homer,507,https://img.icons8.com/doodle/48/homer-simpson.png,sentence_count,50.0
Homer,508,https://img.icons8.com/doodle/48/homer-simpson.png,sentence_count,18.0
Homer,509,https://img.icons8.com/doodle/48/homer-simpson.png,sentence_count,40.0
Homer,510,https://img.icons8.com/doodle/48/homer-simpson.png,sentence_count,70.0
Homer,511,https://img.icons8.com/doodle/48/homer-simpson.png,sentence_count,65.0
Homer,512,https://img.icons8.com/doodle/48/homer-simpson.png,sentence_count,64.0
Homer,513,https://img.icons8.com/doodle/48/homer-simpson.png,sentence_count,45.0
Homer,514,https://img.icons8.com/doodle/48/homer-simpson.png,sentence_count,62.0
Homer,515,https://img.icons8.com/doodle/48/homer-simpson.png,sentence_count,79.0
Homer,516,https://img.icons8.com/doodle/48/homer-simpson.png,sentence_count,66.0
Homer,517,https://img.icons8.com/doodle/48/homer-simpson.png,sentence_count,81.0
Homer,518,https://img.icons8.com/doodle/48/homer-simpson.png,sentence_count,23.0
Homer,519,https://img.icons8.com/doodle/48/homer-simpson.png,sentence_count,74.0
Homer,520,https://img.icons8.com/doodle/48/homer-simpson.png,sentence_count,33.0
Homer,521,https://img.icons8.com/doodle/48/homer-simpson.png,sentence_count,40.0
Homer,522,https://img.icons8.com/doodle/48/homer-simpson.png,sentence_count,44.0
Homer,523,https://img.icons8.com/doodle/48/homer-simpson.png,sentence_count,47.0
Homer,524,https://img.icons8.com/doodle/48/homer-simpson.png,sentence_count,8.0
Homer,525,https://img.icons8.com/doodle/48/homer-simpson.png,sentence_count,67.0
Homer,526,https://img.icons8.com/doodle/48/homer-simpson.png,sentence_count,36.0
Homer,527,https://img.icons8.com/doodle/48/homer-simpson.png,sentence_count,22.0
Homer,528,https://img.icons8.com/doodle/48/homer-simpson.png,sentence_count,25.0
Homer,529,https://img.icons8.com/doodle/48/homer-simpson.png,sentence_count,71.0
Homer,530,https://img.icons8.com/doodle/48/homer-simpson.png,sentence_count,56.0
Homer,531,https://img.icons8.com/doodle/48/homer-simpson.png,sentence_count,67.0
Homer,532,https://img.icons8.com/doodle/48/homer-simpson.png,sentence_count,36.0
Homer,533,https://img.icons8.com/doodle/48/homer-simpson.png,sentence_count,25.0
Homer,534,https://img.icons8.com/doodle/48/homer-simpson.png,sentence_count,49.0
Homer,535,https://img.icons8.com/doodle/48/homer-simpson.png,sentence_count,86.0
Homer,536,https://img.icons8.com/doodle/48/homer-simpson.png,sentence_count,13.0
Homer,537,https://img.icons8.com/doodle/48/homer-simpson.png,sentence_count,25.0
Homer,538,https://img.icons8.com/doodle/48/homer-simpson.png,sentence_count,24.0
Homer,539,https://img.icons8.com/doodle/48/homer-simpson.png,sentence_count,67.0
Homer,540,https://img.icons8.com/doodle/48/homer-simpson.png,sentence_count,26.0
Homer,541,https://img.icons8.com/doodle/48/homer-simpson.png,sentence_count,78.0
Homer,542,https://img.icons8.com/doodle/48/homer-simpson.png,sentence_count,31.0
Homer,543,https://img.icons8.com/doodle/48/homer-simpson.png,sentence_count,17.0
Homer,544,https://img.icons8.com/doodle/48/homer-simpson.png,sentence_count,35.0
Homer,545,https://img.icons8.com/doodle/48/homer-simpson.png,sentence_count,78.0
Homer,546,https://img.icons8.com/doodle/48/homer-simpson.png,sentence_count,58.0
Homer,547,https://img.icons8.com/doodle/48/homer-simpson.png,sentence_count,55.0
Homer,548,https://img.icons8.com/doodle/48/homer-simpson.png,sentence_count,39.0
Homer,549,https://img.icons8.com/doodle/48/homer-simpson.png,sentence_count,42.0
Homer,551,https://img.icons8.com/doodle/48/homer-simpson.png,sentence_count,41.0
Homer,552,https://img.icons8.com/doodle/48/homer-simpson.png,sentence_count,27.0
Homer,553,https://img.icons8.com/doodle/48/homer-simpson.png,sentence_count,14.0
Homer,554,https://img.icons8.com/doodle/48/homer-simpson.png,sentence_count,45.0
Homer,555,https://img.icons8.com/doodle/48/homer-simpson.png,sentence_count,41.0
Homer,556,https://img.icons8.com/doodle/48/homer-simpson.png,sentence_count,45.0
Homer,557,https://img.icons8.com/doodle/48/homer-simpson.png,sentence_count,50.0
Homer,558,https://img.icons8.com/doodle/48/homer-simpson.png,sentence_count,43.0
Homer,559,https://img.icons8.com/doodle/48/homer-simpson.png,sentence_count,42.0
Homer,560,https://img.icons8.com/doodle/48/homer-simpson.png,sentence_count,60.0
Homer,561,https://img.icons8.com/doodle/48/homer-simpson.png,sentence_count,63.0
Homer,562,https://img.icons8.com/doodle/48/homer-simpson.png,sentence_count,66.0
Homer,563,https://img.icons8.com/doodle/48/homer-simpson.png,sentence_count,87.0
Homer,564,https://img.icons8.com/doodle/48/homer-simpson.png,sentence_count,59.0
Homer,565,https://img.icons8.com/doodle/48/homer-simpson.png,sentence_count,62.0
Homer,566,https://img.icons8.com/doodle/48/homer-simpson.png,sentence_count,26.0
Homer,567,https://img.icons8.com/doodle/48/homer-simpson.png,sentence_count,32.0
Homer,568,https://img.icons8.com/doodle/48/homer-simpson.png,sentence_count,27.0
Krusty,8,https://img.icons8.com/doodle/48/krusty-the-clown.png,sentence_count,6.0
Krusty,12,https://img.icons8.com/doodle/48/krusty-the-clown.png,sentence_count,37.0
Krusty,22,https://img.icons8.com/doodle/48/krusty-the-clown.png,sentence_count,13.0
Krusty,29,https://img.icons8.com/doodle/48/krusty-the-clown.png,sentence_count,2.0
Krusty,31,https://img.icons8.com/doodle/48/krusty-the-clown.png,sentence_count,7.0
Krusty,36,https://img.icons8.com/doodle/48/krusty-the-clown.png,sentence_count,3.0
Krusty,41,https://img.icons8.com/doodle/48/krusty-the-clown.png,sentence_count,74.0
Krusty,42,https://img.icons8.com/doodle/48/krusty-the-clown.png,sentence_count,2.0
Krusty,45,https://img.icons8.com/doodle/48/krusty-the-clown.png,sentence_count,2.0
Krusty,48,https://img.icons8.com/doodle/48/krusty-the-clown.png,sentence_count,7.0
Krusty,49,https://img.icons8.com/doodle/48/krusty-the-clown.png,sentence_count,3.0
Krusty,50,https://img.icons8.com/doodle/48/krusty-the-clown.png,sentence_count,1.0
Krusty,54,https://img.icons8.com/doodle/48/krusty-the-clown.png,sentence_count,2.0
Krusty,55,https://img.icons8.com/doodle/48/krusty-the-clown.png,sentence_count,2.0
Krusty,56,https://img.icons8.com/doodle/48/krusty-the-clown.png,sentence_count,14.0
Krusty,60,https://img.icons8.com/doodle/48/krusty-the-clown.png,sentence_count,20.0
Krusty,62,https://img.icons8.com/doodle/48/krusty-the-clown.png,sentence_count,5.0
Krusty,63,https://img.icons8.com/doodle/48/krusty-the-clown.png,sentence_count,14.0
Krusty,64,https://img.icons8.com/doodle/48/krusty-the-clown.png,sentence_count,2.0
Krusty,66,https://img.icons8.com/doodle/48/krusty-the-clown.png,sentence_count,4.0
Krusty,68,https://img.icons8.com/doodle/48/krusty-the-clown.png,sentence_count,3.0
Krusty,69,https://img.icons8.com/doodle/48/krusty-the-clown.png,sentence_count,10.0
Krusty,70,https://img.icons8.com/doodle/48/krusty-the-clown.png,sentence_count,5.0
Krusty,71,https://img.icons8.com/doodle/48/krusty-the-clown.png,sentence_count,2.0
Krusty,73,https://img.icons8.com/doodle/48/krusty-the-clown.png,sentence_count,5.0
Krusty,74,https://img.icons8.com/doodle/48/krusty-the-clown.png,sentence_count,19.0
Krusty,78,https://img.icons8.com/doodle/48/krusty-the-clown.png,sentence_count,12.0
Krusty,81,https://img.icons8.com/doodle/48/krusty-the-clown.png,sentence_count,54.0
Krusty,84,https://img.icons8.com/doodle/48/krusty-the-clown.png,sentence_count,1.0
Krusty,88,https://img.icons8.com/doodle/48/krusty-the-clown.png,sentence_count,5.0
Krusty,89,https://img.icons8.com/doodle/48/krusty-the-clown.png,sentence_count,2.0
Krusty,91,https://img.icons8.com/doodle/48/krusty-the-clown.png,sentence_count,2.0
Krusty,93,https://img.icons8.com/doodle/48/krusty-the-clown.png,sentence_count,35.0
Krusty,95,https://img.icons8.com/doodle/48/krusty-the-clown.png,sentence_count,1.0
Krusty,99,https://img.icons8.com/doodle/48/krusty-the-clown.png,sentence_count,4.0
Krusty,102,https://img.icons8.com/doodle/48/krusty-the-clown.png,sentence_count,1.0
Krusty,104,https://img.icons8.com/doodle/48/krusty-the-clown.png,sentence_count,5.0
Krusty,106,https://img.icons8.com/doodle/48/krusty-the-clown.png,sentence_count,4.0
Krusty,107,https://img.icons8.com/doodle/48/krusty-the-clown.png,sentence_count,2.0
Krusty,108,https://img.icons8.com/doodle/48/krusty-the-clown.png,sentence_count,1.0
Krusty,111,https://img.icons8.com/doodle/48/krusty-the-clown.png,sentence_count,1.0
Krusty,117,https://img.icons8.com/doodle/48/krusty-the-clown.png,sentence_count,3.0
Krusty,118,https://img.icons8.com/doodle/48/krusty-the-clown.png,sentence_count,44.0
Krusty,121,https://img.icons8.com/doodle/48/krusty-the-clown.png,sentence_count,5.0
Krusty,125,https://img.icons8.com/doodle/48/krusty-the-clown.png,sentence_count,7.0
Krusty,128,https://img.icons8.com/doodle/48/krusty-the-clown.png,sentence_count,1.0
Krusty,129,https://img.icons8.com/doodle/48/krusty-the-clown.png,sentence_count,5.0
Krusty,130,https://img.icons8.com/doodle/48/krusty-the-clown.png,sentence_count,4.0
Krusty,132,https://img.icons8.com/doodle/48/krusty-the-clown.png,sentence_count,1.0
Krusty,134,https://img.icons8.com/doodle/48/krusty-the-clown.png,sentence_count,2.0
Krusty,137,https://img.icons8.com/doodle/48/krusty-the-clown.png,sentence_count,20.0
Krusty,138,https://img.icons8.com/doodle/48/krusty-the-clown.png,sentence_count,5.0
Krusty,139,https://img.icons8.com/doodle/48/krusty-the-clown.png,sentence_count,5.0
Krusty,140,https://img.icons8.com/doodle/48/krusty-the-clown.png,sentence_count,1.0
Krusty,142,https://img.icons8.com/doodle/48/krusty-the-clown.png,sentence_count,2.0
Krusty,143,https://img.icons8.com/doodle/48/krusty-the-clown.png,sentence_count,27.0
Krusty,146,https://img.icons8.com/doodle/48/krusty-the-clown.png,sentence_count,6.0
Krusty,155,https://img.icons8.com/doodle/48/krusty-the-clown.png,sentence_count,1.0
Krusty,156,https://img.icons8.com/doodle/48/krusty-the-clown.png,sentence_count,1.0
Krusty,161,https://img.icons8.com/doodle/48/krusty-the-clown.png,sentence_count,1.0
Krusty,162,https://img.icons8.com/doodle/48/krusty-the-clown.png,sentence_count,1.0
Krusty,166,https://img.icons8.com/doodle/48/krusty-the-clown.png,sentence_count,10.0
Krusty,167,https://img.icons8.com/doodle/48/krusty-the-clown.png,sentence_count,18.0
Krusty,169,https://img.icons8.com/doodle/48/krusty-the-clown.png,sentence_count,9.0
Krusty,170,https://img.icons8.com/doodle/48/krusty-the-clown.png,sentence_count,4.0
Krusty,171,https://img.icons8.com/doodle/48/krusty-the-clown.png,sentence_count,2.0
Krusty,172,https://img.icons8.com/doodle/48/krusty-the-clown.png,sentence_count,2.0
Krusty,174,https://img.icons8.com/doodle/48/krusty-the-clown.png,sentence_count,1.0
Krusty,181,https://img.icons8.com/doodle/48/krusty-the-clown.png,sentence_count,3.0
Krusty,183,https://img.icons8.com/doodle/48/krusty-the-clown.png,sentence_count,2.0
Krusty,184,https://img.icons8.com/doodle/48/krusty-the-clown.png,sentence_count,1.0
Krusty,185,https://img.icons8.com/doodle/48/krusty-the-clown.png,sentence_count,11.0
Krusty,188,https://img.icons8.com/doodle/48/krusty-the-clown.png,sentence_count,2.0
Krusty,190,https://img.icons8.com/doodle/48/krusty-the-clown.png,sentence_count,2.0
Krusty,193,https://img.icons8.com/doodle/48/krusty-the-clown.png,sentence_count,69.0
Krusty,196,https://img.icons8.com/doodle/48/krusty-the-clown.png,sentence_count,1.0
Krusty,198,https://img.icons8.com/doodle/48/krusty-the-clown.png,sentence_count,1.0
Krusty,199,https://img.icons8.com/doodle/48/krusty-the-clown.png,sentence_count,6.0
Krusty,204,https://img.icons8.com/doodle/48/krusty-the-clown.png,sentence_count,1.0
Krusty,207,https://img.icons8.com/doodle/48/krusty-the-clown.png,sentence_count,2.0
Krusty,208,https://img.icons8.com/doodle/48/krusty-the-clown.png,sentence_count,1.0
Krusty,209,https://img.icons8.com/doodle/48/krusty-the-clown.png,sentence_count,1.0
Krusty,211,https://img.icons8.com/doodle/48/krusty-the-clown.png,sentence_count,5.0
Krusty,214,https://img.icons8.com/doodle/48/krusty-the-clown.png,sentence_count,2.0
Krusty,215,https://img.icons8.com/doodle/48/krusty-the-clown.png,sentence_count,6.0
Krusty,216,https://img.icons8.com/doodle/48/krusty-the-clown.png,sentence_count,2.0
Krusty,218,https://img.icons8.com/doodle/48/krusty-the-clown.png,sentence_count,2.0
Krusty,219,https://img.icons8.com/doodle/48/krusty-the-clown.png,sentence_count,2.0
Krusty,221,https://img.icons8.com/doodle/48/krusty-the-clown.png,sentence_count,2.0
Krusty,225,https://img.icons8.com/doodle/48/krusty-the-clown.png,sentence_count,2.0
Krusty,227,https://img.icons8.com/doodle/48/krusty-the-clown.png,sentence_count,1.0
Krusty,228,https://img.icons8.com/doodle/48/krusty-the-clown.png,sentence_count,6.0
Krusty,229,https://img.icons8.com/doodle/48/krusty-the-clown.png,sentence_count,6.0
Krusty,230,https://img.icons8.com/doodle/48/krusty-the-clown.png,sentence_count,3.0
Krusty,232,https://img.icons8.com/doodle/48/krusty-the-clown.png,sentence_count,4.0
Krusty,235,https://img.icons8.com/doodle/48/krusty-the-clown.png,sentence_count,6.0
Krusty,237,https://img.icons8.com/doodle/48/krusty-the-clown.png,sentence_count,1.0
Krusty,238,https://img.icons8.com/doodle/48/krusty-the-clown.png,sentence_count,2.0
Krusty,243,https://img.icons8.com/doodle/48/krusty-the-clown.png,sentence_count,2.0
Krusty,247,https://img.icons8.com/doodle/48/krusty-the-clown.png,sentence_count,3.0
Krusty,248,https://img.icons8.com/doodle/48/krusty-the-clown.png,sentence_count,1.0
Krusty,250,https://img.icons8.com/doodle/48/krusty-the-clown.png,sentence_count,2.0
Krusty,251,https://img.icons8.com/doodle/48/krusty-the-clown.png,sentence_count,80.0
Krusty,252,https://img.icons8.com/doodle/48/krusty-the-clown.png,sentence_count,6.0
Krusty,254,https://img.icons8.com/doodle/48/krusty-the-clown.png,sentence_count,2.0
Krusty,260,https://img.icons8.com/doodle/48/krusty-the-clown.png,sentence_count,6.0
Krusty,261,https://img.icons8.com/doodle/48/krusty-the-clown.png,sentence_count,43.0
Krusty,266,https://img.icons8.com/doodle/48/krusty-the-clown.png,sentence_count,5.0
Krusty,267,https://img.icons8.com/doodle/48/krusty-the-clown.png,sentence_count,1.0
Krusty,268,https://img.icons8.com/doodle/48/krusty-the-clown.png,sentence_count,12.0
Krusty,270,https://img.icons8.com/doodle/48/krusty-the-clown.png,sentence_count,1.0
Krusty,276,https://img.icons8.com/doodle/48/krusty-the-clown.png,sentence_count,1.0
Krusty,277,https://img.icons8.com/doodle/48/krusty-the-clown.png,sentence_count,1.0
Krusty,280,https://img.icons8.com/doodle/48/krusty-the-clown.png,sentence_count,2.0
Krusty,281,https://img.icons8.com/doodle/48/krusty-the-clown.png,sentence_count,15.0
Krusty,283,https://img.icons8.com/doodle/48/krusty-the-clown.png,sentence_count,8.0
Krusty,286,https://img.icons8.com/doodle/48/krusty-the-clown.png,sentence_count,15.0
Krusty,287,https://img.icons8.com/doodle/48/krusty-the-clown.png,sentence_count,3.0
Krusty,288,https://img.icons8.com/doodle/48/krusty-the-clown.png,sentence_count,1.0
Krusty,289,https://img.icons8.com/doodle/48/krusty-the-clown.png,sentence_count,1.0
Krusty,291,https://img.icons8.com/doodle/48/krusty-the-clown.png,sentence_count,2.0
Krusty,295,https://img.icons8.com/doodle/48/krusty-the-clown.png,sentence_count,16.0
Krusty,297,https://img.icons8.com/doodle/48/krusty-the-clown.png,sentence_count,1.0
Krusty,299,https://img.icons8.com/doodle/48/krusty-the-clown.png,sentence_count,5.0
Krusty,301,https://img.icons8.com/doodle/48/krusty-the-clown.png,sentence_count,1.0
Krusty,303,https://img.icons8.com/doodle/48/krusty-the-clown.png,sentence_count,6.0
Krusty,305,https://img.icons8.com/doodle/48/krusty-the-clown.png,sentence_count,53.0
Krusty,307,https://img.icons8.com/doodle/48/krusty-the-clown.png,sentence_count,3.0
Krusty,309,https://img.icons8.com/doodle/48/krusty-the-clown.png,sentence_count,1.0
Krusty,310,https://img.icons8.com/doodle/48/krusty-the-clown.png,sentence_count,2.0
Krusty,313,https://img.icons8.com/doodle/48/krusty-the-clown.png,sentence_count,2.0
Krusty,317,https://img.icons8.com/doodle/48/krusty-the-clown.png,sentence_count,1.0
Krusty,319,https://img.icons8.com/doodle/48/krusty-the-clown.png,sentence_count,56.0
Krusty,320,https://img.icons8.com/doodle/48/krusty-the-clown.png,sentence_count,4.0
Krusty,322,https://img.icons8.com/doodle/48/krusty-the-clown.png,sentence_count,1.0
Krusty,327,https://img.icons8.com/doodle/48/krusty-the-clown.png,sentence_count,1.0
Krusty,328,https://img.icons8.com/doodle/48/krusty-the-clown.png,sentence_count,1.0
Krusty,329,https://img.icons8.com/doodle/48/krusty-the-clown.png,sentence_count,1.0
Krusty,331,https://img.icons8.com/doodle/48/krusty-the-clown.png,sentence_count,1.0
Krusty,332,https://img.icons8.com/doodle/48/krusty-the-clown.png,sentence_count,3.0
Krusty,334,https://img.icons8.com/doodle/48/krusty-the-clown.png,sentence_count,1.0
Krusty,335,https://img.icons8.com/doodle/48/krusty-the-clown.png,sentence_count,3.0
Krusty,339,https://img.icons8.com/doodle/48/krusty-the-clown.png,sentence_count,1.0
Krusty,340,https://img.icons8.com/doodle/48/krusty-the-clown.png,sentence_count,3.0
Krusty,341,https://img.icons8.com/doodle/48/krusty-the-clown.png,sentence_count,1.0
Krusty,342,https://img.icons8.com/doodle/48/krusty-the-clown.png,sentence_count,1.0
Krusty,345,https://img.icons8.com/doodle/48/krusty-the-clown.png,sentence_count,3.0
Krusty,348,https://img.icons8.com/doodle/48/krusty-the-clown.png,sentence_count,2.0
Krusty,350,https://img.icons8.com/doodle/48/krusty-the-clown.png,sentence_count,2.0
Krusty,351,https://img.icons8.com/doodle/48/krusty-the-clown.png,sentence_count,1.0
Krusty,352,https://img.icons8.com/doodle/48/krusty-the-clown.png,sentence_count,5.0
Krusty,353,https://img.icons8.com/doodle/48/krusty-the-clown.png,sentence_count,23.0
Krusty,354,https://img.icons8.com/doodle/48/krusty-the-clown.png,sentence_count,5.0
Krusty,359,https://img.icons8.com/doodle/48/krusty-the-clown.png,sentence_count,1.0
Krusty,360,https://img.icons8.com/doodle/48/krusty-the-clown.png,sentence_count,1.0
Krusty,361,https://img.icons8.com/doodle/48/krusty-the-clown.png,sentence_count,2.0
Krusty,363,https://img.icons8.com/doodle/48/krusty-the-clown.png,sentence_count,1.0
Krusty,364,https://img.icons8.com/doodle/48/krusty-the-clown.png,sentence_count,13.0
Krusty,365,https://img.icons8.com/doodle/48/krusty-the-clown.png,sentence_count,4.0
Krusty,368,https://img.icons8.com/doodle/48/krusty-the-clown.png,sentence_count,10.0
Krusty,370,https://img.icons8.com/doodle/48/krusty-the-clown.png,sentence_count,1.0
Krusty,374,https://img.icons8.com/doodle/48/krusty-the-clown.png,sentence_count,2.0
Krusty,379,https://img.icons8.com/doodle/48/krusty-the-clown.png,sentence_count,3.0
Krusty,380,https://img.icons8.com/doodle/48/krusty-the-clown.png,sentence_count,3.0
Krusty,381,https://img.icons8.com/doodle/48/krusty-the-clown.png,sentence_count,1.0
Krusty,382,https://img.icons8.com/doodle/48/krusty-the-clown.png,sentence_count,10.0
Krusty,383,https://img.icons8.com/doodle/48/krusty-the-clown.png,sentence_count,6.0
Krusty,385,https://img.icons8.com/doodle/48/krusty-the-clown.png,sentence_count,2.0
Krusty,387,https://img.icons8.com/doodle/48/krusty-the-clown.png,sentence_count,9.0
Krusty,389,https://img.icons8.com/doodle/48/krusty-the-clown.png,sentence_count,1.0
Krusty,390,https://img.icons8.com/doodle/48/krusty-the-clown.png,sentence_count,2.0
Krusty,391,https://img.icons8.com/doodle/48/krusty-the-clown.png,sentence_count,1.0
Krusty,392,https://img.icons8.com/doodle/48/krusty-the-clown.png,sentence_count,25.0
Krusty,394,https://img.icons8.com/doodle/48/krusty-the-clown.png,sentence_count,5.0
Krusty,395,https://img.icons8.com/doodle/48/krusty-the-clown.png,sentence_count,2.0
Krusty,396,https://img.icons8.com/doodle/48/krusty-the-clown.png,sentence_count,1.0
Krusty,400,https://img.icons8.com/doodle/48/krusty-the-clown.png,sentence_count,6.0
Krusty,403,https://img.icons8.com/doodle/48/krusty-the-clown.png,sentence_count,1.0
Krusty,404,https://img.icons8.com/doodle/48/krusty-the-clown.png,sentence_count,11.0
Krusty,405,https://img.icons8.com/doodle/48/krusty-the-clown.png,sentence_count,1.0
Krusty,407,https://img.icons8.com/doodle/48/krusty-the-clown.png,sentence_count,2.0
Krusty,408,https://img.icons8.com/doodle/48/krusty-the-clown.png,sentence_count,7.0
Krusty,409,https://img.icons8.com/doodle/48/krusty-the-clown.png,sentence_count,5.0
Krusty,410,https://img.icons8.com/doodle/48/krusty-the-clown.png,sentence_count,9.0
Krusty,411,https://img.icons8.com/doodle/48/krusty-the-clown.png,sentence_count,1.0
Krusty,416,https://img.icons8.com/doodle/48/krusty-the-clown.png,sentence_count,3.0
Krusty,417,https://img.icons8.com/doodle/48/krusty-the-clown.png,sentence_count,2.0
Krusty,420,https://img.icons8.com/doodle/48/krusty-the-clown.png,sentence_count,50.0
Krusty,422,https://img.icons8.com/doodle/48/krusty-the-clown.png,sentence_count,2.0
Krusty,423,https://img.icons8.com/doodle/48/krusty-the-clown.png,sentence_count,2.0
Krusty,427,https://img.icons8.com/doodle/48/krusty-the-clown.png,sentence_count,6.0
Krusty,434,https://img.icons8.com/doodle/48/krusty-the-clown.png,sentence_count,2.0
Krusty,435,https://img.icons8.com/doodle/48/krusty-the-clown.png,sentence_count,3.0
Krusty,439,https://img.icons8.com/doodle/48/krusty-the-clown.png,sentence_count,1.0
Krusty,442,https://img.icons8.com/doodle/48/krusty-the-clown.png,sentence_count,3.0
Krusty,444,https://img.icons8.com/doodle/48/krusty-the-clown.png,sentence_count,2.0
Krusty,445,https://img.icons8.com/doodle/48/krusty-the-clown.png,sentence_count,3.0
Krusty,448,https://img.icons8.com/doodle/48/krusty-the-clown.png,sentence_count,2.0
Krusty,451,https://img.icons8.com/doodle/48/krusty-the-clown.png,sentence_count,48.0
Krusty,452,https://img.icons8.com/doodle/48/krusty-the-clown.png,sentence_count,1.0
Krusty,457,https://img.icons8.com/doodle/48/krusty-the-clown.png,sentence_count,4.0
Krusty,459,https://img.icons8.com/doodle/48/krusty-the-clown.png,sentence_count,2.0
Krusty,461,https://img.icons8.com/doodle/48/krusty-the-clown.png,sentence_count,2.0
Krusty,462,https://img.icons8.com/doodle/48/krusty-the-clown.png,sentence_count,5.0
Krusty,464,https://img.icons8.com/doodle/48/krusty-the-clown.png,sentence_count,6.0
Krusty,465,https://img.icons8.com/doodle/48/krusty-the-clown.png,sentence_count,31.0
Krusty,466,https://img.icons8.com/doodle/48/krusty-the-clown.png,sentence_count,1.0
Krusty,469,https://img.icons8.com/doodle/48/krusty-the-clown.png,sentence_count,4.0
Krusty,470,https://img.icons8.com/doodle/48/krusty-the-clown.png,sentence_count,4.0
Krusty,473,https://img.icons8.com/doodle/48/krusty-the-clown.png,sentence_count,1.0
Krusty,480,https://img.icons8.com/doodle/48/krusty-the-clown.png,sentence_count,1.0
Krusty,483,https://img.icons8.com/doodle/48/krusty-the-clown.png,sentence_count,1.0
Krusty,489,https://img.icons8.com/doodle/48/krusty-the-clown.png,sentence_count,2.0
Krusty,491,https://img.icons8.com/doodle/48/krusty-the-clown.png,sentence_count,2.0
Krusty,493,https://img.icons8.com/doodle/48/krusty-the-clown.png,sentence_count,16.0
Krusty,494,https://img.icons8.com/doodle/48/krusty-the-clown.png,sentence_count,73.0
Krusty,495,https://img.icons8.com/doodle/48/krusty-the-clown.png,sentence_count,1.0
Krusty,500,https://img.icons8.com/doodle/48/krusty-the-clown.png,sentence_count,1.0
Krusty,506,https://img.icons8.com/doodle/48/krusty-the-clown.png,sentence_count,10.0
Krusty,507,https://img.icons8.com/doodle/48/krusty-the-clown.png,sentence_count,1.0
Krusty,512,https://img.icons8.com/doodle/48/krusty-the-clown.png,sentence_count,2.0
Krusty,514,https://img.icons8.com/doodle/48/krusty-the-clown.png,sentence_count,2.0
Krusty,516,https://img.icons8.com/doodle/48/krusty-the-clown.png,sentence_count,3.0
Krusty,518,https://img.icons8.com/doodle/48/krusty-the-clown.png,sentence_count,2.0
Krusty,521,https://img.icons8.com/doodle/48/krusty-the-clown.png,sentence_count,2.0
Krusty,524,https://img.icons8.com/doodle/48/krusty-the-clown.png,sentence_count,2.0
Krusty,526,https://img.icons8.com/doodle/48/krusty-the-clown.png,sentence_count,5.0
Krusty,528,https://img.icons8.com/doodle/48/krusty-the-clown.png,sentence_count,2.0
Krusty,532,https://img.icons8.com/doodle/48/krusty-the-clown.png,sentence_count,2.0
Krusty,533,https://img.icons8.com/doodle/48/krusty-the-clown.png,sentence_count,7.0
Krusty,536,https://img.icons8.com/doodle/48/krusty-the-clown.png,sentence_count,1.0
Krusty,537,https://img.icons8.com/doodle/48/krusty-the-clown.png,sentence_count,26.0
Krusty,538,https://img.icons8.com/doodle/48/krusty-the-clown.png,sentence_count,2.0
Krusty,540,https://img.icons8.com/doodle/48/krusty-the-clown.png,sentence_count,1.0
Krusty,542,https://img.icons8.com/doodle/48/krusty-the-clown.png,sentence_count,2.0
Krusty,543,https://img.icons8.com/doodle/48/krusty-the-clown.png,sentence_count,1.0
Krusty,546,https://img.icons8.com/doodle/48/krusty-the-clown.png,sentence_count,2.0
Krusty,548,https://img.icons8.com/doodle/48/krusty-the-clown.png,sentence_count,2.0
Krusty,552,https://img.icons8.com/doodle/48/krusty-the-clown.png,sentence_count,1.0
Krusty,553,https://img.icons8.com/doodle/48/krusty-the-clown.png,sentence_count,74.0
Krusty,555,https://img.icons8.com/doodle/48/krusty-the-clown.png,sentence_count,5.0
Krusty,558,https://img.icons8.com/doodle/48/krusty-the-clown.png,sentence_count,1.0
Krusty,563,https://img.icons8.com/doodle/48/krusty-the-clown.png,sentence_count,1.0
Krusty,566,https://img.icons8.com/doodle/48/krusty-the-clown.png,sentence_count,1.0
Lenny,9,https://static.simpsonswiki.com/images/6/6f/Tapped_Out_Lenny_Icon.png,sentence_count,3.0
Lenny,10,https://static.simpsonswiki.com/images/6/6f/Tapped_Out_Lenny_Icon.png,sentence_count,2.0
Lenny,11,https://static.simpsonswiki.com/images/6/6f/Tapped_Out_Lenny_Icon.png,sentence_count,2.0
Lenny,15,https://static.simpsonswiki.com/images/6/6f/Tapped_Out_Lenny_Icon.png,sentence_count,5.0
Lenny,23,https://static.simpsonswiki.com/images/6/6f/Tapped_Out_Lenny_Icon.png,sentence_count,1.0
Lenny,26,https://static.simpsonswiki.com/images/6/6f/Tapped_Out_Lenny_Icon.png,sentence_count,2.0
Lenny,29,https://static.simpsonswiki.com/images/6/6f/Tapped_Out_Lenny_Icon.png,sentence_count,2.0
Lenny,35,https://static.simpsonswiki.com/images/6/6f/Tapped_Out_Lenny_Icon.png,sentence_count,1.0
Lenny,36,https://static.simpsonswiki.com/images/6/6f/Tapped_Out_Lenny_Icon.png,sentence_count,1.0
Lenny,37,https://static.simpsonswiki.com/images/6/6f/Tapped_Out_Lenny_Icon.png,sentence_count,2.0
Lenny,40,https://static.simpsonswiki.com/images/6/6f/Tapped_Out_Lenny_Icon.png,sentence_count,2.0
Lenny,42,https://static.simpsonswiki.com/images/6/6f/Tapped_Out_Lenny_Icon.png,sentence_count,1.0
Lenny,46,https://static.simpsonswiki.com/images/6/6f/Tapped_Out_Lenny_Icon.png,sentence_count,5.0
Lenny,52,https://static.simpsonswiki.com/images/6/6f/Tapped_Out_Lenny_Icon.png,sentence_count,12.0
Lenny,54,https://static.simpsonswiki.com/images/6/6f/Tapped_Out_Lenny_Icon.png,sentence_count,2.0
Lenny,55,https://static.simpsonswiki.com/images/6/6f/Tapped_Out_Lenny_Icon.png,sentence_count,2.0
Lenny,59,https://static.simpsonswiki.com/images/6/6f/Tapped_Out_Lenny_Icon.png,sentence_count,2.0
Lenny,64,https://static.simpsonswiki.com/images/6/6f/Tapped_Out_Lenny_Icon.png,sentence_count,3.0
Lenny,66,https://static.simpsonswiki.com/images/6/6f/Tapped_Out_Lenny_Icon.png,sentence_count,2.0
Lenny,70,https://static.simpsonswiki.com/images/6/6f/Tapped_Out_Lenny_Icon.png,sentence_count,1.0
Lenny,71,https://static.simpsonswiki.com/images/6/6f/Tapped_Out_Lenny_Icon.png,sentence_count,2.0
Lenny,76,https://static.simpsonswiki.com/images/6/6f/Tapped_Out_Lenny_Icon.png,sentence_count,12.0
Lenny,77,https://static.simpsonswiki.com/images/6/6f/Tapped_Out_Lenny_Icon.png,sentence_count,1.0
Lenny,79,https://static.simpsonswiki.com/images/6/6f/Tapped_Out_Lenny_Icon.png,sentence_count,2.0
Lenny,86,https://static.simpsonswiki.com/images/6/6f/Tapped_Out_Lenny_Icon.png,sentence_count,1.0
Lenny,87,https://static.simpsonswiki.com/images/6/6f/Tapped_Out_Lenny_Icon.png,sentence_count,3.0
Lenny,88,https://static.simpsonswiki.com/images/6/6f/Tapped_Out_Lenny_Icon.png,sentence_count,1.0
Lenny,90,https://static.simpsonswiki.com/images/6/6f/Tapped_Out_Lenny_Icon.png,sentence_count,8.0
Lenny,92,https://static.simpsonswiki.com/images/6/6f/Tapped_Out_Lenny_Icon.png,sentence_count,1.0
Lenny,96,https://static.simpsonswiki.com/images/6/6f/Tapped_Out_Lenny_Icon.png,sentence_count,2.0
Lenny,97,https://static.simpsonswiki.com/images/6/6f/Tapped_Out_Lenny_Icon.png,sentence_count,3.0
Lenny,99,https://static.simpsonswiki.com/images/6/6f/Tapped_Out_Lenny_Icon.png,sentence_count,3.0
Lenny,103,https://static.simpsonswiki.com/images/6/6f/Tapped_Out_Lenny_Icon.png,sentence_count,6.0
Lenny,106,https://static.simpsonswiki.com/images/6/6f/Tapped_Out_Lenny_Icon.png,sentence_count,2.0
Lenny,108,https://static.simpsonswiki.com/images/6/6f/Tapped_Out_Lenny_Icon.png,sentence_count,1.0
Lenny,114,https://static.simpsonswiki.com/images/6/6f/Tapped_Out_Lenny_Icon.png,sentence_count,2.0
Lenny,115,https://static.simpsonswiki.com/images/6/6f/Tapped_Out_Lenny_Icon.png,sentence_count,19.0
Lenny,116,https://static.simpsonswiki.com/images/6/6f/Tapped_Out_Lenny_Icon.png,sentence_count,2.0
Lenny,118,https://static.simpsonswiki.com/images/6/6f/Tapped_Out_Lenny_Icon.png,sentence_count,3.0
Lenny,120,https://static.simpsonswiki.com/images/6/6f/Tapped_Out_Lenny_Icon.png,sentence_count,2.0
Lenny,126,https://static.simpsonswiki.com/images/6/6f/Tapped_Out_Lenny_Icon.png,sentence_count,3.0
Lenny,128,https://static.simpsonswiki.com/images/6/6f/Tapped_Out_Lenny_Icon.png,sentence_count,1.0
Lenny,135,https://static.simpsonswiki.com/images/6/6f/Tapped_Out_Lenny_Icon.png,sentence_count,4.0
Lenny,136,https://static.simpsonswiki.com/images/6/6f/Tapped_Out_Lenny_Icon.png,sentence_count,4.0
Lenny,142,https://static.simpsonswiki.com/images/6/6f/Tapped_Out_Lenny_Icon.png,sentence_count,1.0
Lenny,145,https://static.simpsonswiki.com/images/6/6f/Tapped_Out_Lenny_Icon.png,sentence_count,3.0
Lenny,147,https://static.simpsonswiki.com/images/6/6f/Tapped_Out_Lenny_Icon.png,sentence_count,2.0
Lenny,151,https://static.simpsonswiki.com/images/6/6f/Tapped_Out_Lenny_Icon.png,sentence_count,1.0
Lenny,156,https://static.simpsonswiki.com/images/6/6f/Tapped_Out_Lenny_Icon.png,sentence_count,1.0
Lenny,158,https://static.simpsonswiki.com/images/6/6f/Tapped_Out_Lenny_Icon.png,sentence_count,1.0
Lenny,161,https://static.simpsonswiki.com/images/6/6f/Tapped_Out_Lenny_Icon.png,sentence_count,1.0
Lenny,162,https://static.simpsonswiki.com/images/6/6f/Tapped_Out_Lenny_Icon.png,sentence_count,3.0
Lenny,163,https://static.simpsonswiki.com/images/6/6f/Tapped_Out_Lenny_Icon.png,sentence_count,2.0
Lenny,164,https://static.simpsonswiki.com/images/6/6f/Tapped_Out_Lenny_Icon.png,sentence_count,4.0
Lenny,165,https://static.simpsonswiki.com/images/6/6f/Tapped_Out_Lenny_Icon.png,sentence_count,12.0
Lenny,170,https://static.simpsonswiki.com/images/6/6f/Tapped_Out_Lenny_Icon.png,sentence_count,1.0
Lenny,171,https://static.simpsonswiki.com/images/6/6f/Tapped_Out_Lenny_Icon.png,sentence_count,2.0
Lenny,172,https://static.simpsonswiki.com/images/6/6f/Tapped_Out_Lenny_Icon.png,sentence_count,1.0
Lenny,174,https://static.simpsonswiki.com/images/6/6f/Tapped_Out_Lenny_Icon.png,sentence_count,1.0
Lenny,175,https://static.simpsonswiki.com/images/6/6f/Tapped_Out_Lenny_Icon.png,sentence_count,4.0
Lenny,176,https://static.simpsonswiki.com/images/6/6f/Tapped_Out_Lenny_Icon.png,sentence_count,14.0
Lenny,179,https://static.simpsonswiki.com/images/6/6f/Tapped_Out_Lenny_Icon.png,sentence_count,2.0
Lenny,182,https://static.simpsonswiki.com/images/6/6f/Tapped_Out_Lenny_Icon.png,sentence_count,2.0
Lenny,183,https://static.simpsonswiki.com/images/6/6f/Tapped_Out_Lenny_Icon.png,sentence_count,3.0
Lenny,184,https://static.simpsonswiki.com/images/6/6f/Tapped_Out_Lenny_Icon.png,sentence_count,1.0
Lenny,185,https://static.simpsonswiki.com/images/6/6f/Tapped_Out_Lenny_Icon.png,sentence_count,3.0
Lenny,186,https://static.simpsonswiki.com/images/6/6f/Tapped_Out_Lenny_Icon.png,sentence_count,4.0
Lenny,187,https://static.simpsonswiki.com/images/6/6f/Tapped_Out_Lenny_Icon.png,sentence_count,1.0
Lenny,188,https://static.simpsonswiki.com/images/6/6f/Tapped_Out_Lenny_Icon.png,sentence_count,2.0
Lenny,191,https://static.simpsonswiki.com/images/6/6f/Tapped_Out_Lenny_Icon.png,sentence_count,1.0
Lenny,193,https://static.simpsonswiki.com/images/6/6f/Tapped_Out_Lenny_Icon.png,sentence_count,2.0
Lenny,194,https://static.simpsonswiki.com/images/6/6f/Tapped_Out_Lenny_Icon.png,sentence_count,1.0
Lenny,197,https://static.simpsonswiki.com/images/6/6f/Tapped_Out_Lenny_Icon.png,sentence_count,2.0
Lenny,198,https://static.simpsonswiki.com/images/6/6f/Tapped_Out_Lenny_Icon.png,sentence_count,3.0
Lenny,200,https://static.simpsonswiki.com/images/6/6f/Tapped_Out_Lenny_Icon.png,sentence_count,4.0
Lenny,202,https://static.simpsonswiki.com/images/6/6f/Tapped_Out_Lenny_Icon.png,sentence_count,2.0
Lenny,203,https://static.simpsonswiki.com/images/6/6f/Tapped_Out_Lenny_Icon.png,sentence_count,4.0
Lenny,205,https://static.simpsonswiki.com/images/6/6f/Tapped_Out_Lenny_Icon.png,sentence_count,4.0
Lenny,208,https://static.simpsonswiki.com/images/6/6f/Tapped_Out_Lenny_Icon.png,sentence_count,3.0
Lenny,209,https://static.simpsonswiki.com/images/6/6f/Tapped_Out_Lenny_Icon.png,sentence_count,3.0
Lenny,211,https://static.simpsonswiki.com/images/6/6f/Tapped_Out_Lenny_Icon.png,sentence_count,1.0
Lenny,212,https://static.simpsonswiki.com/images/6/6f/Tapped_Out_Lenny_Icon.png,sentence_count,1.0
Lenny,213,https://static.simpsonswiki.com/images/6/6f/Tapped_Out_Lenny_Icon.png,sentence_count,3.0
Lenny,214,https://static.simpsonswiki.com/images/6/6f/Tapped_Out_Lenny_Icon.png,sentence_count,6.0
Lenny,215,https://static.simpsonswiki.com/images/6/6f/Tapped_Out_Lenny_Icon.png,sentence_count,10.0
Lenny,216,https://static.simpsonswiki.com/images/6/6f/Tapped_Out_Lenny_Icon.png,sentence_count,7.0
Lenny,217,https://static.simpsonswiki.com/images/6/6f/Tapped_Out_Lenny_Icon.png,sentence_count,1.0
Lenny,218,https://static.simpsonswiki.com/images/6/6f/Tapped_Out_Lenny_Icon.png,sentence_count,5.0
Lenny,219,https://static.simpsonswiki.com/images/6/6f/Tapped_Out_Lenny_Icon.png,sentence_count,4.0
Lenny,222,https://static.simpsonswiki.com/images/6/6f/Tapped_Out_Lenny_Icon.png,sentence_count,1.0
Lenny,223,https://static.simpsonswiki.com/images/6/6f/Tapped_Out_Lenny_Icon.png,sentence_count,2.0
Lenny,224,https://static.simpsonswiki.com/images/6/6f/Tapped_Out_Lenny_Icon.png,sentence_count,5.0
Lenny,225,https://static.simpsonswiki.com/images/6/6f/Tapped_Out_Lenny_Icon.png,sentence_count,5.0
Lenny,226,https://static.simpsonswiki.com/images/6/6f/Tapped_Out_Lenny_Icon.png,sentence_count,2.0
Lenny,228,https://static.simpsonswiki.com/images/6/6f/Tapped_Out_Lenny_Icon.png,sentence_count,4.0
Lenny,229,https://static.simpsonswiki.com/images/6/6f/Tapped_Out_Lenny_Icon.png,sentence_count,3.0
Lenny,230,https://static.simpsonswiki.com/images/6/6f/Tapped_Out_Lenny_Icon.png,sentence_count,1.0
Lenny,231,https://static.simpsonswiki.com/images/6/6f/Tapped_Out_Lenny_Icon.png,sentence_count,3.0
Lenny,232,https://static.simpsonswiki.com/images/6/6f/Tapped_Out_Lenny_Icon.png,sentence_count,13.0
Lenny,233,https://static.simpsonswiki.com/images/6/6f/Tapped_Out_Lenny_Icon.png,sentence_count,1.0
Lenny,234,https://static.simpsonswiki.com/images/6/6f/Tapped_Out_Lenny_Icon.png,sentence_count,6.0
Lenny,235,https://static.simpsonswiki.com/images/6/6f/Tapped_Out_Lenny_Icon.png,sentence_count,1.0
Lenny,237,https://static.simpsonswiki.com/images/6/6f/Tapped_Out_Lenny_Icon.png,sentence_count,1.0
Lenny,238,https://static.simpsonswiki.com/images/6/6f/Tapped_Out_Lenny_Icon.png,sentence_count,8.0
Lenny,239,https://static.simpsonswiki.com/images/6/6f/Tapped_Out_Lenny_Icon.png,sentence_count,3.0
Lenny,240,https://static.simpsonswiki.com/images/6/6f/Tapped_Out_Lenny_Icon.png,sentence_count,4.0
Lenny,241,https://static.simpsonswiki.com/images/6/6f/Tapped_Out_Lenny_Icon.png,sentence_count,2.0
Lenny,242,https://static.simpsonswiki.com/images/6/6f/Tapped_Out_Lenny_Icon.png,sentence_count,7.0
Lenny,243,https://static.simpsonswiki.com/images/6/6f/Tapped_Out_Lenny_Icon.png,sentence_count,2.0
Lenny,244,https://static.simpsonswiki.com/images/6/6f/Tapped_Out_Lenny_Icon.png,sentence_count,4.0
Lenny,245,https://static.simpsonswiki.com/images/6/6f/Tapped_Out_Lenny_Icon.png,sentence_count,2.0
Lenny,248,https://static.simpsonswiki.com/images/6/6f/Tapped_Out_Lenny_Icon.png,sentence_count,1.0
Lenny,249,https://static.simpsonswiki.com/images/6/6f/Tapped_Out_Lenny_Icon.png,sentence_count,6.0
Lenny,250,https://static.simpsonswiki.com/images/6/6f/Tapped_Out_Lenny_Icon.png,sentence_count,3.0
Lenny,251,https://static.simpsonswiki.com/images/6/6f/Tapped_Out_Lenny_Icon.png,sentence_count,3.0
Lenny,253,https://static.simpsonswiki.com/images/6/6f/Tapped_Out_Lenny_Icon.png,sentence_count,5.0
Lenny,254,https://static.simpsonswiki.com/images/6/6f/Tapped_Out_Lenny_Icon.png,sentence_count,6.0
Lenny,256,https://static.simpsonswiki.com/images/6/6f/Tapped_Out_Lenny_Icon.png,sentence_count,1.0
Lenny,257,https://static.simpsonswiki.com/images/6/6f/Tapped_Out_Lenny_Icon.png,sentence_count,8.0
Lenny,258,https://static.simpsonswiki.com/images/6/6f/Tapped_Out_Lenny_Icon.png,sentence_count,3.0
Lenny,259,https://static.simpsonswiki.com/images/6/6f/Tapped_Out_Lenny_Icon.png,sentence_count,3.0
Lenny,260,https://static.simpsonswiki.com/images/6/6f/Tapped_Out_Lenny_Icon.png,sentence_count,3.0
Lenny,262,https://static.simpsonswiki.com/images/6/6f/Tapped_Out_Lenny_Icon.png,sentence_count,1.0
Lenny,263,https://static.simpsonswiki.com/images/6/6f/Tapped_Out_Lenny_Icon.png,sentence_count,5.0
Lenny,265,https://static.simpsonswiki.com/images/6/6f/Tapped_Out_Lenny_Icon.png,sentence_count,3.0
Lenny,267,https://static.simpsonswiki.com/images/6/6f/Tapped_Out_Lenny_Icon.png,sentence_count,2.0
Lenny,268,https://static.simpsonswiki.com/images/6/6f/Tapped_Out_Lenny_Icon.png,sentence_count,4.0
Lenny,269,https://static.simpsonswiki.com/images/6/6f/Tapped_Out_Lenny_Icon.png,sentence_count,3.0
Lenny,270,https://static.simpsonswiki.com/images/6/6f/Tapped_Out_Lenny_Icon.png,sentence_count,1.0
Lenny,272,https://static.simpsonswiki.com/images/6/6f/Tapped_Out_Lenny_Icon.png,sentence_count,15.0
Lenny,273,https://static.simpsonswiki.com/images/6/6f/Tapped_Out_Lenny_Icon.png,sentence_count,2.0
Lenny,274,https://static.simpsonswiki.com/images/6/6f/Tapped_Out_Lenny_Icon.png,sentence_count,12.0
Lenny,275,https://static.simpsonswiki.com/images/6/6f/Tapped_Out_Lenny_Icon.png,sentence_count,6.0
Lenny,276,https://static.simpsonswiki.com/images/6/6f/Tapped_Out_Lenny_Icon.png,sentence_count,2.0
Lenny,277,https://static.simpsonswiki.com/images/6/6f/Tapped_Out_Lenny_Icon.png,sentence_count,4.0
Lenny,278,https://static.simpsonswiki.com/images/6/6f/Tapped_Out_Lenny_Icon.png,sentence_count,5.0
Lenny,279,https://static.simpsonswiki.com/images/6/6f/Tapped_Out_Lenny_Icon.png,sentence_count,13.0
Lenny,280,https://static.simpsonswiki.com/images/6/6f/Tapped_Out_Lenny_Icon.png,sentence_count,3.0
Lenny,283,https://static.simpsonswiki.com/images/6/6f/Tapped_Out_Lenny_Icon.png,sentence_count,8.0
Lenny,284,https://static.simpsonswiki.com/images/6/6f/Tapped_Out_Lenny_Icon.png,sentence_count,2.0
Lenny,285,https://static.simpsonswiki.com/images/6/6f/Tapped_Out_Lenny_Icon.png,sentence_count,3.0
Lenny,287,https://static.simpsonswiki.com/images/6/6f/Tapped_Out_Lenny_Icon.png,sentence_count,3.0
Lenny,288,https://static.simpsonswiki.com/images/6/6f/Tapped_Out_Lenny_Icon.png,sentence_count,3.0
Lenny,289,https://static.simpsonswiki.com/images/6/6f/Tapped_Out_Lenny_Icon.png,sentence_count,1.0
Lenny,290,https://static.simpsonswiki.com/images/6/6f/Tapped_Out_Lenny_Icon.png,sentence_count,5.0
Lenny,291,https://static.simpsonswiki.com/images/6/6f/Tapped_Out_Lenny_Icon.png,sentence_count,8.0
Lenny,292,https://static.simpsonswiki.com/images/6/6f/Tapped_Out_Lenny_Icon.png,sentence_count,2.0
Lenny,293,https://static.simpsonswiki.com/images/6/6f/Tapped_Out_Lenny_Icon.png,sentence_count,8.0
Lenny,295,https://static.simpsonswiki.com/images/6/6f/Tapped_Out_Lenny_Icon.png,sentence_count,2.0
Lenny,296,https://static.simpsonswiki.com/images/6/6f/Tapped_Out_Lenny_Icon.png,sentence_count,5.0
Lenny,297,https://static.simpsonswiki.com/images/6/6f/Tapped_Out_Lenny_Icon.png,sentence_count,2.0
Lenny,299,https://static.simpsonswiki.com/images/6/6f/Tapped_Out_Lenny_Icon.png,sentence_count,1.0
Lenny,300,https://static.simpsonswiki.com/images/6/6f/Tapped_Out_Lenny_Icon.png,sentence_count,3.0
Lenny,301,https://static.simpsonswiki.com/images/6/6f/Tapped_Out_Lenny_Icon.png,sentence_count,7.0
Lenny,304,https://static.simpsonswiki.com/images/6/6f/Tapped_Out_Lenny_Icon.png,sentence_count,3.0
Lenny,306,https://static.simpsonswiki.com/images/6/6f/Tapped_Out_Lenny_Icon.png,sentence_count,4.0
Lenny,307,https://static.simpsonswiki.com/images/6/6f/Tapped_Out_Lenny_Icon.png,sentence_count,4.0
Lenny,308,https://static.simpsonswiki.com/images/6/6f/Tapped_Out_Lenny_Icon.png,sentence_count,5.0
Lenny,309,https://static.simpsonswiki.com/images/6/6f/Tapped_Out_Lenny_Icon.png,sentence_count,1.0
Lenny,311,https://static.simpsonswiki.com/images/6/6f/Tapped_Out_Lenny_Icon.png,sentence_count,4.0
Lenny,312,https://static.simpsonswiki.com/images/6/6f/Tapped_Out_Lenny_Icon.png,sentence_count,4.0
Lenny,313,https://static.simpsonswiki.com/images/6/6f/Tapped_Out_Lenny_Icon.png,sentence_count,2.0
Lenny,316,https://static.simpsonswiki.com/images/6/6f/Tapped_Out_Lenny_Icon.png,sentence_count,2.0
Lenny,318,https://static.simpsonswiki.com/images/6/6f/Tapped_Out_Lenny_Icon.png,sentence_count,2.0
Lenny,319,https://static.simpsonswiki.com/images/6/6f/Tapped_Out_Lenny_Icon.png,sentence_count,2.0
Lenny,320,https://static.simpsonswiki.com/images/6/6f/Tapped_Out_Lenny_Icon.png,sentence_count,5.0
Lenny,321,https://static.simpsonswiki.com/images/6/6f/Tapped_Out_Lenny_Icon.png,sentence_count,1.0
Lenny,324,https://static.simpsonswiki.com/images/6/6f/Tapped_Out_Lenny_Icon.png,sentence_count,11.0
Lenny,325,https://static.simpsonswiki.com/images/6/6f/Tapped_Out_Lenny_Icon.png,sentence_count,1.0
Lenny,327,https://static.simpsonswiki.com/images/6/6f/Tapped_Out_Lenny_Icon.png,sentence_count,8.0
Lenny,330,https://static.simpsonswiki.com/images/6/6f/Tapped_Out_Lenny_Icon.png,sentence_count,3.0
Lenny,331,https://static.simpsonswiki.com/images/6/6f/Tapped_Out_Lenny_Icon.png,sentence_count,1.0
Lenny,332,https://static.simpsonswiki.com/images/6/6f/Tapped_Out_Lenny_Icon.png,sentence_count,4.0
Lenny,333,https://static.simpsonswiki.com/images/6/6f/Tapped_Out_Lenny_Icon.png,sentence_count,4.0
Lenny,334,https://static.simpsonswiki.com/images/6/6f/Tapped_Out_Lenny_Icon.png,sentence_count,2.0
Lenny,335,https://static.simpsonswiki.com/images/6/6f/Tapped_Out_Lenny_Icon.png,sentence_count,5.0
Lenny,337,https://static.simpsonswiki.com/images/6/6f/Tapped_Out_Lenny_Icon.png,sentence_count,1.0
Lenny,340,https://static.simpsonswiki.com/images/6/6f/Tapped_Out_Lenny_Icon.png,sentence_count,3.0
Lenny,341,https://static.simpsonswiki.com/images/6/6f/Tapped_Out_Lenny_Icon.png,sentence_count,3.0
Lenny,342,https://static.simpsonswiki.com/images/6/6f/Tapped_Out_Lenny_Icon.png,sentence_count,5.0
Lenny,343,https://static.simpsonswiki.com/images/6/6f/Tapped_Out_Lenny_Icon.png,sentence_count,3.0
Lenny,347,https://static.simpsonswiki.com/images/6/6f/Tapped_Out_Lenny_Icon.png,sentence_count,1.0
Lenny,349,https://static.simpsonswiki.com/images/6/6f/Tapped_Out_Lenny_Icon.png,sentence_count,5.0
Lenny,350,https://static.simpsonswiki.com/images/6/6f/Tapped_Out_Lenny_Icon.png,sentence_count,2.0
Lenny,351,https://static.simpsonswiki.com/images/6/6f/Tapped_Out_Lenny_Icon.png,sentence_count,1.0
Lenny,353,https://static.simpsonswiki.com/images/6/6f/Tapped_Out_Lenny_Icon.png,sentence_count,4.0
Lenny,354,https://static.simpsonswiki.com/images/6/6f/Tapped_Out_Lenny_Icon.png,sentence_count,3.0
Lenny,357,https://static.simpsonswiki.com/images/6/6f/Tapped_Out_Lenny_Icon.png,sentence_count,3.0
Lenny,358,https://static.simpsonswiki.com/images/6/6f/Tapped_Out_Lenny_Icon.png,sentence_count,6.0
Lenny,360,https://static.simpsonswiki.com/images/6/6f/Tapped_Out_Lenny_Icon.png,sentence_count,5.0
Lenny,361,https://static.simpsonswiki.com/images/6/6f/Tapped_Out_Lenny_Icon.png,sentence_count,2.0
Lenny,362,https://static.simpsonswiki.com/images/6/6f/Tapped_Out_Lenny_Icon.png,sentence_count,7.0
Lenny,365,https://static.simpsonswiki.com/images/6/6f/Tapped_Out_Lenny_Icon.png,sentence_count,2.0
Lenny,366,https://static.simpsonswiki.com/images/6/6f/Tapped_Out_Lenny_Icon.png,sentence_count,2.0
Lenny,367,https://static.simpsonswiki.com/images/6/6f/Tapped_Out_Lenny_Icon.png,sentence_count,5.0
Lenny,368,https://static.simpsonswiki.com/images/6/6f/Tapped_Out_Lenny_Icon.png,sentence_count,1.0
Lenny,369,https://static.simpsonswiki.com/images/6/6f/Tapped_Out_Lenny_Icon.png,sentence_count,4.0
Lenny,370,https://static.simpsonswiki.com/images/6/6f/Tapped_Out_Lenny_Icon.png,sentence_count,2.0
Lenny,371,https://static.simpsonswiki.com/images/6/6f/Tapped_Out_Lenny_Icon.png,sentence_count,9.0
Lenny,372,https://static.simpsonswiki.com/images/6/6f/Tapped_Out_Lenny_Icon.png,sentence_count,6.0
Lenny,373,https://static.simpsonswiki.com/images/6/6f/Tapped_Out_Lenny_Icon.png,sentence_count,7.0
Lenny,374,https://static.simpsonswiki.com/images/6/6f/Tapped_Out_Lenny_Icon.png,sentence_count,5.0
Lenny,375,https://static.simpsonswiki.com/images/6/6f/Tapped_Out_Lenny_Icon.png,sentence_count,1.0
Lenny,376,https://static.simpsonswiki.com/images/6/6f/Tapped_Out_Lenny_Icon.png,sentence_count,2.0
Lenny,377,https://static.simpsonswiki.com/images/6/6f/Tapped_Out_Lenny_Icon.png,sentence_count,2.0
Lenny,378,https://static.simpsonswiki.com/images/6/6f/Tapped_Out_Lenny_Icon.png,sentence_count,3.0
Lenny,380,https://static.simpsonswiki.com/images/6/6f/Tapped_Out_Lenny_Icon.png,sentence_count,2.0
Lenny,381,https://static.simpsonswiki.com/images/6/6f/Tapped_Out_Lenny_Icon.png,sentence_count,2.0
Lenny,382,https://static.simpsonswiki.com/images/6/6f/Tapped_Out_Lenny_Icon.png,sentence_count,5.0
Lenny,383,https://static.simpsonswiki.com/images/6/6f/Tapped_Out_Lenny_Icon.png,sentence_count,5.0
Lenny,384,https://static.simpsonswiki.com/images/6/6f/Tapped_Out_Lenny_Icon.png,sentence_count,2.0
Lenny,385,https://static.simpsonswiki.com/images/6/6f/Tapped_Out_Lenny_Icon.png,sentence_count,4.0
Lenny,386,https://static.simpsonswiki.com/images/6/6f/Tapped_Out_Lenny_Icon.png,sentence_count,1.0
Lenny,387,https://static.simpsonswiki.com/images/6/6f/Tapped_Out_Lenny_Icon.png,sentence_count,1.0
Lenny,388,https://static.simpsonswiki.com/images/6/6f/Tapped_Out_Lenny_Icon.png,sentence_count,5.0
Lenny,389,https://static.simpsonswiki.com/images/6/6f/Tapped_Out_Lenny_Icon.png,sentence_count,5.0
Lenny,390,https://static.simpsonswiki.com/images/6/6f/Tapped_Out_Lenny_Icon.png,sentence_count,1.0
Lenny,391,https://static.simpsonswiki.com/images/6/6f/Tapped_Out_Lenny_Icon.png,sentence_count,6.0
Lenny,394,https://static.simpsonswiki.com/images/6/6f/Tapped_Out_Lenny_Icon.png,sentence_count,2.0
Lenny,396,https://static.simpsonswiki.com/images/6/6f/Tapped_Out_Lenny_Icon.png,sentence_count,2.0
Lenny,401,https://static.simpsonswiki.com/images/6/6f/Tapped_Out_Lenny_Icon.png,sentence_count,1.0
Lenny,402,https://static.simpsonswiki.com/images/6/6f/Tapped_Out_Lenny_Icon.png,sentence_count,2.0
Lenny,403,https://static.simpsonswiki.com/images/6/6f/Tapped_Out_Lenny_Icon.png,sentence_count,6.0
Lenny,405,https://static.simpsonswiki.com/images/6/6f/Tapped_Out_Lenny_Icon.png,sentence_count,2.0
Lenny,408,https://static.simpsonswiki.com/images/6/6f/Tapped_Out_Lenny_Icon.png,sentence_count,3.0
Lenny,409,https://static.simpsonswiki.com/images/6/6f/Tapped_Out_Lenny_Icon.png,sentence_count,6.0
Lenny,410,https://static.simpsonswiki.com/images/6/6f/Tapped_Out_Lenny_Icon.png,sentence_count,6.0
Lenny,411,https://static.simpsonswiki.com/images/6/6f/Tapped_Out_Lenny_Icon.png,sentence_count,1.0
Lenny,415,https://static.simpsonswiki.com/images/6/6f/Tapped_Out_Lenny_Icon.png,sentence_count,1.0
Lenny,416,https://static.simpsonswiki.com/images/6/6f/Tapped_Out_Lenny_Icon.png,sentence_count,3.0
Lenny,419,https://static.simpsonswiki.com/images/6/6f/Tapped_Out_Lenny_Icon.png,sentence_count,1.0
Lenny,420,https://static.simpsonswiki.com/images/6/6f/Tapped_Out_Lenny_Icon.png,sentence_count,1.0
Lenny,423,https://static.simpsonswiki.com/images/6/6f/Tapped_Out_Lenny_Icon.png,sentence_count,12.0
Lenny,426,https://static.simpsonswiki.com/images/6/6f/Tapped_Out_Lenny_Icon.png,sentence_count,2.0
Lenny,427,https://static.simpsonswiki.com/images/6/6f/Tapped_Out_Lenny_Icon.png,sentence_count,5.0
Lenny,428,https://static.simpsonswiki.com/images/6/6f/Tapped_Out_Lenny_Icon.png,sentence_count,1.0
Lenny,429,https://static.simpsonswiki.com/images/6/6f/Tapped_Out_Lenny_Icon.png,sentence_count,1.0
Lenny,430,https://static.simpsonswiki.com/images/6/6f/Tapped_Out_Lenny_Icon.png,sentence_count,10.0
Lenny,432,https://static.simpsonswiki.com/images/6/6f/Tapped_Out_Lenny_Icon.png,sentence_count,3.0
Lenny,435,https://static.simpsonswiki.com/images/6/6f/Tapped_Out_Lenny_Icon.png,sentence_count,1.0
Lenny,436,https://static.simpsonswiki.com/images/6/6f/Tapped_Out_Lenny_Icon.png,sentence_count,10.0
Lenny,437,https://static.simpsonswiki.com/images/6/6f/Tapped_Out_Lenny_Icon.png,sentence_count,4.0
Lenny,438,https://static.simpsonswiki.com/images/6/6f/Tapped_Out_Lenny_Icon.png,sentence_count,2.0
Lenny,440,https://static.simpsonswiki.com/images/6/6f/Tapped_Out_Lenny_Icon.png,sentence_count,3.0
Lenny,442,https://static.simpsonswiki.com/images/6/6f/Tapped_Out_Lenny_Icon.png,sentence_count,2.0
Lenny,444,https://static.simpsonswiki.com/images/6/6f/Tapped_Out_Lenny_Icon.png,sentence_count,5.0
Lenny,445,https://static.simpsonswiki.com/images/6/6f/Tapped_Out_Lenny_Icon.png,sentence_count,1.0
Lenny,446,https://static.simpsonswiki.com/images/6/6f/Tapped_Out_Lenny_Icon.png,sentence_count,5.0
Lenny,448,https://static.simpsonswiki.com/images/6/6f/Tapped_Out_Lenny_Icon.png,sentence_count,1.0
Lenny,450,https://static.simpsonswiki.com/images/6/6f/Tapped_Out_Lenny_Icon.png,sentence_count,3.0
Lenny,451,https://static.simpsonswiki.com/images/6/6f/Tapped_Out_Lenny_Icon.png,sentence_count,12.0
Lenny,452,https://static.simpsonswiki.com/images/6/6f/Tapped_Out_Lenny_Icon.png,sentence_count,7.0
Lenny,453,https://static.simpsonswiki.com/images/6/6f/Tapped_Out_Lenny_Icon.png,sentence_count,2.0
Lenny,458,https://static.simpsonswiki.com/images/6/6f/Tapped_Out_Lenny_Icon.png,sentence_count,15.0
Lenny,459,https://static.simpsonswiki.com/images/6/6f/Tapped_Out_Lenny_Icon.png,sentence_count,1.0
Lenny,460,https://static.simpsonswiki.com/images/6/6f/Tapped_Out_Lenny_Icon.png,sentence_count,2.0
Lenny,461,https://static.simpsonswiki.com/images/6/6f/Tapped_Out_Lenny_Icon.png,sentence_count,2.0
Lenny,463,https://static.simpsonswiki.com/images/6/6f/Tapped_Out_Lenny_Icon.png,sentence_count,1.0
Lenny,464,https://static.simpsonswiki.com/images/6/6f/Tapped_Out_Lenny_Icon.png,sentence_count,1.0
Lenny,466,https://static.simpsonswiki.com/images/6/6f/Tapped_Out_Lenny_Icon.png,sentence_count,2.0
Lenny,467,https://static.simpsonswiki.com/images/6/6f/Tapped_Out_Lenny_Icon.png,sentence_count,2.0
Lenny,470,https://static.simpsonswiki.com/images/6/6f/Tapped_Out_Lenny_Icon.png,sentence_count,4.0
Lenny,471,https://static.simpsonswiki.com/images/6/6f/Tapped_Out_Lenny_Icon.png,sentence_count,1.0
Lenny,473,https://static.simpsonswiki.com/images/6/6f/Tapped_Out_Lenny_Icon.png,sentence_count,1.0
Lenny,475,https://static.simpsonswiki.com/images/6/6f/Tapped_Out_Lenny_Icon.png,sentence_count,5.0
Lenny,477,https://static.simpsonswiki.com/images/6/6f/Tapped_Out_Lenny_Icon.png,sentence_count,5.0
Lenny,478,https://static.simpsonswiki.com/images/6/6f/Tapped_Out_Lenny_Icon.png,sentence_count,1.0
Lenny,479,https://static.simpsonswiki.com/images/6/6f/Tapped_Out_Lenny_Icon.png,sentence_count,4.0
Lenny,480,https://static.simpsonswiki.com/images/6/6f/Tapped_Out_Lenny_Icon.png,sentence_count,2.0
Lenny,481,https://static.simpsonswiki.com/images/6/6f/Tapped_Out_Lenny_Icon.png,sentence_count,4.0
Lenny,484,https://static.simpsonswiki.com/images/6/6f/Tapped_Out_Lenny_Icon.png,sentence_count,2.0
Lenny,486,https://static.simpsonswiki.com/images/6/6f/Tapped_Out_Lenny_Icon.png,sentence_count,1.0
Lenny,487,https://static.simpsonswiki.com/images/6/6f/Tapped_Out_Lenny_Icon.png,sentence_count,3.0
Lenny,490,https://static.simpsonswiki.com/images/6/6f/Tapped_Out_Lenny_Icon.png,sentence_count,2.0
Lenny,492,https://static.simpsonswiki.com/images/6/6f/Tapped_Out_Lenny_Icon.png,sentence_count,1.0
Lenny,493,https://static.simpsonswiki.com/images/6/6f/Tapped_Out_Lenny_Icon.png,sentence_count,1.0
Lenny,495,https://static.simpsonswiki.com/images/6/6f/Tapped_Out_Lenny_Icon.png,sentence_count,3.0
Lenny,496,https://static.simpsonswiki.com/images/6/6f/Tapped_Out_Lenny_Icon.png,sentence_count,1.0
Lenny,497,https://static.simpsonswiki.com/images/6/6f/Tapped_Out_Lenny_Icon.png,sentence_count,8.0
Lenny,498,https://static.simpsonswiki.com/images/6/6f/Tapped_Out_Lenny_Icon.png,sentence_count,5.0
Lenny,500,https://static.simpsonswiki.com/images/6/6f/Tapped_Out_Lenny_Icon.png,sentence_count,4.0
Lenny,501,https://static.simpsonswiki.com/images/6/6f/Tapped_Out_Lenny_Icon.png,sentence_count,1.0
Lenny,502,https://static.simpsonswiki.com/images/6/6f/Tapped_Out_Lenny_Icon.png,sentence_count,5.0
Lenny,503,https://static.simpsonswiki.com/images/6/6f/Tapped_Out_Lenny_Icon.png,sentence_count,14.0
Lenny,504,https://static.simpsonswiki.com/images/6/6f/Tapped_Out_Lenny_Icon.png,sentence_count,3.0
Lenny,506,https://static.simpsonswiki.com/images/6/6f/Tapped_Out_Lenny_Icon.png,sentence_count,8.0
Lenny,507,https://static.simpsonswiki.com/images/6/6f/Tapped_Out_Lenny_Icon.png,sentence_count,3.0
Lenny,508,https://static.simpsonswiki.com/images/6/6f/Tapped_Out_Lenny_Icon.png,sentence_count,1.0
Lenny,510,https://static.simpsonswiki.com/images/6/6f/Tapped_Out_Lenny_Icon.png,sentence_count,1.0
Lenny,511,https://static.simpsonswiki.com/images/6/6f/Tapped_Out_Lenny_Icon.png,sentence_count,2.0
Lenny,512,https://static.simpsonswiki.com/images/6/6f/Tapped_Out_Lenny_Icon.png,sentence_count,3.0
Lenny,513,https://static.simpsonswiki.com/images/6/6f/Tapped_Out_Lenny_Icon.png,sentence_count,1.0
Lenny,514,https://static.simpsonswiki.com/images/6/6f/Tapped_Out_Lenny_Icon.png,sentence_count,2.0
Lenny,515,https://static.simpsonswiki.com/images/6/6f/Tapped_Out_Lenny_Icon.png,sentence_count,2.0
Lenny,517,https://static.simpsonswiki.com/images/6/6f/Tapped_Out_Lenny_Icon.png,sentence_count,3.0
Lenny,519,https://static.simpsonswiki.com/images/6/6f/Tapped_Out_Lenny_Icon.png,sentence_count,13.0
Lenny,523,https://static.simpsonswiki.com/images/6/6f/Tapped_Out_Lenny_Icon.png,sentence_count,1.0
Lenny,524,https://static.simpsonswiki.com/images/6/6f/Tapped_Out_Lenny_Icon.png,sentence_count,1.0
Lenny,525,https://static.simpsonswiki.com/images/6/6f/Tapped_Out_Lenny_Icon.png,sentence_count,2.0
Lenny,526,https://static.simpsonswiki.com/images/6/6f/Tapped_Out_Lenny_Icon.png,sentence_count,9.0
Lenny,527,https://static.simpsonswiki.com/images/6/6f/Tapped_Out_Lenny_Icon.png,sentence_count,11.0
Lenny,528,https://static.simpsonswiki.com/images/6/6f/Tapped_Out_Lenny_Icon.png,sentence_count,2.0
Lenny,529,https://static.simpsonswiki.com/images/6/6f/Tapped_Out_Lenny_Icon.png,sentence_count,37.0
Lenny,530,https://static.simpsonswiki.com/images/6/6f/Tapped_Out_Lenny_Icon.png,sentence_count,1.0
Lenny,531,https://static.simpsonswiki.com/images/6/6f/Tapped_Out_Lenny_Icon.png,sentence_count,8.0
Lenny,532,https://static.simpsonswiki.com/images/6/6f/Tapped_Out_Lenny_Icon.png,sentence_count,2.0
Lenny,533,https://static.simpsonswiki.com/images/6/6f/Tapped_Out_Lenny_Icon.png,sentence_count,1.0
Lenny,535,https://static.simpsonswiki.com/images/6/6f/Tapped_Out_Lenny_Icon.png,sentence_count,4.0
Lenny,538,https://static.simpsonswiki.com/images/6/6f/Tapped_Out_Lenny_Icon.png,sentence_count,3.0
Lenny,539,https://static.simpsonswiki.com/images/6/6f/Tapped_Out_Lenny_Icon.png,sentence_count,10.0
Lenny,541,https://static.simpsonswiki.com/images/6/6f/Tapped_Out_Lenny_Icon.png,sentence_count,9.0
Lenny,542,https://static.simpsonswiki.com/images/6/6f/Tapped_Out_Lenny_Icon.png,sentence_count,1.0
Lenny,543,https://static.simpsonswiki.com/images/6/6f/Tapped_Out_Lenny_Icon.png,sentence_count,1.0
Lenny,545,https://static.simpsonswiki.com/images/6/6f/Tapped_Out_Lenny_Icon.png,sentence_count,1.0
Lenny,547,https://static.simpsonswiki.com/images/6/6f/Tapped_Out_Lenny_Icon.png,sentence_count,7.0
Lenny,548,https://static.simpsonswiki.com/images/6/6f/Tapped_Out_Lenny_Icon.png,sentence_count,2.0
Lenny,549,https://static.simpsonswiki.com/images/6/6f/Tapped_Out_Lenny_Icon.png,sentence_count,3.0
Lenny,552,https://static.simpsonswiki.com/images/6/6f/Tapped_Out_Lenny_Icon.png,sentence_count,1.0
Lenny,555,https://static.simpsonswiki.com/images/6/6f/Tapped_Out_Lenny_Icon.png,sentence_count,1.0
Lenny,557,https://static.simpsonswiki.com/images/6/6f/Tapped_Out_Lenny_Icon.png,sentence_count,1.0
Lenny,563,https://static.simpsonswiki.com/images/6/6f/Tapped_Out_Lenny_Icon.png,sentence_count,4.0
Lenny,564,https://static.simpsonswiki.com/images/6/6f/Tapped_Out_Lenny_Icon.png,sentence_count,2.0
Lenny,565,https://static.simpsonswiki.com/images/6/6f/Tapped_Out_Lenny_Icon.png,sentence_count,3.0
Lenny,566,https://static.simpsonswiki.com/images/6/6f/Tapped_Out_Lenny_Icon.png,sentence_count,15.0
Lenny,567,https://static.simpsonswiki.com/images/6/6f/Tapped_Out_Lenny_Icon.png,sentence_count,4.0
Lisa,1,https://img.icons8.com/doodle/48/lisa-simpson.png,sentence_count,21.0
Lisa,2,https://img.icons8.com/doodle/48/lisa-simpson.png,sentence_count,10.0
Lisa,3,https://img.icons8.com/doodle/48/lisa-simpson.png,sentence_count,11.0
Lisa,4,https://img.icons8.com/doodle/48/lisa-simpson.png,sentence_count,35.0
Lisa,5,https://img.icons8.com/doodle/48/lisa-simpson.png,sentence_count,28.0
Lisa,6,https://img.icons8.com/doodle/48/lisa-simpson.png,sentence_count,44.0
Lisa,7,https://img.icons8.com/doodle/48/lisa-simpson.png,sentence_count,16.0
Lisa,8,https://img.icons8.com/doodle/48/lisa-simpson.png,sentence_count,8.0
Lisa,9,https://img.icons8.com/doodle/48/lisa-simpson.png,sentence_count,25.0
Lisa,10,https://img.icons8.com/doodle/48/lisa-simpson.png,sentence_count,9.0
Lisa,11,https://img.icons8.com/doodle/48/lisa-simpson.png,sentence_count,15.0
Lisa,12,https://img.icons8.com/doodle/48/lisa-simpson.png,sentence_count,23.0
Lisa,13,https://img.icons8.com/doodle/48/lisa-simpson.png,sentence_count,26.0
Lisa,14,https://img.icons8.com/doodle/48/lisa-simpson.png,sentence_count,6.0
Lisa,15,https://img.icons8.com/doodle/48/lisa-simpson.png,sentence_count,3.0
Lisa,16,https://img.icons8.com/doodle/48/lisa-simpson.png,sentence_count,40.0
Lisa,17,https://img.icons8.com/doodle/48/lisa-simpson.png,sentence_count,10.0
Lisa,18,https://img.icons8.com/doodle/48/lisa-simpson.png,sentence_count,13.0
Lisa,19,https://img.icons8.com/doodle/48/lisa-simpson.png,sentence_count,33.0
Lisa,20,https://img.icons8.com/doodle/48/lisa-simpson.png,sentence_count,31.0
Lisa,21,https://img.icons8.com/doodle/48/lisa-simpson.png,sentence_count,13.0
Lisa,22,https://img.icons8.com/doodle/48/lisa-simpson.png,sentence_count,11.0
Lisa,23,https://img.icons8.com/doodle/48/lisa-simpson.png,sentence_count,4.0
Lisa,24,https://img.icons8.com/doodle/48/lisa-simpson.png,sentence_count,23.0
Lisa,25,https://img.icons8.com/doodle/48/lisa-simpson.png,sentence_count,8.0
Lisa,26,https://img.icons8.com/doodle/48/lisa-simpson.png,sentence_count,23.0
Lisa,27,https://img.icons8.com/doodle/48/lisa-simpson.png,sentence_count,2.0
Lisa,28,https://img.icons8.com/doodle/48/lisa-simpson.png,sentence_count,27.0
Lisa,29,https://img.icons8.com/doodle/48/lisa-simpson.png,sentence_count,26.0
Lisa,30,https://img.icons8.com/doodle/48/lisa-simpson.png,sentence_count,14.0
Lisa,31,https://img.icons8.com/doodle/48/lisa-simpson.png,sentence_count,19.0
Lisa,32,https://img.icons8.com/doodle/48/lisa-simpson.png,sentence_count,73.0
Lisa,33,https://img.icons8.com/doodle/48/lisa-simpson.png,sentence_count,16.0
Lisa,34,https://img.icons8.com/doodle/48/lisa-simpson.png,sentence_count,12.0
Lisa,35,https://img.icons8.com/doodle/48/lisa-simpson.png,sentence_count,15.0
Lisa,36,https://img.icons8.com/doodle/48/lisa-simpson.png,sentence_count,17.0
Lisa,37,https://img.icons8.com/doodle/48/lisa-simpson.png,sentence_count,45.0
Lisa,38,https://img.icons8.com/doodle/48/lisa-simpson.png,sentence_count,15.0
Lisa,39,https://img.icons8.com/doodle/48/lisa-simpson.png,sentence_count,5.0
Lisa,40,https://img.icons8.com/doodle/48/lisa-simpson.png,sentence_count,13.0
Lisa,41,https://img.icons8.com/doodle/48/lisa-simpson.png,sentence_count,24.0
Lisa,42,https://img.icons8.com/doodle/48/lisa-simpson.png,sentence_count,23.0
Lisa,43,https://img.icons8.com/doodle/48/lisa-simpson.png,sentence_count,31.0
Lisa,44,https://img.icons8.com/doodle/48/lisa-simpson.png,sentence_count,6.0
Lisa,45,https://img.icons8.com/doodle/48/lisa-simpson.png,sentence_count,7.0
Lisa,46,https://img.icons8.com/doodle/48/lisa-simpson.png,sentence_count,5.0
Lisa,47,https://img.icons8.com/doodle/48/lisa-simpson.png,sentence_count,11.0
Lisa,48,https://img.icons8.com/doodle/48/lisa-simpson.png,sentence_count,13.0
Lisa,49,https://img.icons8.com/doodle/48/lisa-simpson.png,sentence_count,61.0
Lisa,50,https://img.icons8.com/doodle/48/lisa-simpson.png,sentence_count,14.0
Lisa,51,https://img.icons8.com/doodle/48/lisa-simpson.png,sentence_count,16.0
Lisa,52,https://img.icons8.com/doodle/48/lisa-simpson.png,sentence_count,7.0
Lisa,53,https://img.icons8.com/doodle/48/lisa-simpson.png,sentence_count,30.0
Lisa,54,https://img.icons8.com/doodle/48/lisa-simpson.png,sentence_count,11.0
Lisa,55,https://img.icons8.com/doodle/48/lisa-simpson.png,sentence_count,7.0
Lisa,56,https://img.icons8.com/doodle/48/lisa-simpson.png,sentence_count,7.0
Lisa,57,https://img.icons8.com/doodle/48/lisa-simpson.png,sentence_count,7.0
Lisa,58,https://img.icons8.com/doodle/48/lisa-simpson.png,sentence_count,10.0
Lisa,59,https://img.icons8.com/doodle/48/lisa-simpson.png,sentence_count,15.0
Lisa,60,https://img.icons8.com/doodle/48/lisa-simpson.png,sentence_count,30.0
Lisa,61,https://img.icons8.com/doodle/48/lisa-simpson.png,sentence_count,10.0
Lisa,62,https://img.icons8.com/doodle/48/lisa-simpson.png,sentence_count,8.0
Lisa,63,https://img.icons8.com/doodle/48/lisa-simpson.png,sentence_count,42.0
Lisa,64,https://img.icons8.com/doodle/48/lisa-simpson.png,sentence_count,12.0
Lisa,65,https://img.icons8.com/doodle/48/lisa-simpson.png,sentence_count,11.0
Lisa,66,https://img.icons8.com/doodle/48/lisa-simpson.png,sentence_count,6.0
Lisa,67,https://img.icons8.com/doodle/48/lisa-simpson.png,sentence_count,11.0
Lisa,68,https://img.icons8.com/doodle/48/lisa-simpson.png,sentence_count,11.0
Lisa,69,https://img.icons8.com/doodle/48/lisa-simpson.png,sentence_count,18.0
Lisa,70,https://img.icons8.com/doodle/48/lisa-simpson.png,sentence_count,13.0
Lisa,71,https://img.icons8.com/doodle/48/lisa-simpson.png,sentence_count,6.0
Lisa,72,https://img.icons8.com/doodle/48/lisa-simpson.png,sentence_count,21.0
Lisa,73,https://img.icons8.com/doodle/48/lisa-simpson.png,sentence_count,12.0
Lisa,74,https://img.icons8.com/doodle/48/lisa-simpson.png,sentence_count,44.0
Lisa,75,https://img.icons8.com/doodle/48/lisa-simpson.png,sentence_count,23.0
Lisa,76,https://img.icons8.com/doodle/48/lisa-simpson.png,sentence_count,10.0
Lisa,77,https://img.icons8.com/doodle/48/lisa-simpson.png,sentence_count,19.0
Lisa,78,https://img.icons8.com/doodle/48/lisa-simpson.png,sentence_count,25.0
Lisa,79,https://img.icons8.com/doodle/48/lisa-simpson.png,sentence_count,20.0
Lisa,80,https://img.icons8.com/doodle/48/lisa-simpson.png,sentence_count,12.0
Lisa,81,https://img.icons8.com/doodle/48/lisa-simpson.png,sentence_count,15.0
Lisa,82,https://img.icons8.com/doodle/48/lisa-simpson.png,sentence_count,11.0
Lisa,83,https://img.icons8.com/doodle/48/lisa-simpson.png,sentence_count,13.0
Lisa,84,https://img.icons8.com/doodle/48/lisa-simpson.png,sentence_count,12.0
Lisa,85,https://img.icons8.com/doodle/48/lisa-simpson.png,sentence_count,7.0
Lisa,86,https://img.icons8.com/doodle/48/lisa-simpson.png,sentence_count,31.0
Lisa,87,https://img.icons8.com/doodle/48/lisa-simpson.png,sentence_count,6.0
Lisa,88,https://img.icons8.com/doodle/48/lisa-simpson.png,sentence_count,15.0
Lisa,89,https://img.icons8.com/doodle/48/lisa-simpson.png,sentence_count,4.0
Lisa,90,https://img.icons8.com/doodle/48/lisa-simpson.png,sentence_count,6.0
Lisa,91,https://img.icons8.com/doodle/48/lisa-simpson.png,sentence_count,19.0
Lisa,92,https://img.icons8.com/doodle/48/lisa-simpson.png,sentence_count,15.0
Lisa,93,https://img.icons8.com/doodle/48/lisa-simpson.png,sentence_count,13.0
Lisa,94,https://img.icons8.com/doodle/48/lisa-simpson.png,sentence_count,16.0
Lisa,95,https://img.icons8.com/doodle/48/lisa-simpson.png,sentence_count,43.0
Lisa,96,https://img.icons8.com/doodle/48/lisa-simpson.png,sentence_count,5.0
Lisa,97,https://img.icons8.com/doodle/48/lisa-simpson.png,sentence_count,6.0
Lisa,98,https://img.icons8.com/doodle/48/lisa-simpson.png,sentence_count,27.0
Lisa,99,https://img.icons8.com/doodle/48/lisa-simpson.png,sentence_count,9.0
Lisa,100,https://img.icons8.com/doodle/48/lisa-simpson.png,sentence_count,6.0
Lisa,101,https://img.icons8.com/doodle/48/lisa-simpson.png,sentence_count,14.0
Lisa,102,https://img.icons8.com/doodle/48/lisa-simpson.png,sentence_count,12.0
Lisa,103,https://img.icons8.com/doodle/48/lisa-simpson.png,sentence_count,12.0
Lisa,104,https://img.icons8.com/doodle/48/lisa-simpson.png,sentence_count,28.0
Lisa,105,https://img.icons8.com/doodle/48/lisa-simpson.png,sentence_count,57.0
Lisa,106,https://img.icons8.com/doodle/48/lisa-simpson.png,sentence_count,27.0
Lisa,107,https://img.icons8.com/doodle/48/lisa-simpson.png,sentence_count,26.0
Lisa,108,https://img.icons8.com/doodle/48/lisa-simpson.png,sentence_count,32.0
Lisa,109,https://img.icons8.com/doodle/48/lisa-simpson.png,sentence_count,14.0
Lisa,110,https://img.icons8.com/doodle/48/lisa-simpson.png,sentence_count,16.0
Lisa,111,https://img.icons8.com/doodle/48/lisa-simpson.png,sentence_count,32.0
Lisa,112,https://img.icons8.com/doodle/48/lisa-simpson.png,sentence_count,18.0
Lisa,113,https://img.icons8.com/doodle/48/lisa-simpson.png,sentence_count,11.0
Lisa,114,https://img.icons8.com/doodle/48/lisa-simpson.png,sentence_count,17.0
Lisa,115,https://img.icons8.com/doodle/48/lisa-simpson.png,sentence_count,14.0
Lisa,116,https://img.icons8.com/doodle/48/lisa-simpson.png,sentence_count,15.0
Lisa,117,https://img.icons8.com/doodle/48/lisa-simpson.png,sentence_count,14.0
Lisa,118,https://img.icons8.com/doodle/48/lisa-simpson.png,sentence_count,5.0
Lisa,119,https://img.icons8.com/doodle/48/lisa-simpson.png,sentence_count,21.0
Lisa,120,https://img.icons8.com/doodle/48/lisa-simpson.png,sentence_count,9.0
Lisa,121,https://img.icons8.com/doodle/48/lisa-simpson.png,sentence_count,11.0
Lisa,122,https://img.icons8.com/doodle/48/lisa-simpson.png,sentence_count,71.0
Lisa,123,https://img.icons8.com/doodle/48/lisa-simpson.png,sentence_count,31.0
Lisa,124,https://img.icons8.com/doodle/48/lisa-simpson.png,sentence_count,14.0
Lisa,125,https://img.icons8.com/doodle/48/lisa-simpson.png,sentence_count,53.0
Lisa,126,https://img.icons8.com/doodle/48/lisa-simpson.png,sentence_count,9.0
Lisa,127,https://img.icons8.com/doodle/48/lisa-simpson.png,sentence_count,4.0
Lisa,128,https://img.icons8.com/doodle/48/lisa-simpson.png,sentence_count,9.0
Lisa,129,https://img.icons8.com/doodle/48/lisa-simpson.png,sentence_count,33.0
Lisa,130,https://img.icons8.com/doodle/48/lisa-simpson.png,sentence_count,2.0
Lisa,131,https://img.icons8.com/doodle/48/lisa-simpson.png,sentence_count,22.0
Lisa,132,https://img.icons8.com/doodle/48/lisa-simpson.png,sentence_count,15.0
Lisa,133,https://img.icons8.com/doodle/48/lisa-simpson.png,sentence_count,53.0
Lisa,134,https://img.icons8.com/doodle/48/lisa-simpson.png,sentence_count,25.0
Lisa,135,https://img.icons8.com/doodle/48/lisa-simpson.png,sentence_count,19.0
Lisa,136,https://img.icons8.com/doodle/48/lisa-simpson.png,sentence_count,19.0
Lisa,137,https://img.icons8.com/doodle/48/lisa-simpson.png,sentence_count,19.0
Lisa,138,https://img.icons8.com/doodle/48/lisa-simpson.png,sentence_count,12.0
Lisa,139,https://img.icons8.com/doodle/48/lisa-simpson.png,sentence_count,10.0
Lisa,140,https://img.icons8.com/doodle/48/lisa-simpson.png,sentence_count,3.0
Lisa,141,https://img.icons8.com/doodle/48/lisa-simpson.png,sentence_count,1.0
Lisa,142,https://img.icons8.com/doodle/48/lisa-simpson.png,sentence_count,27.0
Lisa,143,https://img.icons8.com/doodle/48/lisa-simpson.png,sentence_count,19.0
Lisa,144,https://img.icons8.com/doodle/48/lisa-simpson.png,sentence_count,53.0
Lisa,145,https://img.icons8.com/doodle/48/lisa-simpson.png,sentence_count,8.0
Lisa,146,https://img.icons8.com/doodle/48/lisa-simpson.png,sentence_count,18.0
Lisa,147,https://img.icons8.com/doodle/48/lisa-simpson.png,sentence_count,3.0
Lisa,148,https://img.icons8.com/doodle/48/lisa-simpson.png,sentence_count,44.0
Lisa,149,https://img.icons8.com/doodle/48/lisa-simpson.png,sentence_count,14.0
Lisa,150,https://img.icons8.com/doodle/48/lisa-simpson.png,sentence_count,6.0
Lisa,151,https://img.icons8.com/doodle/48/lisa-simpson.png,sentence_count,19.0
Lisa,152,https://img.icons8.com/doodle/48/lisa-simpson.png,sentence_count,17.0
Lisa,153,https://img.icons8.com/doodle/48/lisa-simpson.png,sentence_count,62.0
Lisa,154,https://img.icons8.com/doodle/48/lisa-simpson.png,sentence_count,40.0
Lisa,155,https://img.icons8.com/doodle/48/lisa-simpson.png,sentence_count,14.0
Lisa,156,https://img.icons8.com/doodle/48/lisa-simpson.png,sentence_count,5.0
Lisa,157,https://img.icons8.com/doodle/48/lisa-simpson.png,sentence_count,8.0
Lisa,158,https://img.icons8.com/doodle/48/lisa-simpson.png,sentence_count,9.0
Lisa,159,https://img.icons8.com/doodle/48/lisa-simpson.png,sentence_count,10.0
Lisa,160,https://img.icons8.com/doodle/48/lisa-simpson.png,sentence_count,65.0
Lisa,161,https://img.icons8.com/doodle/48/lisa-simpson.png,sentence_count,14.0
Lisa,162,https://img.icons8.com/doodle/48/lisa-simpson.png,sentence_count,6.0
Lisa,163,https://img.icons8.com/doodle/48/lisa-simpson.png,sentence_count,8.0
Lisa,164,https://img.icons8.com/doodle/48/lisa-simpson.png,sentence_count,5.0
Lisa,165,https://img.icons8.com/doodle/48/lisa-simpson.png,sentence_count,10.0
Lisa,166,https://img.icons8.com/doodle/48/lisa-simpson.png,sentence_count,33.0
Lisa,167,https://img.icons8.com/doodle/48/lisa-simpson.png,sentence_count,13.0
Lisa,168,https://img.icons8.com/doodle/48/lisa-simpson.png,sentence_count,12.0
Lisa,169,https://img.icons8.com/doodle/48/lisa-simpson.png,sentence_count,17.0
Lisa,170,https://img.icons8.com/doodle/48/lisa-simpson.png,sentence_count,79.0
Lisa,171,https://img.icons8.com/doodle/48/lisa-simpson.png,sentence_count,5.0
Lisa,172,https://img.icons8.com/doodle/48/lisa-simpson.png,sentence_count,5.0
Lisa,173,https://img.icons8.com/doodle/48/lisa-simpson.png,sentence_count,15.0
Lisa,174,https://img.icons8.com/doodle/48/lisa-simpson.png,sentence_count,45.0
Lisa,175,https://img.icons8.com/doodle/48/lisa-simpson.png,sentence_count,18.0
Lisa,176,https://img.icons8.com/doodle/48/lisa-simpson.png,sentence_count,3.0
Lisa,177,https://img.icons8.com/doodle/48/lisa-simpson.png,sentence_count,7.0
Lisa,178,https://img.icons8.com/doodle/48/lisa-simpson.png,sentence_count,42.0
Lisa,179,https://img.icons8.com/doodle/48/lisa-simpson.png,sentence_count,18.0
Lisa,180,https://img.icons8.com/doodle/48/lisa-simpson.png,sentence_count,6.0
Lisa,181,https://img.icons8.com/doodle/48/lisa-simpson.png,sentence_count,22.0
Lisa,182,https://img.icons8.com/doodle/48/lisa-simpson.png,sentence_count,22.0
Lisa,183,https://img.icons8.com/doodle/48/lisa-simpson.png,sentence_count,17.0
Lisa,184,https://img.icons8.com/doodle/48/lisa-simpson.png,sentence_count,13.0
Lisa,185,https://img.icons8.com/doodle/48/lisa-simpson.png,sentence_count,11.0
Lisa,186,https://img.icons8.com/doodle/48/lisa-simpson.png,sentence_count,52.0
Lisa,187,https://img.icons8.com/doodle/48/lisa-simpson.png,sentence_count,11.0
Lisa,188,https://img.icons8.com/doodle/48/lisa-simpson.png,sentence_count,23.0
Lisa,189,https://img.icons8.com/doodle/48/lisa-simpson.png,sentence_count,9.0
Lisa,190,https://img.icons8.com/doodle/48/lisa-simpson.png,sentence_count,25.0
Lisa,191,https://img.icons8.com/doodle/48/lisa-simpson.png,sentence_count,16.0
Lisa,192,https://img.icons8.com/doodle/48/lisa-simpson.png,sentence_count,35.0
Lisa,193,https://img.icons8.com/doodle/48/lisa-simpson.png,sentence_count,11.0
Lisa,194,https://img.icons8.com/doodle/48/lisa-simpson.png,sentence_count,4.0
Lisa,195,https://img.icons8.com/doodle/48/lisa-simpson.png,sentence_count,67.0
Lisa,196,https://img.icons8.com/doodle/48/lisa-simpson.png,sentence_count,7.0
Lisa,197,https://img.icons8.com/doodle/48/lisa-simpson.png,sentence_count,8.0
Lisa,198,https://img.icons8.com/doodle/48/lisa-simpson.png,sentence_count,5.0
Lisa,199,https://img.icons8.com/doodle/48/lisa-simpson.png,sentence_count,50.0
Lisa,200,https://img.icons8.com/doodle/48/lisa-simpson.png,sentence_count,15.0
Lisa,201,https://img.icons8.com/doodle/48/lisa-simpson.png,sentence_count,5.0
Lisa,202,https://img.icons8.com/doodle/48/lisa-simpson.png,sentence_count,71.0
Lisa,203,https://img.icons8.com/doodle/48/lisa-simpson.png,sentence_count,17.0
Lisa,204,https://img.icons8.com/doodle/48/lisa-simpson.png,sentence_count,75.0
Lisa,205,https://img.icons8.com/doodle/48/lisa-simpson.png,sentence_count,19.0
Lisa,206,https://img.icons8.com/doodle/48/lisa-simpson.png,sentence_count,24.0
Lisa,207,https://img.icons8.com/doodle/48/lisa-simpson.png,sentence_count,22.0
Lisa,208,https://img.icons8.com/doodle/48/lisa-simpson.png,sentence_count,10.0
Lisa,209,https://img.icons8.com/doodle/48/lisa-simpson.png,sentence_count,6.0
Lisa,210,https://img.icons8.com/doodle/48/lisa-simpson.png,sentence_count,62.0
Lisa,211,https://img.icons8.com/doodle/48/lisa-simpson.png,sentence_count,13.0
Lisa,212,https://img.icons8.com/doodle/48/lisa-simpson.png,sentence_count,6.0
Lisa,213,https://img.icons8.com/doodle/48/lisa-simpson.png,sentence_count,4.0
Lisa,214,https://img.icons8.com/doodle/48/lisa-simpson.png,sentence_count,26.0
Lisa,215,https://img.icons8.com/doodle/48/lisa-simpson.png,sentence_count,16.0
Lisa,216,https://img.icons8.com/doodle/48/lisa-simpson.png,sentence_count,9.0
Lisa,217,https://img.icons8.com/doodle/48/lisa-simpson.png,sentence_count,4.0
Lisa,218,https://img.icons8.com/doodle/48/lisa-simpson.png,sentence_count,16.0
Lisa,219,https://img.icons8.com/doodle/48/lisa-simpson.png,sentence_count,77.0
Lisa,220,https://img.icons8.com/doodle/48/lisa-simpson.png,sentence_count,15.0
Lisa,221,https://img.icons8.com/doodle/48/lisa-simpson.png,sentence_count,16.0
Lisa,222,https://img.icons8.com/doodle/48/lisa-simpson.png,sentence_count,11.0
Lisa,223,https://img.icons8.com/doodle/48/lisa-simpson.png,sentence_count,25.0
Lisa,224,https://img.icons8.com/doodle/48/lisa-simpson.png,sentence_count,10.0
Lisa,225,https://img.icons8.com/doodle/48/lisa-simpson.png,sentence_count,49.0
Lisa,226,https://img.icons8.com/doodle/48/lisa-simpson.png,sentence_count,30.0
Lisa,227,https://img.icons8.com/doodle/48/lisa-simpson.png,sentence_count,6.0
Lisa,228,https://img.icons8.com/doodle/48/lisa-simpson.png,sentence_count,16.0
Lisa,229,https://img.icons8.com/doodle/48/lisa-simpson.png,sentence_count,26.0
Lisa,230,https://img.icons8.com/doodle/48/lisa-simpson.png,sentence_count,23.0
Lisa,231,https://img.icons8.com/doodle/48/lisa-simpson.png,sentence_count,23.0
Lisa,232,https://img.icons8.com/doodle/48/lisa-simpson.png,sentence_count,4.0
Lisa,233,https://img.icons8.com/doodle/48/lisa-simpson.png,sentence_count,6.0
Lisa,234,https://img.icons8.com/doodle/48/lisa-simpson.png,sentence_count,10.0
Lisa,235,https://img.icons8.com/doodle/48/lisa-simpson.png,sentence_count,44.0
Lisa,236,https://img.icons8.com/doodle/48/lisa-simpson.png,sentence_count,60.0
Lisa,237,https://img.icons8.com/doodle/48/lisa-simpson.png,sentence_count,12.0
Lisa,238,https://img.icons8.com/doodle/48/lisa-simpson.png,sentence_count,10.0
Lisa,239,https://img.icons8.com/doodle/48/lisa-simpson.png,sentence_count,19.0
Lisa,240,https://img.icons8.com/doodle/48/lisa-simpson.png,sentence_count,12.0
Lisa,241,https://img.icons8.com/doodle/48/lisa-simpson.png,sentence_count,9.0
Lisa,242,https://img.icons8.com/doodle/48/lisa-simpson.png,sentence_count,16.0
Lisa,243,https://img.icons8.com/doodle/48/lisa-simpson.png,sentence_count,52.0
Lisa,244,https://img.icons8.com/doodle/48/lisa-simpson.png,sentence_count,22.0
Lisa,245,https://img.icons8.com/doodle/48/lisa-simpson.png,sentence_count,18.0
Lisa,246,https://img.icons8.com/doodle/48/lisa-simpson.png,sentence_count,42.0
Lisa,247,https://img.icons8.com/doodle/48/lisa-simpson.png,sentence_count,17.0
Lisa,248,https://img.icons8.com/doodle/48/lisa-simpson.png,sentence_count,21.0
Lisa,249,https://img.icons8.com/doodle/48/lisa-simpson.png,sentence_count,28.0
Lisa,250,https://img.icons8.com/doodle/48/lisa-simpson.png,sentence_count,13.0
Lisa,251,https://img.icons8.com/doodle/48/lisa-simpson.png,sentence_count,11.0
Lisa,252,https://img.icons8.com/doodle/48/lisa-simpson.png,sentence_count,62.0
Lisa,253,https://img.icons8.com/doodle/48/lisa-simpson.png,sentence_count,21.0
Lisa,254,https://img.icons8.com/doodle/48/lisa-simpson.png,sentence_count,13.0
Lisa,255,https://img.icons8.com/doodle/48/lisa-simpson.png,sentence_count,16.0
Lisa,256,https://img.icons8.com/doodle/48/lisa-simpson.png,sentence_count,12.0
Lisa,257,https://img.icons8.com/doodle/48/lisa-simpson.png,sentence_count,18.0
Lisa,258,https://img.icons8.com/doodle/48/lisa-simpson.png,sentence_count,7.0
Lisa,259,https://img.icons8.com/doodle/48/lisa-simpson.png,sentence_count,9.0
Lisa,260,https://img.icons8.com/doodle/48/lisa-simpson.png,sentence_count,17.0
Lisa,261,https://img.icons8.com/doodle/48/lisa-simpson.png,sentence_count,2.0
Lisa,262,https://img.icons8.com/doodle/48/lisa-simpson.png,sentence_count,22.0
Lisa,263,https://img.icons8.com/doodle/48/lisa-simpson.png,sentence_count,15.0
Lisa,264,https://img.icons8.com/doodle/48/lisa-simpson.png,sentence_count,56.0
Lisa,265,https://img.icons8.com/doodle/48/lisa-simpson.png,sentence_count,37.0
Lisa,266,https://img.icons8.com/doodle/48/lisa-simpson.png,sentence_count,42.0
Lisa,267,https://img.icons8.com/doodle/48/lisa-simpson.png,sentence_count,14.0
Lisa,268,https://img.icons8.com/doodle/48/lisa-simpson.png,sentence_count,14.0
Lisa,269,https://img.icons8.com/doodle/48/lisa-simpson.png,sentence_count,9.0
Lisa,270,https://img.icons8.com/doodle/48/lisa-simpson.png,sentence_count,22.0
Lisa,271,https://img.icons8.com/doodle/48/lisa-simpson.png,sentence_count,14.0
Lisa,272,https://img.icons8.com/doodle/48/lisa-simpson.png,sentence_count,21.0
Lisa,273,https://img.icons8.com/doodle/48/lisa-simpson.png,sentence_count,11.0
Lisa,274,https://img.icons8.com/doodle/48/lisa-simpson.png,sentence_count,20.0
Lisa,275,https://img.icons8.com/doodle/48/lisa-simpson.png,sentence_count,55.0
Lisa,276,https://img.icons8.com/doodle/48/lisa-simpson.png,sentence_count,23.0
Lisa,277,https://img.icons8.com/doodle/48/lisa-simpson.png,sentence_count,11.0
Lisa,278,https://img.icons8.com/doodle/48/lisa-simpson.png,sentence_count,15.0
Lisa,279,https://img.icons8.com/doodle/48/lisa-simpson.png,sentence_count,8.0
Lisa,280,https://img.icons8.com/doodle/48/lisa-simpson.png,sentence_count,20.0
Lisa,281,https://img.icons8.com/doodle/48/lisa-simpson.png,sentence_count,15.0
Lisa,282,https://img.icons8.com/doodle/48/lisa-simpson.png,sentence_count,15.0
Lisa,283,https://img.icons8.com/doodle/48/lisa-simpson.png,sentence_count,28.0
Lisa,284,https://img.icons8.com/doodle/48/lisa-simpson.png,sentence_count,30.0
Lisa,285,https://img.icons8.com/doodle/48/lisa-simpson.png,sentence_count,7.0
Lisa,286,https://img.icons8.com/doodle/48/lisa-simpson.png,sentence_count,8.0
Lisa,287,https://img.icons8.com/doodle/48/lisa-simpson.png,sentence_count,17.0
Lisa,288,https://img.icons8.com/doodle/48/lisa-simpson.png,sentence_count,6.0
Lisa,289,https://img.icons8.com/doodle/48/lisa-simpson.png,sentence_count,53.0
Lisa,290,https://img.icons8.com/doodle/48/lisa-simpson.png,sentence_count,6.0
Lisa,291,https://img.icons8.com/doodle/48/lisa-simpson.png,sentence_count,12.0
Lisa,292,https://img.icons8.com/doodle/48/lisa-simpson.png,sentence_count,27.0
Lisa,293,https://img.icons8.com/doodle/48/lisa-simpson.png,sentence_count,16.0
Lisa,294,https://img.icons8.com/doodle/48/lisa-simpson.png,sentence_count,44.0
Lisa,295,https://img.icons8.com/doodle/48/lisa-simpson.png,sentence_count,18.0
Lisa,296,https://img.icons8.com/doodle/48/lisa-simpson.png,sentence_count,17.0
Lisa,297,https://img.icons8.com/doodle/48/lisa-simpson.png,sentence_count,8.0
Lisa,298,https://img.icons8.com/doodle/48/lisa-simpson.png,sentence_count,10.0
Lisa,299,https://img.icons8.com/doodle/48/lisa-simpson.png,sentence_count,40.0
Lisa,300,https://img.icons8.com/doodle/48/lisa-simpson.png,sentence_count,13.0
Lisa,301,https://img.icons8.com/doodle/48/lisa-simpson.png,sentence_count,14.0
Lisa,302,https://img.icons8.com/doodle/48/lisa-simpson.png,sentence_count,22.0
Lisa,303,https://img.icons8.com/doodle/48/lisa-simpson.png,sentence_count,47.0
Lisa,304,https://img.icons8.com/doodle/48/lisa-simpson.png,sentence_count,5.0
Lisa,305,https://img.icons8.com/doodle/48/lisa-simpson.png,sentence_count,18.0
Lisa,306,https://img.icons8.com/doodle/48/lisa-simpson.png,sentence_count,8.0
Lisa,307,https://img.icons8.com/doodle/48/lisa-simpson.png,sentence_count,37.0
Lisa,308,https://img.icons8.com/doodle/48/lisa-simpson.png,sentence_count,16.0
Lisa,309,https://img.icons8.com/doodle/48/lisa-simpson.png,sentence_count,35.0
Lisa,310,https://img.icons8.com/doodle/48/lisa-simpson.png,sentence_count,25.0
Lisa,311,https://img.icons8.com/doodle/48/lisa-simpson.png,sentence_count,7.0
Lisa,312,https://img.icons8.com/doodle/48/lisa-simpson.png,sentence_count,6.0
Lisa,313,https://img.icons8.com/doodle/48/lisa-simpson.png,sentence_count,9.0
Lisa,314,https://img.icons8.com/doodle/48/lisa-simpson.png,sentence_count,25.0
Lisa,315,https://img.icons8.com/doodle/48/lisa-simpson.png,sentence_count,11.0
Lisa,316,https://img.icons8.com/doodle/48/lisa-simpson.png,sentence_count,57.0
Lisa,317,https://img.icons8.com/doodle/48/lisa-simpson.png,sentence_count,22.0
Lisa,318,https://img.icons8.com/doodle/48/lisa-simpson.png,sentence_count,18.0
Lisa,319,https://img.icons8.com/doodle/48/lisa-simpson.png,sentence_count,17.0
Lisa,320,https://img.icons8.com/doodle/48/lisa-simpson.png,sentence_count,11.0
Lisa,321,https://img.icons8.com/doodle/48/lisa-simpson.png,sentence_count,14.0
Lisa,322,https://img.icons8.com/doodle/48/lisa-simpson.png,sentence_count,18.0
Lisa,323,https://img.icons8.com/doodle/48/lisa-simpson.png,sentence_count,16.0
Lisa,324,https://img.icons8.com/doodle/48/lisa-simpson.png,sentence_count,9.0
Lisa,325,https://img.icons8.com/doodle/48/lisa-simpson.png,sentence_count,36.0
Lisa,326,https://img.icons8.com/doodle/48/lisa-simpson.png,sentence_count,56.0
Lisa,327,https://img.icons8.com/doodle/48/lisa-simpson.png,sentence_count,20.0
Lisa,328,https://img.icons8.com/doodle/48/lisa-simpson.png,sentence_count,19.0
Lisa,329,https://img.icons8.com/doodle/48/lisa-simpson.png,sentence_count,5.0
Lisa,330,https://img.icons8.com/doodle/48/lisa-simpson.png,sentence_count,5.0
Lisa,331,https://img.icons8.com/doodle/48/lisa-simpson.png,sentence_count,28.0
Lisa,332,https://img.icons8.com/doodle/48/lisa-simpson.png,sentence_count,18.0
Lisa,333,https://img.icons8.com/doodle/48/lisa-simpson.png,sentence_count,9.0
Lisa,334,https://img.icons8.com/doodle/48/lisa-simpson.png,sentence_count,22.0
Lisa,335,https://img.icons8.com/doodle/48/lisa-simpson.png,sentence_count,44.0
Lisa,336,https://img.icons8.com/doodle/48/lisa-simpson.png,sentence_count,8.0
Lisa,337,https://img.icons8.com/doodle/48/lisa-simpson.png,sentence_count,19.0
Lisa,338,https://img.icons8.com/doodle/48/lisa-simpson.png,sentence_count,29.0
Lisa,339,https://img.icons8.com/doodle/48/lisa-simpson.png,sentence_count,33.0
Lisa,340,https://img.icons8.com/doodle/48/lisa-simpson.png,sentence_count,29.0
Lisa,341,https://img.icons8.com/doodle/48/lisa-simpson.png,sentence_count,11.0
Lisa,342,https://img.icons8.com/doodle/48/lisa-simpson.png,sentence_count,8.0
Lisa,343,https://img.icons8.com/doodle/48/lisa-simpson.png,sentence_count,6.0
Lisa,344,https://img.icons8.com/doodle/48/lisa-simpson.png,sentence_count,15.0
Lisa,345,https://img.icons8.com/doodle/48/lisa-simpson.png,sentence_count,9.0
Lisa,346,https://img.icons8.com/doodle/48/lisa-simpson.png,sentence_count,37.0
Lisa,347,https://img.icons8.com/doodle/48/lisa-simpson.png,sentence_count,10.0
Lisa,348,https://img.icons8.com/doodle/48/lisa-simpson.png,sentence_count,21.0
Lisa,349,https://img.icons8.com/doodle/48/lisa-simpson.png,sentence_count,17.0
Lisa,350,https://img.icons8.com/doodle/48/lisa-simpson.png,sentence_count,27.0
Lisa,351,https://img.icons8.com/doodle/48/lisa-simpson.png,sentence_count,9.0
Lisa,352,https://img.icons8.com/doodle/48/lisa-simpson.png,sentence_count,11.0
Lisa,353,https://img.icons8.com/doodle/48/lisa-simpson.png,sentence_count,54.0
Lisa,354,https://img.icons8.com/doodle/48/lisa-simpson.png,sentence_count,15.0
Lisa,355,https://img.icons8.com/doodle/48/lisa-simpson.png,sentence_count,8.0
Lisa,356,https://img.icons8.com/doodle/48/lisa-simpson.png,sentence_count,13.0
Lisa,357,https://img.icons8.com/doodle/48/lisa-simpson.png,sentence_count,15.0
Lisa,358,https://img.icons8.com/doodle/48/lisa-simpson.png,sentence_count,40.0
Lisa,359,https://img.icons8.com/doodle/48/lisa-simpson.png,sentence_count,11.0
Lisa,360,https://img.icons8.com/doodle/48/lisa-simpson.png,sentence_count,14.0
Lisa,361,https://img.icons8.com/doodle/48/lisa-simpson.png,sentence_count,4.0
Lisa,362,https://img.icons8.com/doodle/48/lisa-simpson.png,sentence_count,30.0
Lisa,363,https://img.icons8.com/doodle/48/lisa-simpson.png,sentence_count,25.0
Lisa,364,https://img.icons8.com/doodle/48/lisa-simpson.png,sentence_count,24.0
Lisa,365,https://img.icons8.com/doodle/48/lisa-simpson.png,sentence_count,9.0
Lisa,366,https://img.icons8.com/doodle/48/lisa-simpson.png,sentence_count,10.0
Lisa,367,https://img.icons8.com/doodle/48/lisa-simpson.png,sentence_count,6.0
Lisa,368,https://img.icons8.com/doodle/48/lisa-simpson.png,sentence_count,29.0
Lisa,369,https://img.icons8.com/doodle/48/lisa-simpson.png,sentence_count,26.0
Lisa,370,https://img.icons8.com/doodle/48/lisa-simpson.png,sentence_count,14.0
Lisa,371,https://img.icons8.com/doodle/48/lisa-simpson.png,sentence_count,11.0
Lisa,372,https://img.icons8.com/doodle/48/lisa-simpson.png,sentence_count,11.0
Lisa,373,https://img.icons8.com/doodle/48/lisa-simpson.png,sentence_count,8.0
Lisa,374,https://img.icons8.com/doodle/48/lisa-simpson.png,sentence_count,16.0
Lisa,375,https://img.icons8.com/doodle/48/lisa-simpson.png,sentence_count,53.0
Lisa,376,https://img.icons8.com/doodle/48/lisa-simpson.png,sentence_count,8.0
Lisa,377,https://img.icons8.com/doodle/48/lisa-simpson.png,sentence_count,23.0
Lisa,378,https://img.icons8.com/doodle/48/lisa-simpson.png,sentence_count,5.0
Lisa,379,https://img.icons8.com/doodle/48/lisa-simpson.png,sentence_count,16.0
Lisa,380,https://img.icons8.com/doodle/48/lisa-simpson.png,sentence_count,37.0
Lisa,381,https://img.icons8.com/doodle/48/lisa-simpson.png,sentence_count,10.0
Lisa,382,https://img.icons8.com/doodle/48/lisa-simpson.png,sentence_count,11.0
Lisa,383,https://img.icons8.com/doodle/48/lisa-simpson.png,sentence_count,5.0
Lisa,384,https://img.icons8.com/doodle/48/lisa-simpson.png,sentence_count,28.0
Lisa,385,https://img.icons8.com/doodle/48/lisa-simpson.png,sentence_count,5.0
Lisa,386,https://img.icons8.com/doodle/48/lisa-simpson.png,sentence_count,22.0
Lisa,387,https://img.icons8.com/doodle/48/lisa-simpson.png,sentence_count,13.0
Lisa,388,https://img.icons8.com/doodle/48/lisa-simpson.png,sentence_count,15.0
Lisa,389,https://img.icons8.com/doodle/48/lisa-simpson.png,sentence_count,17.0
Lisa,390,https://img.icons8.com/doodle/48/lisa-simpson.png,sentence_count,26.0
Lisa,391,https://img.icons8.com/doodle/48/lisa-simpson.png,sentence_count,3.0
Lisa,392,https://img.icons8.com/doodle/48/lisa-simpson.png,sentence_count,25.0
Lisa,393,https://img.icons8.com/doodle/48/lisa-simpson.png,sentence_count,14.0
Lisa,394,https://img.icons8.com/doodle/48/lisa-simpson.png,sentence_count,13.0
Lisa,395,https://img.icons8.com/doodle/48/lisa-simpson.png,sentence_count,27.0
Lisa,396,https://img.icons8.com/doodle/48/lisa-simpson.png,sentence_count,13.0
Lisa,397,https://img.icons8.com/doodle/48/lisa-simpson.png,sentence_count,11.0
Lisa,398,https://img.icons8.com/doodle/48/lisa-simpson.png,sentence_count,14.0
Lisa,399,https://img.icons8.com/doodle/48/lisa-simpson.png,sentence_count,26.0
Lisa,400,https://img.icons8.com/doodle/48/lisa-simpson.png,sentence_count,22.0
Lisa,401,https://img.icons8.com/doodle/48/lisa-simpson.png,sentence_count,6.0
Lisa,402,https://img.icons8.com/doodle/48/lisa-simpson.png,sentence_count,13.0
Lisa,403,https://img.icons8.com/doodle/48/lisa-simpson.png,sentence_count,13.0
Lisa,404,https://img.icons8.com/doodle/48/lisa-simpson.png,sentence_count,4.0
Lisa,405,https://img.icons8.com/doodle/48/lisa-simpson.png,sentence_count,15.0
Lisa,406,https://img.icons8.com/doodle/48/lisa-simpson.png,sentence_count,12.0
Lisa,407,https://img.icons8.com/doodle/48/lisa-simpson.png,sentence_count,10.0
Lisa,408,https://img.icons8.com/doodle/48/lisa-simpson.png,sentence_count,32.0
Lisa,409,https://img.icons8.com/doodle/48/lisa-simpson.png,sentence_count,4.0
Lisa,410,https://img.icons8.com/doodle/48/lisa-simpson.png,sentence_count,15.0
Lisa,411,https://img.icons8.com/doodle/48/lisa-simpson.png,sentence_count,7.0
Lisa,412,https://img.icons8.com/doodle/48/lisa-simpson.png,sentence_count,11.0
Lisa,413,https://img.icons8.com/doodle/48/lisa-simpson.png,sentence_count,9.0
Lisa,414,https://img.icons8.com/doodle/48/lisa-simpson.png,sentence_count,49.0
Lisa,415,https://img.icons8.com/doodle/48/lisa-simpson.png,sentence_count,46.0
Lisa,416,https://img.icons8.com/doodle/48/lisa-simpson.png,sentence_count,18.0
Lisa,417,https://img.icons8.com/doodle/48/lisa-simpson.png,sentence_count,23.0
Lisa,418,https://img.icons8.com/doodle/48/lisa-simpson.png,sentence_count,46.0
Lisa,419,https://img.icons8.com/doodle/48/lisa-simpson.png,sentence_count,19.0
Lisa,420,https://img.icons8.com/doodle/48/lisa-simpson.png,sentence_count,29.0
Lisa,421,https://img.icons8.com/doodle/48/lisa-simpson.png,sentence_count,10.0
Lisa,422,https://img.icons8.com/doodle/48/lisa-simpson.png,sentence_count,17.0
Lisa,423,https://img.icons8.com/doodle/48/lisa-simpson.png,sentence_count,10.0
Lisa,425,https://img.icons8.com/doodle/48/lisa-simpson.png,sentence_count,13.0
Lisa,426,https://img.icons8.com/doodle/48/lisa-simpson.png,sentence_count,63.0
Lisa,427,https://img.icons8.com/doodle/48/lisa-simpson.png,sentence_count,20.0
Lisa,428,https://img.icons8.com/doodle/48/lisa-simpson.png,sentence_count,33.0
Lisa,429,https://img.icons8.com/doodle/48/lisa-simpson.png,sentence_count,61.0
Lisa,430,https://img.icons8.com/doodle/48/lisa-simpson.png,sentence_count,23.0
Lisa,431,https://img.icons8.com/doodle/48/lisa-simpson.png,sentence_count,19.0
Lisa,432,https://img.icons8.com/doodle/48/lisa-simpson.png,sentence_count,12.0
Lisa,433,https://img.icons8.com/doodle/48/lisa-simpson.png,sentence_count,54.0
Lisa,434,https://img.icons8.com/doodle/48/lisa-simpson.png,sentence_count,15.0
Lisa,435,https://img.icons8.com/doodle/48/lisa-simpson.png,sentence_count,11.0
Lisa,436,https://img.icons8.com/doodle/48/lisa-simpson.png,sentence_count,3.0
Lisa,437,https://img.icons8.com/doodle/48/lisa-simpson.png,sentence_count,14.0
Lisa,438,https://img.icons8.com/doodle/48/lisa-simpson.png,sentence_count,22.0
Lisa,439,https://img.icons8.com/doodle/48/lisa-simpson.png,sentence_count,35.0
Lisa,440,https://img.icons8.com/doodle/48/lisa-simpson.png,sentence_count,15.0
Lisa,442,https://img.icons8.com/doodle/48/lisa-simpson.png,sentence_count,2.0
Lisa,443,https://img.icons8.com/doodle/48/lisa-simpson.png,sentence_count,2.0
Lisa,444,https://img.icons8.com/doodle/48/lisa-simpson.png,sentence_count,10.0
Lisa,445,https://img.icons8.com/doodle/48/lisa-simpson.png,sentence_count,37.0
Lisa,446,https://img.icons8.com/doodle/48/lisa-simpson.png,sentence_count,1.0
Lisa,448,https://img.icons8.com/doodle/48/lisa-simpson.png,sentence_count,34.0
Lisa,449,https://img.icons8.com/doodle/48/lisa-simpson.png,sentence_count,28.0
Lisa,450,https://img.icons8.com/doodle/48/lisa-simpson.png,sentence_count,23.0
Lisa,451,https://img.icons8.com/doodle/48/lisa-simpson.png,sentence_count,8.0
Lisa,452,https://img.icons8.com/doodle/48/lisa-simpson.png,sentence_count,15.0
Lisa,453,https://img.icons8.com/doodle/48/lisa-simpson.png,sentence_count,22.0
Lisa,454,https://img.icons8.com/doodle/48/lisa-simpson.png,sentence_count,55.0
Lisa,455,https://img.icons8.com/doodle/48/lisa-simpson.png,sentence_count,16.0
Lisa,456,https://img.icons8.com/doodle/48/lisa-simpson.png,sentence_count,13.0
Lisa,457,https://img.icons8.com/doodle/48/lisa-simpson.png,sentence_count,10.0
Lisa,458,https://img.icons8.com/doodle/48/lisa-simpson.png,sentence_count,19.0
Lisa,460,https://img.icons8.com/doodle/48/lisa-simpson.png,sentence_count,47.0
Lisa,461,https://img.icons8.com/doodle/48/lisa-simpson.png,sentence_count,27.0
Lisa,462,https://img.icons8.com/doodle/48/lisa-simpson.png,sentence_count,4.0
Lisa,463,https://img.icons8.com/doodle/48/lisa-simpson.png,sentence_count,7.0
Lisa,464,https://img.icons8.com/doodle/48/lisa-simpson.png,sentence_count,10.0
Lisa,465,https://img.icons8.com/doodle/48/lisa-simpson.png,sentence_count,50.0
Lisa,466,https://img.icons8.com/doodle/48/lisa-simpson.png,sentence_count,34.0
Lisa,467,https://img.icons8.com/doodle/48/lisa-simpson.png,sentence_count,54.0
Lisa,468,https://img.icons8.com/doodle/48/lisa-simpson.png,sentence_count,14.0
Lisa,469,https://img.icons8.com/doodle/48/lisa-simpson.png,sentence_count,49.0
Lisa,470,https://img.icons8.com/doodle/48/lisa-simpson.png,sentence_count,16.0
Lisa,471,https://img.icons8.com/doodle/48/lisa-simpson.png,sentence_count,22.0
Lisa,472,https://img.icons8.com/doodle/48/lisa-simpson.png,sentence_count,28.0
Lisa,473,https://img.icons8.com/doodle/48/lisa-simpson.png,sentence_count,5.0
Lisa,474,https://img.icons8.com/doodle/48/lisa-simpson.png,sentence_count,6.0
Lisa,475,https://img.icons8.com/doodle/48/lisa-simpson.png,sentence_count,1.0
Lisa,476,https://img.icons8.com/doodle/48/lisa-simpson.png,sentence_count,6.0
Lisa,477,https://img.icons8.com/doodle/48/lisa-simpson.png,sentence_count,9.0
Lisa,478,https://img.icons8.com/doodle/48/lisa-simpson.png,sentence_count,10.0
Lisa,479,https://img.icons8.com/doodle/48/lisa-simpson.png,sentence_count,24.0
Lisa,480,https://img.icons8.com/doodle/48/lisa-simpson.png,sentence_count,10.0
Lisa,481,https://img.icons8.com/doodle/48/lisa-simpson.png,sentence_count,2.0
Lisa,482,https://img.icons8.com/doodle/48/lisa-simpson.png,sentence_count,55.0
Lisa,483,https://img.icons8.com/doodle/48/lisa-simpson.png,sentence_count,20.0
Lisa,484,https://img.icons8.com/doodle/48/lisa-simpson.png,sentence_count,21.0
Lisa,485,https://img.icons8.com/doodle/48/lisa-simpson.png,sentence_count,42.0
Lisa,486,https://img.icons8.com/doodle/48/lisa-simpson.png,sentence_count,2.0
Lisa,487,https://img.icons8.com/doodle/48/lisa-simpson.png,sentence_count,2.0
Lisa,488,https://img.icons8.com/doodle/48/lisa-simpson.png,sentence_count,7.0
Lisa,489,https://img.icons8.com/doodle/48/lisa-simpson.png,sentence_count,18.0
Lisa,490,https://img.icons8.com/doodle/48/lisa-simpson.png,sentence_count,9.0
Lisa,491,https://img.icons8.com/doodle/48/lisa-simpson.png,sentence_count,28.0
Lisa,492,https://img.icons8.com/doodle/48/lisa-simpson.png,sentence_count,44.0
Lisa,493,https://img.icons8.com/doodle/48/lisa-simpson.png,sentence_count,14.0
Lisa,494,https://img.icons8.com/doodle/48/lisa-simpson.png,sentence_count,9.0
Lisa,495,https://img.icons8.com/doodle/48/lisa-simpson.png,sentence_count,38.0
Lisa,496,https://img.icons8.com/doodle/48/lisa-simpson.png,sentence_count,19.0
Lisa,497,https://img.icons8.com/doodle/48/lisa-simpson.png,sentence_count,37.0
Lisa,498,https://img.icons8.com/doodle/48/lisa-simpson.png,sentence_count,4.0
Lisa,499,https://img.icons8.com/doodle/48/lisa-simpson.png,sentence_count,29.0
Lisa,500,https://img.icons8.com/doodle/48/lisa-simpson.png,sentence_count,12.0
Lisa,501,https://img.icons8.com/doodle/48/lisa-simpson.png,sentence_count,13.0
Lisa,502,https://img.icons8.com/doodle/48/lisa-simpson.png,sentence_count,10.0
Lisa,503,https://img.icons8.com/doodle/48/lisa-simpson.png,sentence_count,6.0
Lisa,504,https://img.icons8.com/doodle/48/lisa-simpson.png,sentence_count,7.0
Lisa,505,https://img.icons8.com/doodle/48/lisa-simpson.png,sentence_count,17.0
Lisa,506,https://img.icons8.com/doodle/48/lisa-simpson.png,sentence_count,10.0
Lisa,507,https://img.icons8.com/doodle/48/lisa-simpson.png,sentence_count,11.0
Lisa,508,https://img.icons8.com/doodle/48/lisa-simpson.png,sentence_count,52.0
Lisa,509,https://img.icons8.com/doodle/48/lisa-simpson.png,sentence_count,21.0
Lisa,510,https://img.icons8.com/doodle/48/lisa-simpson.png,sentence_count,22.0
Lisa,511,https://img.icons8.com/doodle/48/lisa-simpson.png,sentence_count,10.0
Lisa,512,https://img.icons8.com/doodle/48/lisa-simpson.png,sentence_count,31.0
Lisa,513,https://img.icons8.com/doodle/48/lisa-simpson.png,sentence_count,25.0
Lisa,514,https://img.icons8.com/doodle/48/lisa-simpson.png,sentence_count,8.0
Lisa,515,https://img.icons8.com/doodle/48/lisa-simpson.png,sentence_count,8.0
Lisa,516,https://img.icons8.com/doodle/48/lisa-simpson.png,sentence_count,11.0
Lisa,517,https://img.icons8.com/doodle/48/lisa-simpson.png,sentence_count,9.0
Lisa,518,https://img.icons8.com/doodle/48/lisa-simpson.png,sentence_count,13.0
Lisa,519,https://img.icons8.com/doodle/48/lisa-simpson.png,sentence_count,16.0
Lisa,520,https://img.icons8.com/doodle/48/lisa-simpson.png,sentence_count,8.0
Lisa,521,https://img.icons8.com/doodle/48/lisa-simpson.png,sentence_count,25.0
Lisa,522,https://img.icons8.com/doodle/48/lisa-simpson.png,sentence_count,10.0
Lisa,523,https://img.icons8.com/doodle/48/lisa-simpson.png,sentence_count,39.0
Lisa,524,https://img.icons8.com/doodle/48/lisa-simpson.png,sentence_count,32.0
Lisa,525,https://img.icons8.com/doodle/48/lisa-simpson.png,sentence_count,20.0
Lisa,526,https://img.icons8.com/doodle/48/lisa-simpson.png,sentence_count,12.0
Lisa,527,https://img.icons8.com/doodle/48/lisa-simpson.png,sentence_count,12.0
Lisa,528,https://img.icons8.com/doodle/48/lisa-simpson.png,sentence_count,4.0
Lisa,529,https://img.icons8.com/doodle/48/lisa-simpson.png,sentence_count,18.0
Lisa,530,https://img.icons8.com/doodle/48/lisa-simpson.png,sentence_count,10.0
Lisa,531,https://img.icons8.com/doodle/48/lisa-simpson.png,sentence_count,37.0
Lisa,532,https://img.icons8.com/doodle/48/lisa-simpson.png,sentence_count,20.0
Lisa,533,https://img.icons8.com/doodle/48/lisa-simpson.png,sentence_count,2.0
Lisa,534,https://img.icons8.com/doodle/48/lisa-simpson.png,sentence_count,21.0
Lisa,535,https://img.icons8.com/doodle/48/lisa-simpson.png,sentence_count,20.0
Lisa,536,https://img.icons8.com/doodle/48/lisa-simpson.png,sentence_count,73.0
Lisa,537,https://img.icons8.com/doodle/48/lisa-simpson.png,sentence_count,10.0
Lisa,538,https://img.icons8.com/doodle/48/lisa-simpson.png,sentence_count,27.0
Lisa,539,https://img.icons8.com/doodle/48/lisa-simpson.png,sentence_count,13.0
Lisa,540,https://img.icons8.com/doodle/48/lisa-simpson.png,sentence_count,6.0
Lisa,541,https://img.icons8.com/doodle/48/lisa-simpson.png,sentence_count,6.0
Lisa,542,https://img.icons8.com/doodle/48/lisa-simpson.png,sentence_count,10.0
Lisa,543,https://img.icons8.com/doodle/48/lisa-simpson.png,sentence_count,37.0
Lisa,544,https://img.icons8.com/doodle/48/lisa-simpson.png,sentence_count,5.0
Lisa,545,https://img.icons8.com/doodle/48/lisa-simpson.png,sentence_count,37.0
Lisa,546,https://img.icons8.com/doodle/48/lisa-simpson.png,sentence_count,29.0
Lisa,547,https://img.icons8.com/doodle/48/lisa-simpson.png,sentence_count,30.0
Lisa,548,https://img.icons8.com/doodle/48/lisa-simpson.png,sentence_count,23.0
Lisa,549,https://img.icons8.com/doodle/48/lisa-simpson.png,sentence_count,3.0
Lisa,551,https://img.icons8.com/doodle/48/lisa-simpson.png,sentence_count,29.0
Lisa,552,https://img.icons8.com/doodle/48/lisa-simpson.png,sentence_count,19.0
Lisa,553,https://img.icons8.com/doodle/48/lisa-simpson.png,sentence_count,12.0
Lisa,554,https://img.icons8.com/doodle/48/lisa-simpson.png,sentence_count,6.0
Lisa,555,https://img.icons8.com/doodle/48/lisa-simpson.png,sentence_count,11.0
Lisa,556,https://img.icons8.com/doodle/48/lisa-simpson.png,sentence_count,19.0
Lisa,557,https://img.icons8.com/doodle/48/lisa-simpson.png,sentence_count,16.0
Lisa,558,https://img.icons8.com/doodle/48/lisa-simpson.png,sentence_count,18.0
Lisa,559,https://img.icons8.com/doodle/48/lisa-simpson.png,sentence_count,13.0
Lisa,560,https://img.icons8.com/doodle/48/lisa-simpson.png,sentence_count,8.0
Lisa,561,https://img.icons8.com/doodle/48/lisa-simpson.png,sentence_count,8.0
Lisa,562,https://img.icons8.com/doodle/48/lisa-simpson.png,sentence_count,36.0
Lisa,563,https://img.icons8.com/doodle/48/lisa-simpson.png,sentence_count,11.0
Lisa,564,https://img.icons8.com/doodle/48/lisa-simpson.png,sentence_count,20.0
Lisa,565,https://img.icons8.com/doodle/48/lisa-simpson.png,sentence_count,26.0
Lisa,566,https://img.icons8.com/doodle/48/lisa-simpson.png,sentence_count,1.0
Lisa,567,https://img.icons8.com/doodle/48/lisa-simpson.png,sentence_count,6.0
Lisa,568,https://img.icons8.com/doodle/48/lisa-simpson.png,sentence_count,8.0
Marge,1,https://img.icons8.com/doodle/48/marge-simpson.png,sentence_count,42.0
Marge,2,https://img.icons8.com/doodle/48/marge-simpson.png,sentence_count,23.0
Marge,3,https://img.icons8.com/doodle/48/marge-simpson.png,sentence_count,13.0
Marge,4,https://img.icons8.com/doodle/48/marge-simpson.png,sentence_count,40.0
Marge,5,https://img.icons8.com/doodle/48/marge-simpson.png,sentence_count,16.0
Marge,6,https://img.icons8.com/doodle/48/marge-simpson.png,sentence_count,28.0
Marge,7,https://img.icons8.com/doodle/48/marge-simpson.png,sentence_count,24.0
Marge,8,https://img.icons8.com/doodle/48/marge-simpson.png,sentence_count,26.0
Marge,9,https://img.icons8.com/doodle/48/marge-simpson.png,sentence_count,94.0
Marge,10,https://img.icons8.com/doodle/48/marge-simpson.png,sentence_count,33.0
Marge,11,https://img.icons8.com/doodle/48/marge-simpson.png,sentence_count,39.0
Marge,12,https://img.icons8.com/doodle/48/marge-simpson.png,sentence_count,11.0
Marge,13,https://img.icons8.com/doodle/48/marge-simpson.png,sentence_count,46.0
Marge,14,https://img.icons8.com/doodle/48/marge-simpson.png,sentence_count,15.0
Marge,15,https://img.icons8.com/doodle/48/marge-simpson.png,sentence_count,19.0
Marge,16,https://img.icons8.com/doodle/48/marge-simpson.png,sentence_count,33.0
Marge,17,https://img.icons8.com/doodle/48/marge-simpson.png,sentence_count,20.0
Marge,18,https://img.icons8.com/doodle/48/marge-simpson.png,sentence_count,21.0
Marge,19,https://img.icons8.com/doodle/48/marge-simpson.png,sentence_count,25.0
Marge,20,https://img.icons8.com/doodle/48/marge-simpson.png,sentence_count,35.0
Marge,21,https://img.icons8.com/doodle/48/marge-simpson.png,sentence_count,19.0
Marge,22,https://img.icons8.com/doodle/48/marge-simpson.png,sentence_count,81.0
Marge,23,https://img.icons8.com/doodle/48/marge-simpson.png,sentence_count,41.0
Marge,24,https://img.icons8.com/doodle/48/marge-simpson.png,sentence_count,26.0
Marge,25,https://img.icons8.com/doodle/48/marge-simpson.png,sentence_count,66.0
Marge,26,https://img.icons8.com/doodle/48/marge-simpson.png,sentence_count,24.0
Marge,27,https://img.icons8.com/doodle/48/marge-simpson.png,sentence_count,21.0
Marge,28,https://img.icons8.com/doodle/48/marge-simpson.png,sentence_count,20.0
Marge,29,https://img.icons8.com/doodle/48/marge-simpson.png,sentence_count,38.0
Marge,30,https://img.icons8.com/doodle/48/marge-simpson.png,sentence_count,9.0
Marge,31,https://img.icons8.com/doodle/48/marge-simpson.png,sentence_count,47.0
Marge,32,https://img.icons8.com/doodle/48/marge-simpson.png,sentence_count,20.0
Marge,33,https://img.icons8.com/doodle/48/marge-simpson.png,sentence_count,47.0
Marge,34,https://img.icons8.com/doodle/48/marge-simpson.png,sentence_count,18.0
Marge,35,https://img.icons8.com/doodle/48/marge-simpson.png,sentence_count,31.0
Marge,36,https://img.icons8.com/doodle/48/marge-simpson.png,sentence_count,15.0
Marge,37,https://img.icons8.com/doodle/48/marge-simpson.png,sentence_count,21.0
Marge,38,https://img.icons8.com/doodle/48/marge-simpson.png,sentence_count,13.0
Marge,39,https://img.icons8.com/doodle/48/marge-simpson.png,sentence_count,10.0
Marge,40,https://img.icons8.com/doodle/48/marge-simpson.png,sentence_count,16.0
Marge,41,https://img.icons8.com/doodle/48/marge-simpson.png,sentence_count,12.0
Marge,42,https://img.icons8.com/doodle/48/marge-simpson.png,sentence_count,20.0
Marge,43,https://img.icons8.com/doodle/48/marge-simpson.png,sentence_count,37.0
Marge,44,https://img.icons8.com/doodle/48/marge-simpson.png,sentence_count,24.0
Marge,45,https://img.icons8.com/doodle/48/marge-simpson.png,sentence_count,8.0
Marge,46,https://img.icons8.com/doodle/48/marge-simpson.png,sentence_count,18.0
Marge,47,https://img.icons8.com/doodle/48/marge-simpson.png,sentence_count,67.0
Marge,48,https://img.icons8.com/doodle/48/marge-simpson.png,sentence_count,20.0
Marge,49,https://img.icons8.com/doodle/48/marge-simpson.png,sentence_count,31.0
Marge,50,https://img.icons8.com/doodle/48/marge-simpson.png,sentence_count,42.0
Marge,51,https://img.icons8.com/doodle/48/marge-simpson.png,sentence_count,29.0
Marge,52,https://img.icons8.com/doodle/48/marge-simpson.png,sentence_count,12.0
Marge,53,https://img.icons8.com/doodle/48/marge-simpson.png,sentence_count,22.0
Marge,54,https://img.icons8.com/doodle/48/marge-simpson.png,sentence_count,32.0
Marge,55,https://img.icons8.com/doodle/48/marge-simpson.png,sentence_count,39.0
Marge,56,https://img.icons8.com/doodle/48/marge-simpson.png,sentence_count,17.0
Marge,57,https://img.icons8.com/doodle/48/marge-simpson.png,sentence_count,22.0
Marge,58,https://img.icons8.com/doodle/48/marge-simpson.png,sentence_count,15.0
Marge,59,https://img.icons8.com/doodle/48/marge-simpson.png,sentence_count,19.0
Marge,60,https://img.icons8.com/doodle/48/marge-simpson.png,sentence_count,14.0
Marge,61,https://img.icons8.com/doodle/48/marge-simpson.png,sentence_count,59.0
Marge,62,https://img.icons8.com/doodle/48/marge-simpson.png,sentence_count,22.0
Marge,63,https://img.icons8.com/doodle/48/marge-simpson.png,sentence_count,14.0
Marge,64,https://img.icons8.com/doodle/48/marge-simpson.png,sentence_count,23.0
Marge,65,https://img.icons8.com/doodle/48/marge-simpson.png,sentence_count,33.0
Marge,66,https://img.icons8.com/doodle/48/marge-simpson.png,sentence_count,43.0
Marge,67,https://img.icons8.com/doodle/48/marge-simpson.png,sentence_count,24.0
Marge,68,https://img.icons8.com/doodle/48/marge-simpson.png,sentence_count,10.0
Marge,69,https://img.icons8.com/doodle/48/marge-simpson.png,sentence_count,43.0
Marge,70,https://img.icons8.com/doodle/48/marge-simpson.png,sentence_count,23.0
Marge,71,https://img.icons8.com/doodle/48/marge-simpson.png,sentence_count,30.0
Marge,72,https://img.icons8.com/doodle/48/marge-simpson.png,sentence_count,32.0
Marge,73,https://img.icons8.com/doodle/48/marge-simpson.png,sentence_count,13.0
Marge,74,https://img.icons8.com/doodle/48/marge-simpson.png,sentence_count,4.0
Marge,75,https://img.icons8.com/doodle/48/marge-simpson.png,sentence_count,27.0
Marge,76,https://img.icons8.com/doodle/48/marge-simpson.png,sentence_count,18.0
Marge,77,https://img.icons8.com/doodle/48/marge-simpson.png,sentence_count,18.0
Marge,78,https://img.icons8.com/doodle/48/marge-simpson.png,sentence_count,15.0
Marge,79,https://img.icons8.com/doodle/48/marge-simpson.png,sentence_count,14.0
Marge,80,https://img.icons8.com/doodle/48/marge-simpson.png,sentence_count,30.0
Marge,82,https://img.icons8.com/doodle/48/marge-simpson.png,sentence_count,6.0
Marge,83,https://img.icons8.com/doodle/48/marge-simpson.png,sentence_count,17.0
Marge,84,https://img.icons8.com/doodle/48/marge-simpson.png,sentence_count,14.0
Marge,85,https://img.icons8.com/doodle/48/marge-simpson.png,sentence_count,16.0
Marge,86,https://img.icons8.com/doodle/48/marge-simpson.png,sentence_count,18.0
Marge,87,https://img.icons8.com/doodle/48/marge-simpson.png,sentence_count,59.0
Marge,88,https://img.icons8.com/doodle/48/marge-simpson.png,sentence_count,27.0
Marge,89,https://img.icons8.com/doodle/48/marge-simpson.png,sentence_count,7.0
Marge,90,https://img.icons8.com/doodle/48/marge-simpson.png,sentence_count,6.0
Marge,91,https://img.icons8.com/doodle/48/marge-simpson.png,sentence_count,30.0
Marge,92,https://img.icons8.com/doodle/48/marge-simpson.png,sentence_count,10.0
Marge,93,https://img.icons8.com/doodle/48/marge-simpson.png,sentence_count,10.0
Marge,94,https://img.icons8.com/doodle/48/marge-simpson.png,sentence_count,15.0
Marge,95,https://img.icons8.com/doodle/48/marge-simpson.png,sentence_count,6.0
Marge,96,https://img.icons8.com/doodle/48/marge-simpson.png,sentence_count,13.0
Marge,97,https://img.icons8.com/doodle/48/marge-simpson.png,sentence_count,12.0
Marge,98,https://img.icons8.com/doodle/48/marge-simpson.png,sentence_count,26.0
Marge,99,https://img.icons8.com/doodle/48/marge-simpson.png,sentence_count,21.0
Marge,100,https://img.icons8.com/doodle/48/marge-simpson.png,sentence_count,6.0
Marge,101,https://img.icons8.com/doodle/48/marge-simpson.png,sentence_count,8.0
Marge,102,https://img.icons8.com/doodle/48/marge-simpson.png,sentence_count,24.0
Marge,103,https://img.icons8.com/doodle/48/marge-simpson.png,sentence_count,34.0
Marge,104,https://img.icons8.com/doodle/48/marge-simpson.png,sentence_count,9.0
Marge,105,https://img.icons8.com/doodle/48/marge-simpson.png,sentence_count,21.0
Marge,106,https://img.icons8.com/doodle/48/marge-simpson.png,sentence_count,71.0
Marge,107,https://img.icons8.com/doodle/48/marge-simpson.png,sentence_count,41.0
Marge,108,https://img.icons8.com/doodle/48/marge-simpson.png,sentence_count,3.0
Marge,109,https://img.icons8.com/doodle/48/marge-simpson.png,sentence_count,23.0
Marge,110,https://img.icons8.com/doodle/48/marge-simpson.png,sentence_count,15.0
Marge,111,https://img.icons8.com/doodle/48/marge-simpson.png,sentence_count,23.0
Marge,112,https://img.icons8.com/doodle/48/marge-simpson.png,sentence_count,22.0
Marge,113,https://img.icons8.com/doodle/48/marge-simpson.png,sentence_count,27.0
Marge,114,https://img.icons8.com/doodle/48/marge-simpson.png,sentence_count,49.0
Marge,115,https://img.icons8.com/doodle/48/marge-simpson.png,sentence_count,15.0
Marge,116,https://img.icons8.com/doodle/48/marge-simpson.png,sentence_count,34.0
Marge,117,https://img.icons8.com/doodle/48/marge-simpson.png,sentence_count,13.0
Marge,118,https://img.icons8.com/doodle/48/marge-simpson.png,sentence_count,4.0
Marge,119,https://img.icons8.com/doodle/48/marge-simpson.png,sentence_count,23.0
Marge,120,https://img.icons8.com/doodle/48/marge-simpson.png,sentence_count,23.0
Marge,121,https://img.icons8.com/doodle/48/marge-simpson.png,sentence_count,32.0
Marge,122,https://img.icons8.com/doodle/48/marge-simpson.png,sentence_count,14.0
Marge,123,https://img.icons8.com/doodle/48/marge-simpson.png,sentence_count,33.0
Marge,124,https://img.icons8.com/doodle/48/marge-simpson.png,sentence_count,16.0
Marge,125,https://img.icons8.com/doodle/48/marge-simpson.png,sentence_count,12.0
Marge,126,https://img.icons8.com/doodle/48/marge-simpson.png,sentence_count,73.0
Marge,127,https://img.icons8.com/doodle/48/marge-simpson.png,sentence_count,15.0
Marge,128,https://img.icons8.com/doodle/48/marge-simpson.png,sentence_count,12.0
Marge,129,https://img.icons8.com/doodle/48/marge-simpson.png,sentence_count,11.0
Marge,130,https://img.icons8.com/doodle/48/marge-simpson.png,sentence_count,2.0
Marge,131,https://img.icons8.com/doodle/48/marge-simpson.png,sentence_count,42.0
Marge,132,https://img.icons8.com/doodle/48/marge-simpson.png,sentence_count,8.0
Marge,133,https://img.icons8.com/doodle/48/marge-simpson.png,sentence_count,17.0
Marge,134,https://img.icons8.com/doodle/48/marge-simpson.png,sentence_count,18.0
Marge,135,https://img.icons8.com/doodle/48/marge-simpson.png,sentence_count,19.0
Marge,136,https://img.icons8.com/doodle/48/marge-simpson.png,sentence_count,18.0
Marge,137,https://img.icons8.com/doodle/48/marge-simpson.png,sentence_count,14.0
Marge,138,https://img.icons8.com/doodle/48/marge-simpson.png,sentence_count,20.0
Marge,139,https://img.icons8.com/doodle/48/marge-simpson.png,sentence_count,49.0
Marge,140,https://img.icons8.com/doodle/48/marge-simpson.png,sentence_count,15.0
Marge,141,https://img.icons8.com/doodle/48/marge-simpson.png,sentence_count,15.0
Marge,142,https://img.icons8.com/doodle/48/marge-simpson.png,sentence_count,61.0
Marge,143,https://img.icons8.com/doodle/48/marge-simpson.png,sentence_count,11.0
Marge,144,https://img.icons8.com/doodle/48/marge-simpson.png,sentence_count,4.0
Marge,145,https://img.icons8.com/doodle/48/marge-simpson.png,sentence_count,13.0
Marge,146,https://img.icons8.com/doodle/48/marge-simpson.png,sentence_count,11.0
Marge,147,https://img.icons8.com/doodle/48/marge-simpson.png,sentence_count,9.0
Marge,148,https://img.icons8.com/doodle/48/marge-simpson.png,sentence_count,17.0
Marge,149,https://img.icons8.com/doodle/48/marge-simpson.png,sentence_count,6.0
Marge,150,https://img.icons8.com/doodle/48/marge-simpson.png,sentence_count,4.0
Marge,151,https://img.icons8.com/doodle/48/marge-simpson.png,sentence_count,9.0
Marge,152,https://img.icons8.com/doodle/48/marge-simpson.png,sentence_count,15.0
Marge,153,https://img.icons8.com/doodle/48/marge-simpson.png,sentence_count,31.0
Marge,154,https://img.icons8.com/doodle/48/marge-simpson.png,sentence_count,12.0
Marge,155,https://img.icons8.com/doodle/48/marge-simpson.png,sentence_count,19.0
Marge,156,https://img.icons8.com/doodle/48/marge-simpson.png,sentence_count,20.0
Marge,157,https://img.icons8.com/doodle/48/marge-simpson.png,sentence_count,24.0
Marge,158,https://img.icons8.com/doodle/48/marge-simpson.png,sentence_count,34.0
Marge,159,https://img.icons8.com/doodle/48/marge-simpson.png,sentence_count,44.0
Marge,160,https://img.icons8.com/doodle/48/marge-simpson.png,sentence_count,6.0
Marge,161,https://img.icons8.com/doodle/48/marge-simpson.png,sentence_count,17.0
Marge,162,https://img.icons8.com/doodle/48/marge-simpson.png,sentence_count,31.0
Marge,163,https://img.icons8.com/doodle/48/marge-simpson.png,sentence_count,18.0
Marge,164,https://img.icons8.com/doodle/48/marge-simpson.png,sentence_count,51.0
Marge,165,https://img.icons8.com/doodle/48/marge-simpson.png,sentence_count,9.0
Marge,166,https://img.icons8.com/doodle/48/marge-simpson.png,sentence_count,33.0
Marge,167,https://img.icons8.com/doodle/48/marge-simpson.png,sentence_count,13.0
Marge,168,https://img.icons8.com/doodle/48/marge-simpson.png,sentence_count,31.0
Marge,169,https://img.icons8.com/doodle/48/marge-simpson.png,sentence_count,11.0
Marge,170,https://img.icons8.com/doodle/48/marge-simpson.png,sentence_count,18.0
Marge,171,https://img.icons8.com/doodle/48/marge-simpson.png,sentence_count,18.0
Marge,172,https://img.icons8.com/doodle/48/marge-simpson.png,sentence_count,3.0
Marge,173,https://img.icons8.com/doodle/48/marge-simpson.png,sentence_count,17.0
Marge,174,https://img.icons8.com/doodle/48/marge-simpson.png,sentence_count,12.0
Marge,175,https://img.icons8.com/doodle/48/marge-simpson.png,sentence_count,49.0
Marge,176,https://img.icons8.com/doodle/48/marge-simpson.png,sentence_count,14.0
Marge,177,https://img.icons8.com/doodle/48/marge-simpson.png,sentence_count,19.0
Marge,178,https://img.icons8.com/doodle/48/marge-simpson.png,sentence_count,13.0
Marge,179,https://img.icons8.com/doodle/48/marge-simpson.png,sentence_count,23.0
Marge,180,https://img.icons8.com/doodle/48/marge-simpson.png,sentence_count,16.0
Marge,181,https://img.icons8.com/doodle/48/marge-simpson.png,sentence_count,41.0
Marge,182,https://img.icons8.com/doodle/48/marge-simpson.png,sentence_count,26.0
Marge,183,https://img.icons8.com/doodle/48/marge-simpson.png,sentence_count,34.0
Marge,184,https://img.icons8.com/doodle/48/marge-simpson.png,sentence_count,22.0
Marge,185,https://img.icons8.com/doodle/48/marge-simpson.png,sentence_count,17.0
Marge,186,https://img.icons8.com/doodle/48/marge-simpson.png,sentence_count,14.0
Marge,187,https://img.icons8.com/doodle/48/marge-simpson.png,sentence_count,68.0
Marge,188,https://img.icons8.com/doodle/48/marge-simpson.png,sentence_count,41.0
Marge,189,https://img.icons8.com/doodle/48/marge-simpson.png,sentence_count,14.0
Marge,190,https://img.icons8.com/doodle/48/marge-simpson.png,sentence_count,44.0
Marge,191,https://img.icons8.com/doodle/48/marge-simpson.png,sentence_count,31.0
Marge,192,https://img.icons8.com/doodle/48/marge-simpson.png,sentence_count,12.0
Marge,193,https://img.icons8.com/doodle/48/marge-simpson.png,sentence_count,15.0
Marge,194,https://img.icons8.com/doodle/48/marge-simpson.png,sentence_count,8.0
Marge,195,https://img.icons8.com/doodle/48/marge-simpson.png,sentence_count,15.0
Marge,196,https://img.icons8.com/doodle/48/marge-simpson.png,sentence_count,25.0
Marge,197,https://img.icons8.com/doodle/48/marge-simpson.png,sentence_count,10.0
Marge,198,https://img.icons8.com/doodle/48/marge-simpson.png,sentence_count,6.0
Marge,199,https://img.icons8.com/doodle/48/marge-simpson.png,sentence_count,15.0
Marge,200,https://img.icons8.com/doodle/48/marge-simpson.png,sentence_count,23.0
Marge,201,https://img.icons8.com/doodle/48/marge-simpson.png,sentence_count,16.0
Marge,202,https://img.icons8.com/doodle/48/marge-simpson.png,sentence_count,18.0
Marge,203,https://img.icons8.com/doodle/48/marge-simpson.png,sentence_count,64.0
Marge,204,https://img.icons8.com/doodle/48/marge-simpson.png,sentence_count,12.0
Marge,205,https://img.icons8.com/doodle/48/marge-simpson.png,sentence_count,28.0
Marge,206,https://img.icons8.com/doodle/48/marge-simpson.png,sentence_count,51.0
Marge,207,https://img.icons8.com/doodle/48/marge-simpson.png,sentence_count,31.0
Marge,208,https://img.icons8.com/doodle/48/marge-simpson.png,sentence_count,16.0
Marge,209,https://img.icons8.com/doodle/48/marge-simpson.png,sentence_count,15.0
Marge,210,https://img.icons8.com/doodle/48/marge-simpson.png,sentence_count,31.0
Marge,211,https://img.icons8.com/doodle/48/marge-simpson.png,sentence_count,28.0
Marge,212,https://img.icons8.com/doodle/48/marge-simpson.png,sentence_count,12.0
Marge,213,https://img.icons8.com/doodle/48/marge-simpson.png,sentence_count,10.0
Marge,214,https://img.icons8.com/doodle/48/marge-simpson.png,sentence_count,20.0
Marge,215,https://img.icons8.com/doodle/48/marge-simpson.png,sentence_count,18.0
Marge,216,https://img.icons8.com/doodle/48/marge-simpson.png,sentence_count,38.0
Marge,217,https://img.icons8.com/doodle/48/marge-simpson.png,sentence_count,47.0
Marge,218,https://img.icons8.com/doodle/48/marge-simpson.png,sentence_count,50.0
Marge,219,https://img.icons8.com/doodle/48/marge-simpson.png,sentence_count,25.0
Marge,220,https://img.icons8.com/doodle/48/marge-simpson.png,sentence_count,42.0
Marge,221,https://img.icons8.com/doodle/48/marge-simpson.png,sentence_count,24.0
Marge,222,https://img.icons8.com/doodle/48/marge-simpson.png,sentence_count,36.0
Marge,223,https://img.icons8.com/doodle/48/marge-simpson.png,sentence_count,15.0
Marge,224,https://img.icons8.com/doodle/48/marge-simpson.png,sentence_count,18.0
Marge,225,https://img.icons8.com/doodle/48/marge-simpson.png,sentence_count,17.0
Marge,226,https://img.icons8.com/doodle/48/marge-simpson.png,sentence_count,31.0
Marge,227,https://img.icons8.com/doodle/48/marge-simpson.png,sentence_count,29.0
Marge,228,https://img.icons8.com/doodle/48/marge-simpson.png,sentence_count,43.0
Marge,229,https://img.icons8.com/doodle/48/marge-simpson.png,sentence_count,8.0
Marge,230,https://img.icons8.com/doodle/48/marge-simpson.png,sentence_count,23.0
Marge,231,https://img.icons8.com/doodle/48/marge-simpson.png,sentence_count,40.0
Marge,232,https://img.icons8.com/doodle/48/marge-simpson.png,sentence_count,15.0
Marge,233,https://img.icons8.com/doodle/48/marge-simpson.png,sentence_count,21.0
Marge,234,https://img.icons8.com/doodle/48/marge-simpson.png,sentence_count,41.0
Marge,235,https://img.icons8.com/doodle/48/marge-simpson.png,sentence_count,8.0
Marge,236,https://img.icons8.com/doodle/48/marge-simpson.png,sentence_count,37.0
Marge,237,https://img.icons8.com/doodle/48/marge-simpson.png,sentence_count,11.0
Marge,238,https://img.icons8.com/doodle/48/marge-simpson.png,sentence_count,25.0
Marge,239,https://img.icons8.com/doodle/48/marge-simpson.png,sentence_count,23.0
Marge,240,https://img.icons8.com/doodle/48/marge-simpson.png,sentence_count,14.0
Marge,241,https://img.icons8.com/doodle/48/marge-simpson.png,sentence_count,15.0
Marge,242,https://img.icons8.com/doodle/48/marge-simpson.png,sentence_count,9.0
Marge,243,https://img.icons8.com/doodle/48/marge-simpson.png,sentence_count,16.0
Marge,244,https://img.icons8.com/doodle/48/marge-simpson.png,sentence_count,16.0
Marge,245,https://img.icons8.com/doodle/48/marge-simpson.png,sentence_count,41.0
Marge,246,https://img.icons8.com/doodle/48/marge-simpson.png,sentence_count,29.0
Marge,247,https://img.icons8.com/doodle/48/marge-simpson.png,sentence_count,66.0
Marge,248,https://img.icons8.com/doodle/48/marge-simpson.png,sentence_count,25.0
Marge,249,https://img.icons8.com/doodle/48/marge-simpson.png,sentence_count,19.0
Marge,250,https://img.icons8.com/doodle/48/marge-simpson.png,sentence_count,14.0
Marge,251,https://img.icons8.com/doodle/48/marge-simpson.png,sentence_count,14.0
Marge,252,https://img.icons8.com/doodle/48/marge-simpson.png,sentence_count,16.0
Marge,253,https://img.icons8.com/doodle/48/marge-simpson.png,sentence_count,11.0
Marge,254,https://img.icons8.com/doodle/48/marge-simpson.png,sentence_count,12.0
Marge,255,https://img.icons8.com/doodle/48/marge-simpson.png,sentence_count,34.0
Marge,256,https://img.icons8.com/doodle/48/marge-simpson.png,sentence_count,10.0
Marge,257,https://img.icons8.com/doodle/48/marge-simpson.png,sentence_count,10.0
Marge,258,https://img.icons8.com/doodle/48/marge-simpson.png,sentence_count,69.0
Marge,259,https://img.icons8.com/doodle/48/marge-simpson.png,sentence_count,7.0
Marge,260,https://img.icons8.com/doodle/48/marge-simpson.png,sentence_count,44.0
Marge,261,https://img.icons8.com/doodle/48/marge-simpson.png,sentence_count,5.0
Marge,262,https://img.icons8.com/doodle/48/marge-simpson.png,sentence_count,11.0
Marge,263,https://img.icons8.com/doodle/48/marge-simpson.png,sentence_count,18.0
Marge,264,https://img.icons8.com/doodle/48/marge-simpson.png,sentence_count,32.0
Marge,265,https://img.icons8.com/doodle/48/marge-simpson.png,sentence_count,33.0
Marge,266,https://img.icons8.com/doodle/48/marge-simpson.png,sentence_count,38.0
Marge,267,https://img.icons8.com/doodle/48/marge-simpson.png,sentence_count,11.0
Marge,268,https://img.icons8.com/doodle/48/marge-simpson.png,sentence_count,10.0
Marge,269,https://img.icons8.com/doodle/48/marge-simpson.png,sentence_count,17.0
Marge,270,https://img.icons8.com/doodle/48/marge-simpson.png,sentence_count,39.0
Marge,271,https://img.icons8.com/doodle/48/marge-simpson.png,sentence_count,39.0
Marge,272,https://img.icons8.com/doodle/48/marge-simpson.png,sentence_count,7.0
Marge,273,https://img.icons8.com/doodle/48/marge-simpson.png,sentence_count,12.0
Marge,274,https://img.icons8.com/doodle/48/marge-simpson.png,sentence_count,45.0
Marge,275,https://img.icons8.com/doodle/48/marge-simpson.png,sentence_count,43.0
Marge,276,https://img.icons8.com/doodle/48/marge-simpson.png,sentence_count,26.0
Marge,277,https://img.icons8.com/doodle/48/marge-simpson.png,sentence_count,44.0
Marge,278,https://img.icons8.com/doodle/48/marge-simpson.png,sentence_count,44.0
Marge,279,https://img.icons8.com/doodle/48/marge-simpson.png,sentence_count,54.0
Marge,280,https://img.icons8.com/doodle/48/marge-simpson.png,sentence_count,12.0
Marge,281,https://img.icons8.com/doodle/48/marge-simpson.png,sentence_count,17.0
Marge,282,https://img.icons8.com/doodle/48/marge-simpson.png,sentence_count,22.0
Marge,283,https://img.icons8.com/doodle/48/marge-simpson.png,sentence_count,22.0
Marge,284,https://img.icons8.com/doodle/48/marge-simpson.png,sentence_count,33.0
Marge,285,https://img.icons8.com/doodle/48/marge-simpson.png,sentence_count,28.0
Marge,286,https://img.icons8.com/doodle/48/marge-simpson.png,sentence_count,4.0
Marge,287,https://img.icons8.com/doodle/48/marge-simpson.png,sentence_count,11.0
Marge,288,https://img.icons8.com/doodle/48/marge-simpson.png,sentence_count,26.0
Marge,289,https://img.icons8.com/doodle/48/marge-simpson.png,sentence_count,12.0
Marge,290,https://img.icons8.com/doodle/48/marge-simpson.png,sentence_count,32.0
Marge,291,https://img.icons8.com/doodle/48/marge-simpson.png,sentence_count,25.0
Marge,292,https://img.icons8.com/doodle/48/marge-simpson.png,sentence_count,26.0
Marge,293,https://img.icons8.com/doodle/48/marge-simpson.png,sentence_count,23.0
Marge,294,https://img.icons8.com/doodle/48/marge-simpson.png,sentence_count,13.0
Marge,295,https://img.icons8.com/doodle/48/marge-simpson.png,sentence_count,48.0
Marge,296,https://img.icons8.com/doodle/48/marge-simpson.png,sentence_count,37.0
Marge,297,https://img.icons8.com/doodle/48/marge-simpson.png,sentence_count,22.0
Marge,298,https://img.icons8.com/doodle/48/marge-simpson.png,sentence_count,7.0
Marge,299,https://img.icons8.com/doodle/48/marge-simpson.png,sentence_count,8.0
Marge,300,https://img.icons8.com/doodle/48/marge-simpson.png,sentence_count,70.0
Marge,301,https://img.icons8.com/doodle/48/marge-simpson.png,sentence_count,20.0
Marge,302,https://img.icons8.com/doodle/48/marge-simpson.png,sentence_count,25.0
Marge,303,https://img.icons8.com/doodle/48/marge-simpson.png,sentence_count,18.0
Marge,304,https://img.icons8.com/doodle/48/marge-simpson.png,sentence_count,12.0
Marge,305,https://img.icons8.com/doodle/48/marge-simpson.png,sentence_count,28.0
Marge,306,https://img.icons8.com/doodle/48/marge-simpson.png,sentence_count,14.0
Marge,307,https://img.icons8.com/doodle/48/marge-simpson.png,sentence_count,3.0
Marge,308,https://img.icons8.com/doodle/48/marge-simpson.png,sentence_count,47.0
Marge,309,https://img.icons8.com/doodle/48/marge-simpson.png,sentence_count,22.0
Marge,310,https://img.icons8.com/doodle/48/marge-simpson.png,sentence_count,15.0
Marge,311,https://img.icons8.com/doodle/48/marge-simpson.png,sentence_count,45.0
Marge,312,https://img.icons8.com/doodle/48/marge-simpson.png,sentence_count,25.0
Marge,313,https://img.icons8.com/doodle/48/marge-simpson.png,sentence_count,28.0
Marge,314,https://img.icons8.com/doodle/48/marge-simpson.png,sentence_count,10.0
Marge,315,https://img.icons8.com/doodle/48/marge-simpson.png,sentence_count,14.0
Marge,316,https://img.icons8.com/doodle/48/marge-simpson.png,sentence_count,15.0
Marge,317,https://img.icons8.com/doodle/48/marge-simpson.png,sentence_count,24.0
Marge,318,https://img.icons8.com/doodle/48/marge-simpson.png,sentence_count,18.0
Marge,319,https://img.icons8.com/doodle/48/marge-simpson.png,sentence_count,13.0
Marge,320,https://img.icons8.com/doodle/48/marge-simpson.png,sentence_count,18.0
Marge,321,https://img.icons8.com/doodle/48/marge-simpson.png,sentence_count,49.0
Marge,322,https://img.icons8.com/doodle/48/marge-simpson.png,sentence_count,11.0
Marge,323,https://img.icons8.com/doodle/48/marge-simpson.png,sentence_count,54.0
Marge,324,https://img.icons8.com/doodle/48/marge-simpson.png,sentence_count,17.0
Marge,325,https://img.icons8.com/doodle/48/marge-simpson.png,sentence_count,24.0
Marge,326,https://img.icons8.com/doodle/48/marge-simpson.png,sentence_count,32.0
Marge,327,https://img.icons8.com/doodle/48/marge-simpson.png,sentence_count,27.0
Marge,328,https://img.icons8.com/doodle/48/marge-simpson.png,sentence_count,50.0
Marge,329,https://img.icons8.com/doodle/48/marge-simpson.png,sentence_count,13.0
Marge,330,https://img.icons8.com/doodle/48/marge-simpson.png,sentence_count,30.0
Marge,331,https://img.icons8.com/doodle/48/marge-simpson.png,sentence_count,50.0
Marge,332,https://img.icons8.com/doodle/48/marge-simpson.png,sentence_count,19.0
Marge,333,https://img.icons8.com/doodle/48/marge-simpson.png,sentence_count,54.0
Marge,334,https://img.icons8.com/doodle/48/marge-simpson.png,sentence_count,30.0
Marge,335,https://img.icons8.com/doodle/48/marge-simpson.png,sentence_count,5.0
Marge,336,https://img.icons8.com/doodle/48/marge-simpson.png,sentence_count,15.0
Marge,337,https://img.icons8.com/doodle/48/marge-simpson.png,sentence_count,60.0
Marge,338,https://img.icons8.com/doodle/48/marge-simpson.png,sentence_count,49.0
Marge,339,https://img.icons8.com/doodle/48/marge-simpson.png,sentence_count,54.0
Marge,340,https://img.icons8.com/doodle/48/marge-simpson.png,sentence_count,11.0
Marge,341,https://img.icons8.com/doodle/48/marge-simpson.png,sentence_count,7.0
Marge,342,https://img.icons8.com/doodle/48/marge-simpson.png,sentence_count,53.0
Marge,343,https://img.icons8.com/doodle/48/marge-simpson.png,sentence_count,18.0
Marge,344,https://img.icons8.com/doodle/48/marge-simpson.png,sentence_count,15.0
Marge,345,https://img.icons8.com/doodle/48/marge-simpson.png,sentence_count,30.0
Marge,346,https://img.icons8.com/doodle/48/marge-simpson.png,sentence_count,10.0
Marge,347,https://img.icons8.com/doodle/48/marge-simpson.png,sentence_count,17.0
Marge,348,https://img.icons8.com/doodle/48/marge-simpson.png,sentence_count,61.0
Marge,349,https://img.icons8.com/doodle/48/marge-simpson.png,sentence_count,22.0
Marge,350,https://img.icons8.com/doodle/48/marge-simpson.png,sentence_count,12.0
Marge,351,https://img.icons8.com/doodle/48/marge-simpson.png,sentence_count,45.0
Marge,352,https://img.icons8.com/doodle/48/marge-simpson.png,sentence_count,21.0
Marge,353,https://img.icons8.com/doodle/48/marge-simpson.png,sentence_count,10.0
Marge,354,https://img.icons8.com/doodle/48/marge-simpson.png,sentence_count,24.0
Marge,355,https://img.icons8.com/doodle/48/marge-simpson.png,sentence_count,15.0
Marge,356,https://img.icons8.com/doodle/48/marge-simpson.png,sentence_count,31.0
Marge,357,https://img.icons8.com/doodle/48/marge-simpson.png,sentence_count,46.0
Marge,358,https://img.icons8.com/doodle/48/marge-simpson.png,sentence_count,31.0
Marge,359,https://img.icons8.com/doodle/48/marge-simpson.png,sentence_count,43.0
Marge,360,https://img.icons8.com/doodle/48/marge-simpson.png,sentence_count,20.0
Marge,361,https://img.icons8.com/doodle/48/marge-simpson.png,sentence_count,60.0
Marge,362,https://img.icons8.com/doodle/48/marge-simpson.png,sentence_count,13.0
Marge,363,https://img.icons8.com/doodle/48/marge-simpson.png,sentence_count,32.0
Marge,364,https://img.icons8.com/doodle/48/marge-simpson.png,sentence_count,20.0
Marge,365,https://img.icons8.com/doodle/48/marge-simpson.png,sentence_count,7.0
Marge,366,https://img.icons8.com/doodle/48/marge-simpson.png,sentence_count,23.0
Marge,367,https://img.icons8.com/doodle/48/marge-simpson.png,sentence_count,18.0
Marge,368,https://img.icons8.com/doodle/48/marge-simpson.png,sentence_count,14.0
Marge,369,https://img.icons8.com/doodle/48/marge-simpson.png,sentence_count,16.0
Marge,370,https://img.icons8.com/doodle/48/marge-simpson.png,sentence_count,39.0
Marge,371,https://img.icons8.com/doodle/48/marge-simpson.png,sentence_count,47.0
Marge,372,https://img.icons8.com/doodle/48/marge-simpson.png,sentence_count,12.0
Marge,373,https://img.icons8.com/doodle/48/marge-simpson.png,sentence_count,8.0
Marge,374,https://img.icons8.com/doodle/48/marge-simpson.png,sentence_count,30.0
Marge,375,https://img.icons8.com/doodle/48/marge-simpson.png,sentence_count,15.0
Marge,376,https://img.icons8.com/doodle/48/marge-simpson.png,sentence_count,76.0
Marge,377,https://img.icons8.com/doodle/48/marge-simpson.png,sentence_count,18.0
Marge,378,https://img.icons8.com/doodle/48/marge-simpson.png,sentence_count,38.0
Marge,379,https://img.icons8.com/doodle/48/marge-simpson.png,sentence_count,18.0
Marge,380,https://img.icons8.com/doodle/48/marge-simpson.png,sentence_count,21.0
Marge,381,https://img.icons8.com/doodle/48/marge-simpson.png,sentence_count,39.0
Marge,382,https://img.icons8.com/doodle/48/marge-simpson.png,sentence_count,9.0
Marge,383,https://img.icons8.com/doodle/48/marge-simpson.png,sentence_count,14.0
Marge,384,https://img.icons8.com/doodle/48/marge-simpson.png,sentence_count,12.0
Marge,385,https://img.icons8.com/doodle/48/marge-simpson.png,sentence_count,31.0
Marge,386,https://img.icons8.com/doodle/48/marge-simpson.png,sentence_count,13.0
Marge,387,https://img.icons8.com/doodle/48/marge-simpson.png,sentence_count,47.0
Marge,388,https://img.icons8.com/doodle/48/marge-simpson.png,sentence_count,25.0
Marge,389,https://img.icons8.com/doodle/48/marge-simpson.png,sentence_count,21.0
Marge,390,https://img.icons8.com/doodle/48/marge-simpson.png,sentence_count,12.0
Marge,391,https://img.icons8.com/doodle/48/marge-simpson.png,sentence_count,16.0
Marge,392,https://img.icons8.com/doodle/48/marge-simpson.png,sentence_count,8.0
Marge,393,https://img.icons8.com/doodle/48/marge-simpson.png,sentence_count,15.0
Marge,394,https://img.icons8.com/doodle/48/marge-simpson.png,sentence_count,21.0
Marge,395,https://img.icons8.com/doodle/48/marge-simpson.png,sentence_count,58.0
Marge,396,https://img.icons8.com/doodle/48/marge-simpson.png,sentence_count,33.0
Marge,397,https://img.icons8.com/doodle/48/marge-simpson.png,sentence_count,25.0
Marge,398,https://img.icons8.com/doodle/48/marge-simpson.png,sentence_count,19.0
Marge,399,https://img.icons8.com/doodle/48/marge-simpson.png,sentence_count,18.0
Marge,400,https://img.icons8.com/doodle/48/marge-simpson.png,sentence_count,27.0
Marge,401,https://img.icons8.com/doodle/48/marge-simpson.png,sentence_count,19.0
Marge,402,https://img.icons8.com/doodle/48/marge-simpson.png,sentence_count,34.0
Marge,403,https://img.icons8.com/doodle/48/marge-simpson.png,sentence_count,32.0
Marge,404,https://img.icons8.com/doodle/48/marge-simpson.png,sentence_count,46.0
Marge,405,https://img.icons8.com/doodle/48/marge-simpson.png,sentence_count,24.0
Marge,406,https://img.icons8.com/doodle/48/marge-simpson.png,sentence_count,19.0
Marge,407,https://img.icons8.com/doodle/48/marge-simpson.png,sentence_count,33.0
Marge,408,https://img.icons8.com/doodle/48/marge-simpson.png,sentence_count,21.0
Marge,409,https://img.icons8.com/doodle/48/marge-simpson.png,sentence_count,20.0
Marge,410,https://img.icons8.com/doodle/48/marge-simpson.png,sentence_count,10.0
Marge,411,https://img.icons8.com/doodle/48/marge-simpson.png,sentence_count,64.0
Marge,412,https://img.icons8.com/doodle/48/marge-simpson.png,sentence_count,6.0
Marge,413,https://img.icons8.com/doodle/48/marge-simpson.png,sentence_count,6.0
Marge,414,https://img.icons8.com/doodle/48/marge-simpson.png,sentence_count,23.0
Marge,415,https://img.icons8.com/doodle/48/marge-simpson.png,sentence_count,23.0
Marge,416,https://img.icons8.com/doodle/48/marge-simpson.png,sentence_count,27.0
Marge,417,https://img.icons8.com/doodle/48/marge-simpson.png,sentence_count,15.0
Marge,418,https://img.icons8.com/doodle/48/marge-simpson.png,sentence_count,16.0
Marge,419,https://img.icons8.com/doodle/48/marge-simpson.png,sentence_count,20.0
Marge,420,https://img.icons8.com/doodle/48/marge-simpson.png,sentence_count,4.0
Marge,421,https://img.icons8.com/doodle/48/marge-simpson.png,sentence_count,25.0
Marge,422,https://img.icons8.com/doodle/48/marge-simpson.png,sentence_count,35.0
Marge,423,https://img.icons8.com/doodle/48/marge-simpson.png,sentence_count,21.0
Marge,425,https://img.icons8.com/doodle/48/marge-simpson.png,sentence_count,43.0
Marge,426,https://img.icons8.com/doodle/48/marge-simpson.png,sentence_count,11.0
Marge,427,https://img.icons8.com/doodle/48/marge-simpson.png,sentence_count,9.0
Marge,428,https://img.icons8.com/doodle/48/marge-simpson.png,sentence_count,11.0
Marge,429,https://img.icons8.com/doodle/48/marge-simpson.png,sentence_count,29.0
Marge,430,https://img.icons8.com/doodle/48/marge-simpson.png,sentence_count,17.0
Marge,431,https://img.icons8.com/doodle/48/marge-simpson.png,sentence_count,11.0
Marge,432,https://img.icons8.com/doodle/48/marge-simpson.png,sentence_count,26.0
Marge,433,https://img.icons8.com/doodle/48/marge-simpson.png,sentence_count,22.0
Marge,434,https://img.icons8.com/doodle/48/marge-simpson.png,sentence_count,15.0
Marge,435,https://img.icons8.com/doodle/48/marge-simpson.png,sentence_count,44.0
Marge,436,https://img.icons8.com/doodle/48/marge-simpson.png,sentence_count,16.0
Marge,437,https://img.icons8.com/doodle/48/marge-simpson.png,sentence_count,5.0
Marge,438,https://img.icons8.com/doodle/48/marge-simpson.png,sentence_count,20.0
Marge,439,https://img.icons8.com/doodle/48/marge-simpson.png,sentence_count,39.0
Marge,440,https://img.icons8.com/doodle/48/marge-simpson.png,sentence_count,44.0
Marge,442,https://img.icons8.com/doodle/48/marge-simpson.png,sentence_count,8.0
Marge,443,https://img.icons8.com/doodle/48/marge-simpson.png,sentence_count,1.0
Marge,444,https://img.icons8.com/doodle/48/marge-simpson.png,sentence_count,46.0
Marge,445,https://img.icons8.com/doodle/48/marge-simpson.png,sentence_count,26.0
Marge,446,https://img.icons8.com/doodle/48/marge-simpson.png,sentence_count,44.0
Marge,448,https://img.icons8.com/doodle/48/marge-simpson.png,sentence_count,4.0
Marge,449,https://img.icons8.com/doodle/48/marge-simpson.png,sentence_count,21.0
Marge,450,https://img.icons8.com/doodle/48/marge-simpson.png,sentence_count,7.0
Marge,451,https://img.icons8.com/doodle/48/marge-simpson.png,sentence_count,5.0
Marge,452,https://img.icons8.com/doodle/48/marge-simpson.png,sentence_count,34.0
Marge,453,https://img.icons8.com/doodle/48/marge-simpson.png,sentence_count,34.0
Marge,454,https://img.icons8.com/doodle/48/marge-simpson.png,sentence_count,18.0
Marge,455,https://img.icons8.com/doodle/48/marge-simpson.png,sentence_count,36.0
Marge,456,https://img.icons8.com/doodle/48/marge-simpson.png,sentence_count,7.0
Marge,457,https://img.icons8.com/doodle/48/marge-simpson.png,sentence_count,18.0
Marge,458,https://img.icons8.com/doodle/48/marge-simpson.png,sentence_count,10.0
Marge,459,https://img.icons8.com/doodle/48/marge-simpson.png,sentence_count,16.0
Marge,460,https://img.icons8.com/doodle/48/marge-simpson.png,sentence_count,11.0
Marge,461,https://img.icons8.com/doodle/48/marge-simpson.png,sentence_count,12.0
Marge,462,https://img.icons8.com/doodle/48/marge-simpson.png,sentence_count,15.0
Marge,463,https://img.icons8.com/doodle/48/marge-simpson.png,sentence_count,29.0
Marge,464,https://img.icons8.com/doodle/48/marge-simpson.png,sentence_count,24.0
Marge,465,https://img.icons8.com/doodle/48/marge-simpson.png,sentence_count,15.0
Marge,466,https://img.icons8.com/doodle/48/marge-simpson.png,sentence_count,25.0
Marge,467,https://img.icons8.com/doodle/48/marge-simpson.png,sentence_count,14.0
Marge,468,https://img.icons8.com/doodle/48/marge-simpson.png,sentence_count,34.0
Marge,469,https://img.icons8.com/doodle/48/marge-simpson.png,sentence_count,42.0
Marge,470,https://img.icons8.com/doodle/48/marge-simpson.png,sentence_count,14.0
Marge,471,https://img.icons8.com/doodle/48/marge-simpson.png,sentence_count,22.0
Marge,472,https://img.icons8.com/doodle/48/marge-simpson.png,sentence_count,23.0
Marge,473,https://img.icons8.com/doodle/48/marge-simpson.png,sentence_count,8.0
Marge,474,https://img.icons8.com/doodle/48/marge-simpson.png,sentence_count,37.0
Marge,475,https://img.icons8.com/doodle/48/marge-simpson.png,sentence_count,3.0
Marge,476,https://img.icons8.com/doodle/48/marge-simpson.png,sentence_count,9.0
Marge,477,https://img.icons8.com/doodle/48/marge-simpson.png,sentence_count,37.0
Marge,478,https://img.icons8.com/doodle/48/marge-simpson.png,sentence_count,5.0
Marge,479,https://img.icons8.com/doodle/48/marge-simpson.png,sentence_count,9.0
Marge,480,https://img.icons8.com/doodle/48/marge-simpson.png,sentence_count,22.0
Marge,481,https://img.icons8.com/doodle/48/marge-simpson.png,sentence_count,28.0
Marge,482,https://img.icons8.com/doodle/48/marge-simpson.png,sentence_count,7.0
Marge,483,https://img.icons8.com/doodle/48/marge-simpson.png,sentence_count,25.0
Marge,484,https://img.icons8.com/doodle/48/marge-simpson.png,sentence_count,11.0
Marge,485,https://img.icons8.com/doodle/48/marge-simpson.png,sentence_count,18.0
Marge,486,https://img.icons8.com/doodle/48/marge-simpson.png,sentence_count,12.0
Marge,487,https://img.icons8.com/doodle/48/marge-simpson.png,sentence_count,16.0
Marge,488,https://img.icons8.com/doodle/48/marge-simpson.png,sentence_count,6.0
Marge,489,https://img.icons8.com/doodle/48/marge-simpson.png,sentence_count,11.0
Marge,490,https://img.icons8.com/doodle/48/marge-simpson.png,sentence_count,6.0
Marge,491,https://img.icons8.com/doodle/48/marge-simpson.png,sentence_count,62.0
Marge,492,https://img.icons8.com/doodle/48/marge-simpson.png,sentence_count,5.0
Marge,493,https://img.icons8.com/doodle/48/marge-simpson.png,sentence_count,27.0
Marge,494,https://img.icons8.com/doodle/48/marge-simpson.png,sentence_count,8.0
Marge,495,https://img.icons8.com/doodle/48/marge-simpson.png,sentence_count,20.0
Marge,496,https://img.icons8.com/doodle/48/marge-simpson.png,sentence_count,18.0
Marge,497,https://img.icons8.com/doodle/48/marge-simpson.png,sentence_count,16.0
Marge,498,https://img.icons8.com/doodle/48/marge-simpson.png,sentence_count,5.0
Marge,499,https://img.icons8.com/doodle/48/marge-simpson.png,sentence_count,26.0
Marge,500,https://img.icons8.com/doodle/48/marge-simpson.png,sentence_count,27.0
Marge,501,https://img.icons8.com/doodle/48/marge-simpson.png,sentence_count,13.0
Marge,502,https://img.icons8.com/doodle/48/marge-simpson.png,sentence_count,27.0
Marge,503,https://img.icons8.com/doodle/48/marge-simpson.png,sentence_count,15.0
Marge,504,https://img.icons8.com/doodle/48/marge-simpson.png,sentence_count,20.0
Marge,505,https://img.icons8.com/doodle/48/marge-simpson.png,sentence_count,24.0
Marge,506,https://img.icons8.com/doodle/48/marge-simpson.png,sentence_count,19.0
Marge,507,https://img.icons8.com/doodle/48/marge-simpson.png,sentence_count,28.0
Marge,508,https://img.icons8.com/doodle/48/marge-simpson.png,sentence_count,9.0
Marge,509,https://img.icons8.com/doodle/48/marge-simpson.png,sentence_count,12.0
Marge,510,https://img.icons8.com/doodle/48/marge-simpson.png,sentence_count,28.0
Marge,511,https://img.icons8.com/doodle/48/marge-simpson.png,sentence_count,58.0
Marge,512,https://img.icons8.com/doodle/48/marge-simpson.png,sentence_count,24.0
Marge,513,https://img.icons8.com/doodle/48/marge-simpson.png,sentence_count,5.0
Marge,514,https://img.icons8.com/doodle/48/marge-simpson.png,sentence_count,19.0
Marge,515,https://img.icons8.com/doodle/48/marge-simpson.png,sentence_count,34.0
Marge,516,https://img.icons8.com/doodle/48/marge-simpson.png,sentence_count,14.0
Marge,517,https://img.icons8.com/doodle/48/marge-simpson.png,sentence_count,27.0
Marge,518,https://img.icons8.com/doodle/48/marge-simpson.png,sentence_count,10.0
Marge,519,https://img.icons8.com/doodle/48/marge-simpson.png,sentence_count,46.0
Marge,520,https://img.icons8.com/doodle/48/marge-simpson.png,sentence_count,12.0
Marge,521,https://img.icons8.com/doodle/48/marge-simpson.png,sentence_count,34.0
Marge,522,https://img.icons8.com/doodle/48/marge-simpson.png,sentence_count,30.0
Marge,523,https://img.icons8.com/doodle/48/marge-simpson.png,sentence_count,16.0
Marge,524,https://img.icons8.com/doodle/48/marge-simpson.png,sentence_count,7.0
Marge,525,https://img.icons8.com/doodle/48/marge-simpson.png,sentence_count,39.0
Marge,526,https://img.icons8.com/doodle/48/marge-simpson.png,sentence_count,25.0
Marge,527,https://img.icons8.com/doodle/48/marge-simpson.png,sentence_count,28.0
Marge,528,https://img.icons8.com/doodle/48/marge-simpson.png,sentence_count,44.0
Marge,529,https://img.icons8.com/doodle/48/marge-simpson.png,sentence_count,18.0
Marge,530,https://img.icons8.com/doodle/48/marge-simpson.png,sentence_count,75.0
Marge,531,https://img.icons8.com/doodle/48/marge-simpson.png,sentence_count,24.0
Marge,532,https://img.icons8.com/doodle/48/marge-simpson.png,sentence_count,16.0
Marge,533,https://img.icons8.com/doodle/48/marge-simpson.png,sentence_count,17.0
Marge,534,https://img.icons8.com/doodle/48/marge-simpson.png,sentence_count,28.0
Marge,535,https://img.icons8.com/doodle/48/marge-simpson.png,sentence_count,31.0
Marge,536,https://img.icons8.com/doodle/48/marge-simpson.png,sentence_count,14.0
Marge,537,https://img.icons8.com/doodle/48/marge-simpson.png,sentence_count,5.0
Marge,538,https://img.icons8.com/doodle/48/marge-simpson.png,sentence_count,32.0
Marge,539,https://img.icons8.com/doodle/48/marge-simpson.png,sentence_count,23.0
Marge,540,https://img.icons8.com/doodle/48/marge-simpson.png,sentence_count,9.0
Marge,541,https://img.icons8.com/doodle/48/marge-simpson.png,sentence_count,37.0
Marge,542,https://img.icons8.com/doodle/48/marge-simpson.png,sentence_count,11.0
Marge,543,https://img.icons8.com/doodle/48/marge-simpson.png,sentence_count,24.0
Marge,544,https://img.icons8.com/doodle/48/marge-simpson.png,sentence_count,20.0
Marge,545,https://img.icons8.com/doodle/48/marge-simpson.png,sentence_count,38.0
Marge,546,https://img.icons8.com/doodle/48/marge-simpson.png,sentence_count,13.0
Marge,547,https://img.icons8.com/doodle/48/marge-simpson.png,sentence_count,29.0
Marge,548,https://img.icons8.com/doodle/48/marge-simpson.png,sentence_count,20.0
Marge,549,https://img.icons8.com/doodle/48/marge-simpson.png,sentence_count,5.0
Marge,551,https://img.icons8.com/doodle/48/marge-simpson.png,sentence_count,48.0
Marge,552,https://img.icons8.com/doodle/48/marge-simpson.png,sentence_count,5.0
Marge,553,https://img.icons8.com/doodle/48/marge-simpson.png,sentence_count,14.0
Marge,554,https://img.icons8.com/doodle/48/marge-simpson.png,sentence_count,22.0
Marge,555,https://img.icons8.com/doodle/48/marge-simpson.png,sentence_count,57.0
Marge,556,https://img.icons8.com/doodle/48/marge-simpson.png,sentence_count,26.0
Marge,557,https://img.icons8.com/doodle/48/marge-simpson.png,sentence_count,17.0
Marge,558,https://img.icons8.com/doodle/48/marge-simpson.png,sentence_count,13.0
Marge,559,https://img.icons8.com/doodle/48/marge-simpson.png,sentence_count,26.0
Marge,560,https://img.icons8.com/doodle/48/marge-simpson.png,sentence_count,13.0
Marge,561,https://img.icons8.com/doodle/48/marge-simpson.png,sentence_count,31.0
Marge,562,https://img.icons8.com/doodle/48/marge-simpson.png,sentence_count,14.0
Marge,563,https://img.icons8.com/doodle/48/marge-simpson.png,sentence_count,27.0
Marge,564,https://img.icons8.com/doodle/48/marge-simpson.png,sentence_count,10.0
Marge,565,https://img.icons8.com/doodle/48/marge-simpson.png,sentence_count,24.0
Marge,566,https://img.icons8.com/doodle/48/marge-simpson.png,sentence_count,24.0
Marge,567,https://img.icons8.com/doodle/48/marge-simpson.png,sentence_count,3.0
Marge,568,https://img.icons8.com/doodle/48/marge-simpson.png,sentence_count,34.0
Milhouse,1,https://img.icons8.com/doodle/48/milhouse-van-houten.png,sentence_count,2.0
Milhouse,2,https://img.icons8.com/doodle/48/milhouse-van-houten.png,sentence_count,2.0
Milhouse,5,https://img.icons8.com/doodle/48/milhouse-van-houten.png,sentence_count,5.0
Milhouse,8,https://img.icons8.com/doodle/48/milhouse-van-houten.png,sentence_count,1.0
Milhouse,10,https://img.icons8.com/doodle/48/milhouse-van-houten.png,sentence_count,9.0
Milhouse,11,https://img.icons8.com/doodle/48/milhouse-van-houten.png,sentence_count,4.0
Milhouse,14,https://img.icons8.com/doodle/48/milhouse-van-houten.png,sentence_count,1.0
Milhouse,15,https://img.icons8.com/doodle/48/milhouse-van-houten.png,sentence_count,1.0
Milhouse,18,https://img.icons8.com/doodle/48/milhouse-van-houten.png,sentence_count,4.0
Milhouse,21,https://img.icons8.com/doodle/48/milhouse-van-houten.png,sentence_count,7.0
Milhouse,22,https://img.icons8.com/doodle/48/milhouse-van-houten.png,sentence_count,1.0
Milhouse,26,https://img.icons8.com/doodle/48/milhouse-van-houten.png,sentence_count,2.0
Milhouse,27,https://img.icons8.com/doodle/48/milhouse-van-houten.png,sentence_count,1.0
Milhouse,32,https://img.icons8.com/doodle/48/milhouse-van-houten.png,sentence_count,3.0
Milhouse,33,https://img.icons8.com/doodle/48/milhouse-van-houten.png,sentence_count,1.0
Milhouse,34,https://img.icons8.com/doodle/48/milhouse-van-houten.png,sentence_count,26.0
Milhouse,36,https://img.icons8.com/doodle/48/milhouse-van-houten.png,sentence_count,3.0
Milhouse,39,https://img.icons8.com/doodle/48/milhouse-van-houten.png,sentence_count,3.0
Milhouse,40,https://img.icons8.com/doodle/48/milhouse-van-houten.png,sentence_count,11.0
Milhouse,41,https://img.icons8.com/doodle/48/milhouse-van-houten.png,sentence_count,5.0
Milhouse,44,https://img.icons8.com/doodle/48/milhouse-van-houten.png,sentence_count,2.0
Milhouse,48,https://img.icons8.com/doodle/48/milhouse-van-houten.png,sentence_count,1.0
Milhouse,51,https://img.icons8.com/doodle/48/milhouse-van-houten.png,sentence_count,3.0
Milhouse,53,https://img.icons8.com/doodle/48/milhouse-van-houten.png,sentence_count,7.0
Milhouse,57,https://img.icons8.com/doodle/48/milhouse-van-houten.png,sentence_count,4.0
Milhouse,58,https://img.icons8.com/doodle/48/milhouse-van-houten.png,sentence_count,33.0
Milhouse,60,https://img.icons8.com/doodle/48/milhouse-van-houten.png,sentence_count,4.0
Milhouse,63,https://img.icons8.com/doodle/48/milhouse-van-houten.png,sentence_count,2.0
Milhouse,65,https://img.icons8.com/doodle/48/milhouse-van-houten.png,sentence_count,2.0
Milhouse,73,https://img.icons8.com/doodle/48/milhouse-van-houten.png,sentence_count,3.0
Milhouse,74,https://img.icons8.com/doodle/48/milhouse-van-houten.png,sentence_count,4.0
Milhouse,75,https://img.icons8.com/doodle/48/milhouse-van-houten.png,sentence_count,1.0
Milhouse,79,https://img.icons8.com/doodle/48/milhouse-van-houten.png,sentence_count,1.0
Milhouse,80,https://img.icons8.com/doodle/48/milhouse-van-houten.png,sentence_count,1.0
Milhouse,81,https://img.icons8.com/doodle/48/milhouse-van-houten.png,sentence_count,5.0
Milhouse,82,https://img.icons8.com/doodle/48/milhouse-van-houten.png,sentence_count,2.0
Milhouse,83,https://img.icons8.com/doodle/48/milhouse-van-houten.png,sentence_count,1.0
Milhouse,86,https://img.icons8.com/doodle/48/milhouse-van-houten.png,sentence_count,7.0
Milhouse,88,https://img.icons8.com/doodle/48/milhouse-van-houten.png,sentence_count,3.0
Milhouse,89,https://img.icons8.com/doodle/48/milhouse-van-houten.png,sentence_count,17.0
Milhouse,90,https://img.icons8.com/doodle/48/milhouse-van-houten.png,sentence_count,2.0
Milhouse,91,https://img.icons8.com/doodle/48/milhouse-van-houten.png,sentence_count,1.0
Milhouse,93,https://img.icons8.com/doodle/48/milhouse-van-houten.png,sentence_count,6.0
Milhouse,97,https://img.icons8.com/doodle/48/milhouse-van-houten.png,sentence_count,1.0
Milhouse,99,https://img.icons8.com/doodle/48/milhouse-van-houten.png,sentence_count,6.0
Milhouse,100,https://img.icons8.com/doodle/48/milhouse-van-houten.png,sentence_count,5.0
Milhouse,101,https://img.icons8.com/doodle/48/milhouse-van-houten.png,sentence_count,1.0
Milhouse,102,https://img.icons8.com/doodle/48/milhouse-van-houten.png,sentence_count,2.0
Milhouse,103,https://img.icons8.com/doodle/48/milhouse-van-houten.png,sentence_count,2.0
Milhouse,104,https://img.icons8.com/doodle/48/milhouse-van-houten.png,sentence_count,4.0
Milhouse,105,https://img.icons8.com/doodle/48/milhouse-van-houten.png,sentence_count,4.0
Milhouse,108,https://img.icons8.com/doodle/48/milhouse-van-houten.png,sentence_count,1.0
Milhouse,109,https://img.icons8.com/doodle/48/milhouse-van-houten.png,sentence_count,1.0
Milhouse,110,https://img.icons8.com/doodle/48/milhouse-van-houten.png,sentence_count,4.0
Milhouse,111,https://img.icons8.com/doodle/48/milhouse-van-houten.png,sentence_count,5.0
Milhouse,113,https://img.icons8.com/doodle/48/milhouse-van-houten.png,sentence_count,7.0
Milhouse,117,https://img.icons8.com/doodle/48/milhouse-van-houten.png,sentence_count,2.0
Milhouse,118,https://img.icons8.com/doodle/48/milhouse-van-houten.png,sentence_count,2.0
Milhouse,119,https://img.icons8.com/doodle/48/milhouse-van-houten.png,sentence_count,1.0
Milhouse,120,https://img.icons8.com/doodle/48/milhouse-van-houten.png,sentence_count,5.0
Milhouse,121,https://img.icons8.com/doodle/48/milhouse-van-houten.png,sentence_count,1.0
Milhouse,122,https://img.icons8.com/doodle/48/milhouse-van-houten.png,sentence_count,3.0
Milhouse,124,https://img.icons8.com/doodle/48/milhouse-van-houten.png,sentence_count,11.0
Milhouse,125,https://img.icons8.com/doodle/48/milhouse-van-houten.png,sentence_count,2.0
Milhouse,126,https://img.icons8.com/doodle/48/milhouse-van-houten.png,sentence_count,1.0
Milhouse,127,https://img.icons8.com/doodle/48/milhouse-van-houten.png,sentence_count,26.0
Milhouse,128,https://img.icons8.com/doodle/48/milhouse-van-houten.png,sentence_count,2.0
Milhouse,130,https://img.icons8.com/doodle/48/milhouse-van-houten.png,sentence_count,25.0
Milhouse,131,https://img.icons8.com/doodle/48/milhouse-van-houten.png,sentence_count,2.0
Milhouse,132,https://img.icons8.com/doodle/48/milhouse-van-houten.png,sentence_count,20.0
Milhouse,135,https://img.icons8.com/doodle/48/milhouse-van-houten.png,sentence_count,2.0
Milhouse,137,https://img.icons8.com/doodle/48/milhouse-van-houten.png,sentence_count,1.0
Milhouse,139,https://img.icons8.com/doodle/48/milhouse-van-houten.png,sentence_count,9.0
Milhouse,140,https://img.icons8.com/doodle/48/milhouse-van-houten.png,sentence_count,7.0
Milhouse,143,https://img.icons8.com/doodle/48/milhouse-van-houten.png,sentence_count,5.0
Milhouse,144,https://img.icons8.com/doodle/48/milhouse-van-houten.png,sentence_count,1.0
Milhouse,146,https://img.icons8.com/doodle/48/milhouse-van-houten.png,sentence_count,4.0
Milhouse,148,https://img.icons8.com/doodle/48/milhouse-van-houten.png,sentence_count,29.0
Milhouse,149,https://img.icons8.com/doodle/48/milhouse-van-houten.png,sentence_count,9.0
Milhouse,152,https://img.icons8.com/doodle/48/milhouse-van-houten.png,sentence_count,4.0
Milhouse,153,https://img.icons8.com/doodle/48/milhouse-van-houten.png,sentence_count,13.0
Milhouse,155,https://img.icons8.com/doodle/48/milhouse-van-houten.png,sentence_count,2.0
Milhouse,156,https://img.icons8.com/doodle/48/milhouse-van-houten.png,sentence_count,1.0
Milhouse,158,https://img.icons8.com/doodle/48/milhouse-van-houten.png,sentence_count,5.0
Milhouse,159,https://img.icons8.com/doodle/48/milhouse-van-houten.png,sentence_count,8.0
Milhouse,160,https://img.icons8.com/doodle/48/milhouse-van-houten.png,sentence_count,11.0
Milhouse,163,https://img.icons8.com/doodle/48/milhouse-van-houten.png,sentence_count,2.0
Milhouse,167,https://img.icons8.com/doodle/48/milhouse-van-houten.png,sentence_count,3.0
Milhouse,168,https://img.icons8.com/doodle/48/milhouse-van-houten.png,sentence_count,1.0
Milhouse,169,https://img.icons8.com/doodle/48/milhouse-van-houten.png,sentence_count,1.0
Milhouse,171,https://img.icons8.com/doodle/48/milhouse-van-houten.png,sentence_count,1.0
Milhouse,172,https://img.icons8.com/doodle/48/milhouse-van-houten.png,sentence_count,6.0
Milhouse,173,https://img.icons8.com/doodle/48/milhouse-van-houten.png,sentence_count,2.0
Milhouse,176,https://img.icons8.com/doodle/48/milhouse-van-houten.png,sentence_count,9.0
Milhouse,181,https://img.icons8.com/doodle/48/milhouse-van-houten.png,sentence_count,4.0
Milhouse,183,https://img.icons8.com/doodle/48/milhouse-van-houten.png,sentence_count,3.0
Milhouse,184,https://img.icons8.com/doodle/48/milhouse-van-houten.png,sentence_count,4.0
Milhouse,186,https://img.icons8.com/doodle/48/milhouse-van-houten.png,sentence_count,2.0
Milhouse,188,https://img.icons8.com/doodle/48/milhouse-van-houten.png,sentence_count,2.0
Milhouse,192,https://img.icons8.com/doodle/48/milhouse-van-houten.png,sentence_count,28.0
Milhouse,195,https://img.icons8.com/doodle/48/milhouse-van-houten.png,sentence_count,7.0
Milhouse,196,https://img.icons8.com/doodle/48/milhouse-van-houten.png,sentence_count,2.0
Milhouse,197,https://img.icons8.com/doodle/48/milhouse-van-houten.png,sentence_count,5.0
Milhouse,198,https://img.icons8.com/doodle/48/milhouse-van-houten.png,sentence_count,1.0
Milhouse,199,https://img.icons8.com/doodle/48/milhouse-van-houten.png,sentence_count,4.0
Milhouse,201,https://img.icons8.com/doodle/48/milhouse-van-houten.png,sentence_count,4.0
Milhouse,202,https://img.icons8.com/doodle/48/milhouse-van-houten.png,sentence_count,8.0
Milhouse,204,https://img.icons8.com/doodle/48/milhouse-van-houten.png,sentence_count,15.0
Milhouse,206,https://img.icons8.com/doodle/48/milhouse-van-houten.png,sentence_count,3.0
Milhouse,210,https://img.icons8.com/doodle/48/milhouse-van-houten.png,sentence_count,1.0
Milhouse,212,https://img.icons8.com/doodle/48/milhouse-van-houten.png,sentence_count,3.0
Milhouse,214,https://img.icons8.com/doodle/48/milhouse-van-houten.png,sentence_count,12.0
Milhouse,215,https://img.icons8.com/doodle/48/milhouse-van-houten.png,sentence_count,1.0
Milhouse,219,https://img.icons8.com/doodle/48/milhouse-van-houten.png,sentence_count,3.0
Milhouse,220,https://img.icons8.com/doodle/48/milhouse-van-houten.png,sentence_count,1.0
Milhouse,221,https://img.icons8.com/doodle/48/milhouse-van-houten.png,sentence_count,16.0
Milhouse,222,https://img.icons8.com/doodle/48/milhouse-van-houten.png,sentence_count,2.0
Milhouse,223,https://img.icons8.com/doodle/48/milhouse-van-houten.png,sentence_count,3.0
Milhouse,224,https://img.icons8.com/doodle/48/milhouse-van-houten.png,sentence_count,1.0
Milhouse,228,https://img.icons8.com/doodle/48/milhouse-van-houten.png,sentence_count,7.0
Milhouse,229,https://img.icons8.com/doodle/48/milhouse-van-houten.png,sentence_count,1.0
Milhouse,230,https://img.icons8.com/doodle/48/milhouse-van-houten.png,sentence_count,2.0
Milhouse,232,https://img.icons8.com/doodle/48/milhouse-van-houten.png,sentence_count,2.0
Milhouse,234,https://img.icons8.com/doodle/48/milhouse-van-houten.png,sentence_count,1.0
Milhouse,235,https://img.icons8.com/doodle/48/milhouse-van-houten.png,sentence_count,13.0
Milhouse,237,https://img.icons8.com/doodle/48/milhouse-van-houten.png,sentence_count,12.0
Milhouse,239,https://img.icons8.com/doodle/48/milhouse-van-houten.png,sentence_count,1.0
Milhouse,242,https://img.icons8.com/doodle/48/milhouse-van-houten.png,sentence_count,1.0
Milhouse,243,https://img.icons8.com/doodle/48/milhouse-van-houten.png,sentence_count,7.0
Milhouse,246,https://img.icons8.com/doodle/48/milhouse-van-houten.png,sentence_count,15.0
Milhouse,247,https://img.icons8.com/doodle/48/milhouse-van-houten.png,sentence_count,2.0
Milhouse,250,https://img.icons8.com/doodle/48/milhouse-van-houten.png,sentence_count,1.0
Milhouse,251,https://img.icons8.com/doodle/48/milhouse-van-houten.png,sentence_count,2.0
Milhouse,252,https://img.icons8.com/doodle/48/milhouse-van-houten.png,sentence_count,1.0
Milhouse,253,https://img.icons8.com/doodle/48/milhouse-van-houten.png,sentence_count,2.0
Milhouse,256,https://img.icons8.com/doodle/48/milhouse-van-houten.png,sentence_count,7.0
Milhouse,258,https://img.icons8.com/doodle/48/milhouse-van-houten.png,sentence_count,1.0
Milhouse,259,https://img.icons8.com/doodle/48/milhouse-van-houten.png,sentence_count,48.0
Milhouse,262,https://img.icons8.com/doodle/48/milhouse-van-houten.png,sentence_count,11.0
Milhouse,263,https://img.icons8.com/doodle/48/milhouse-van-houten.png,sentence_count,3.0
Milhouse,264,https://img.icons8.com/doodle/48/milhouse-van-houten.png,sentence_count,5.0
Milhouse,266,https://img.icons8.com/doodle/48/milhouse-van-houten.png,sentence_count,9.0
Milhouse,267,https://img.icons8.com/doodle/48/milhouse-van-houten.png,sentence_count,1.0
Milhouse,268,https://img.icons8.com/doodle/48/milhouse-van-houten.png,sentence_count,9.0
Milhouse,269,https://img.icons8.com/doodle/48/milhouse-van-houten.png,sentence_count,1.0
Milhouse,270,https://img.icons8.com/doodle/48/milhouse-van-houten.png,sentence_count,5.0
Milhouse,271,https://img.icons8.com/doodle/48/milhouse-van-houten.png,sentence_count,9.0
Milhouse,275,https://img.icons8.com/doodle/48/milhouse-van-houten.png,sentence_count,4.0
Milhouse,276,https://img.icons8.com/doodle/48/milhouse-van-houten.png,sentence_count,1.0
Milhouse,278,https://img.icons8.com/doodle/48/milhouse-van-houten.png,sentence_count,3.0
Milhouse,279,https://img.icons8.com/doodle/48/milhouse-van-houten.png,sentence_count,3.0
Milhouse,280,https://img.icons8.com/doodle/48/milhouse-van-houten.png,sentence_count,18.0
Milhouse,281,https://img.icons8.com/doodle/48/milhouse-van-houten.png,sentence_count,7.0
Milhouse,283,https://img.icons8.com/doodle/48/milhouse-van-houten.png,sentence_count,6.0
Milhouse,287,https://img.icons8.com/doodle/48/milhouse-van-houten.png,sentence_count,6.0
Milhouse,288,https://img.icons8.com/doodle/48/milhouse-van-houten.png,sentence_count,1.0
Milhouse,289,https://img.icons8.com/doodle/48/milhouse-van-houten.png,sentence_count,6.0
Milhouse,294,https://img.icons8.com/doodle/48/milhouse-van-houten.png,sentence_count,2.0
Milhouse,295,https://img.icons8.com/doodle/48/milhouse-van-houten.png,sentence_count,11.0
Milhouse,298,https://img.icons8.com/doodle/48/milhouse-van-houten.png,sentence_count,4.0
Milhouse,300,https://img.icons8.com/doodle/48/milhouse-van-houten.png,sentence_count,3.0
Milhouse,302,https://img.icons8.com/doodle/48/milhouse-van-houten.png,sentence_count,6.0
Milhouse,303,https://img.icons8.com/doodle/48/milhouse-van-houten.png,sentence_count,3.0
Milhouse,304,https://img.icons8.com/doodle/48/milhouse-van-houten.png,sentence_count,1.0
Milhouse,305,https://img.icons8.com/doodle/48/milhouse-van-houten.png,sentence_count,1.0
Milhouse,306,https://img.icons8.com/doodle/48/milhouse-van-houten.png,sentence_count,2.0
Milhouse,307,https://img.icons8.com/doodle/48/milhouse-van-houten.png,sentence_count,9.0
Milhouse,308,https://img.icons8.com/doodle/48/milhouse-van-houten.png,sentence_count,2.0
Milhouse,310,https://img.icons8.com/doodle/48/milhouse-van-houten.png,sentence_count,8.0
Milhouse,311,https://img.icons8.com/doodle/48/milhouse-van-houten.png,sentence_count,3.0
Milhouse,312,https://img.icons8.com/doodle/48/milhouse-van-houten.png,sentence_count,25.0
Milhouse,314,https://img.icons8.com/doodle/48/milhouse-van-houten.png,sentence_count,14.0
Milhouse,316,https://img.icons8.com/doodle/48/milhouse-van-houten.png,sentence_count,9.0
Milhouse,317,https://img.icons8.com/doodle/48/milhouse-van-houten.png,sentence_count,6.0
Milhouse,322,https://img.icons8.com/doodle/48/milhouse-van-houten.png,sentence_count,6.0
Milhouse,324,https://img.icons8.com/doodle/48/milhouse-van-houten.png,sentence_count,3.0
Milhouse,325,https://img.icons8.com/doodle/48/milhouse-van-houten.png,sentence_count,22.0
Milhouse,326,https://img.icons8.com/doodle/48/milhouse-van-houten.png,sentence_count,3.0
Milhouse,329,https://img.icons8.com/doodle/48/milhouse-van-houten.png,sentence_count,2.0
Milhouse,330,https://img.icons8.com/doodle/48/milhouse-van-houten.png,sentence_count,2.0
Milhouse,331,https://img.icons8.com/doodle/48/milhouse-van-houten.png,sentence_count,1.0
Milhouse,332,https://img.icons8.com/doodle/48/milhouse-van-houten.png,sentence_count,4.0
Milhouse,333,https://img.icons8.com/doodle/48/milhouse-van-houten.png,sentence_count,9.0
Milhouse,335,https://img.icons8.com/doodle/48/milhouse-van-houten.png,sentence_count,2.0
Milhouse,337,https://img.icons8.com/doodle/48/milhouse-van-houten.png,sentence_count,11.0
Milhouse,338,https://img.icons8.com/doodle/48/milhouse-van-houten.png,sentence_count,3.0
Milhouse,340,https://img.icons8.com/doodle/48/milhouse-van-houten.png,sentence_count,3.0
Milhouse,343,https://img.icons8.com/doodle/48/milhouse-van-houten.png,sentence_count,2.0
Milhouse,344,https://img.icons8.com/doodle/48/milhouse-van-houten.png,sentence_count,9.0
Milhouse,345,https://img.icons8.com/doodle/48/milhouse-van-houten.png,sentence_count,6.0
Milhouse,346,https://img.icons8.com/doodle/48/milhouse-van-houten.png,sentence_count,2.0
Milhouse,347,https://img.icons8.com/doodle/48/milhouse-van-houten.png,sentence_count,2.0
Milhouse,350,https://img.icons8.com/doodle/48/milhouse-van-houten.png,sentence_count,20.0
Milhouse,353,https://img.icons8.com/doodle/48/milhouse-van-houten.png,sentence_count,2.0
Milhouse,355,https://img.icons8.com/doodle/48/milhouse-van-houten.png,sentence_count,5.0
Milhouse,356,https://img.icons8.com/doodle/48/milhouse-van-houten.png,sentence_count,3.0
Milhouse,358,https://img.icons8.com/doodle/48/milhouse-van-houten.png,sentence_count,4.0
Milhouse,359,https://img.icons8.com/doodle/48/milhouse-van-houten.png,sentence_count,34.0
Milhouse,360,https://img.icons8.com/doodle/48/milhouse-van-houten.png,sentence_count,1.0
Milhouse,361,https://img.icons8.com/doodle/48/milhouse-van-houten.png,sentence_count,3.0
Milhouse,362,https://img.icons8.com/doodle/48/milhouse-van-houten.png,sentence_count,5.0
Milhouse,363,https://img.icons8.com/doodle/48/milhouse-van-houten.png,sentence_count,20.0
Milhouse,367,https://img.icons8.com/doodle/48/milhouse-van-houten.png,sentence_count,7.0
Milhouse,368,https://img.icons8.com/doodle/48/milhouse-van-houten.png,sentence_count,2.0
Milhouse,369,https://img.icons8.com/doodle/48/milhouse-van-houten.png,sentence_count,1.0
Milhouse,374,https://img.icons8.com/doodle/48/milhouse-van-houten.png,sentence_count,2.0
Milhouse,375,https://img.icons8.com/doodle/48/milhouse-van-houten.png,sentence_count,9.0
Milhouse,376,https://img.icons8.com/doodle/48/milhouse-van-houten.png,sentence_count,4.0
Milhouse,377,https://img.icons8.com/doodle/48/milhouse-van-houten.png,sentence_count,3.0
Milhouse,379,https://img.icons8.com/doodle/48/milhouse-van-houten.png,sentence_count,3.0
Milhouse,381,https://img.icons8.com/doodle/48/milhouse-van-houten.png,sentence_count,3.0
Milhouse,382,https://img.icons8.com/doodle/48/milhouse-van-houten.png,sentence_count,4.0
Milhouse,383,https://img.icons8.com/doodle/48/milhouse-van-houten.png,sentence_count,5.0
Milhouse,385,https://img.icons8.com/doodle/48/milhouse-van-houten.png,sentence_count,2.0
Milhouse,386,https://img.icons8.com/doodle/48/milhouse-van-houten.png,sentence_count,9.0
Milhouse,387,https://img.icons8.com/doodle/48/milhouse-van-houten.png,sentence_count,1.0
Milhouse,388,https://img.icons8.com/doodle/48/milhouse-van-houten.png,sentence_count,2.0
Milhouse,389,https://img.icons8.com/doodle/48/milhouse-van-houten.png,sentence_count,13.0
Milhouse,392,https://img.icons8.com/doodle/48/milhouse-van-houten.png,sentence_count,3.0
Milhouse,395,https://img.icons8.com/doodle/48/milhouse-van-houten.png,sentence_count,4.0
Milhouse,396,https://img.icons8.com/doodle/48/milhouse-van-houten.png,sentence_count,7.0
Milhouse,397,https://img.icons8.com/doodle/48/milhouse-van-houten.png,sentence_count,3.0
Milhouse,399,https://img.icons8.com/doodle/48/milhouse-van-houten.png,sentence_count,9.0
Milhouse,401,https://img.icons8.com/doodle/48/milhouse-van-houten.png,sentence_count,3.0
Milhouse,403,https://img.icons8.com/doodle/48/milhouse-van-houten.png,sentence_count,1.0
Milhouse,405,https://img.icons8.com/doodle/48/milhouse-van-houten.png,sentence_count,6.0
Milhouse,406,https://img.icons8.com/doodle/48/milhouse-van-houten.png,sentence_count,33.0
Milhouse,407,https://img.icons8.com/doodle/48/milhouse-van-houten.png,sentence_count,5.0
Milhouse,408,https://img.icons8.com/doodle/48/milhouse-van-houten.png,sentence_count,6.0
Milhouse,412,https://img.icons8.com/doodle/48/milhouse-van-houten.png,sentence_count,6.0
Milhouse,413,https://img.icons8.com/doodle/48/milhouse-van-houten.png,sentence_count,5.0
Milhouse,415,https://img.icons8.com/doodle/48/milhouse-van-houten.png,sentence_count,1.0
Milhouse,420,https://img.icons8.com/doodle/48/milhouse-van-houten.png,sentence_count,3.0
Milhouse,422,https://img.icons8.com/doodle/48/milhouse-van-houten.png,sentence_count,13.0
Milhouse,423,https://img.icons8.com/doodle/48/milhouse-van-houten.png,sentence_count,6.0
Milhouse,431,https://img.icons8.com/doodle/48/milhouse-van-houten.png,sentence_count,4.0
Milhouse,433,https://img.icons8.com/doodle/48/milhouse-van-houten.png,sentence_count,1.0
Milhouse,437,https://img.icons8.com/doodle/48/milhouse-van-houten.png,sentence_count,22.0
Milhouse,439,https://img.icons8.com/doodle/48/milhouse-van-houten.png,sentence_count,3.0
Milhouse,442,https://img.icons8.com/doodle/48/milhouse-van-houten.png,sentence_count,4.0
Milhouse,443,https://img.icons8.com/doodle/48/milhouse-van-houten.png,sentence_count,13.0
Milhouse,444,https://img.icons8.com/doodle/48/milhouse-van-houten.png,sentence_count,1.0
Milhouse,446,https://img.icons8.com/doodle/48/milhouse-van-houten.png,sentence_count,1.0
Milhouse,449,https://img.icons8.com/doodle/48/milhouse-van-houten.png,sentence_count,3.0
Milhouse,450,https://img.icons8.com/doodle/48/milhouse-van-houten.png,sentence_count,1.0
Milhouse,451,https://img.icons8.com/doodle/48/milhouse-van-houten.png,sentence_count,8.0
Milhouse,452,https://img.icons8.com/doodle/48/milhouse-van-houten.png,sentence_count,1.0
Milhouse,454,https://img.icons8.com/doodle/48/milhouse-van-houten.png,sentence_count,4.0
Milhouse,455,https://img.icons8.com/doodle/48/milhouse-van-houten.png,sentence_count,6.0
Milhouse,456,https://img.icons8.com/doodle/48/milhouse-van-houten.png,sentence_count,4.0
Milhouse,458,https://img.icons8.com/doodle/48/milhouse-van-houten.png,sentence_count,1.0
Milhouse,459,https://img.icons8.com/doodle/48/milhouse-van-houten.png,sentence_count,2.0
Milhouse,460,https://img.icons8.com/doodle/48/milhouse-van-houten.png,sentence_count,3.0
Milhouse,461,https://img.icons8.com/doodle/48/milhouse-van-houten.png,sentence_count,1.0
Milhouse,462,https://img.icons8.com/doodle/48/milhouse-van-houten.png,sentence_count,1.0
Milhouse,463,https://img.icons8.com/doodle/48/milhouse-van-houten.png,sentence_count,6.0
Milhouse,466,https://img.icons8.com/doodle/48/milhouse-van-houten.png,sentence_count,3.0
Milhouse,467,https://img.icons8.com/doodle/48/milhouse-van-houten.png,sentence_count,6.0
Milhouse,468,https://img.icons8.com/doodle/48/milhouse-van-houten.png,sentence_count,20.0
Milhouse,471,https://img.icons8.com/doodle/48/milhouse-van-houten.png,sentence_count,5.0
Milhouse,472,https://img.icons8.com/doodle/48/milhouse-van-houten.png,sentence_count,2.0
Milhouse,474,https://img.icons8.com/doodle/48/milhouse-van-houten.png,sentence_count,5.0
Milhouse,475,https://img.icons8.com/doodle/48/milhouse-van-houten.png,sentence_count,1.0
Milhouse,476,https://img.icons8.com/doodle/48/milhouse-van-houten.png,sentence_count,4.0
Milhouse,477,https://img.icons8.com/doodle/48/milhouse-van-houten.png,sentence_count,3.0
Milhouse,479,https://img.icons8.com/doodle/48/milhouse-van-houten.png,sentence_count,3.0
Milhouse,482,https://img.icons8.com/doodle/48/milhouse-van-houten.png,sentence_count,1.0
Milhouse,484,https://img.icons8.com/doodle/48/milhouse-van-houten.png,sentence_count,30.0
Milhouse,485,https://img.icons8.com/doodle/48/milhouse-van-houten.png,sentence_count,1.0
Milhouse,486,https://img.icons8.com/doodle/48/milhouse-van-houten.png,sentence_count,1.0
Milhouse,488,https://img.icons8.com/doodle/48/milhouse-van-houten.png,sentence_count,5.0
Milhouse,489,https://img.icons8.com/doodle/48/milhouse-van-houten.png,sentence_count,6.0
Milhouse,490,https://img.icons8.com/doodle/48/milhouse-van-houten.png,sentence_count,4.0
Milhouse,492,https://img.icons8.com/doodle/48/milhouse-van-houten.png,sentence_count,1.0
Milhouse,493,https://img.icons8.com/doodle/48/milhouse-van-houten.png,sentence_count,2.0
Milhouse,495,https://img.icons8.com/doodle/48/milhouse-van-houten.png,sentence_count,7.0
Milhouse,497,https://img.icons8.com/doodle/48/milhouse-van-houten.png,sentence_count,2.0
Milhouse,498,https://img.icons8.com/doodle/48/milhouse-van-houten.png,sentence_count,19.0
Milhouse,499,https://img.icons8.com/doodle/48/milhouse-van-houten.png,sentence_count,9.0
Milhouse,501,https://img.icons8.com/doodle/48/milhouse-van-houten.png,sentence_count,8.0
Milhouse,503,https://img.icons8.com/doodle/48/milhouse-van-houten.png,sentence_count,1.0
Milhouse,504,https://img.icons8.com/doodle/48/milhouse-van-houten.png,sentence_count,2.0
Milhouse,505,https://img.icons8.com/doodle/48/milhouse-van-houten.png,sentence_count,1.0
Milhouse,506,https://img.icons8.com/doodle/48/milhouse-van-houten.png,sentence_count,1.0
Milhouse,507,https://img.icons8.com/doodle/48/milhouse-van-houten.png,sentence_count,2.0
Milhouse,508,https://img.icons8.com/doodle/48/milhouse-van-houten.png,sentence_count,4.0
Milhouse,509,https://img.icons8.com/doodle/48/milhouse-van-houten.png,sentence_count,8.0
Milhouse,510,https://img.icons8.com/doodle/48/milhouse-van-houten.png,sentence_count,1.0
Milhouse,511,https://img.icons8.com/doodle/48/milhouse-van-houten.png,sentence_count,13.0
Milhouse,512,https://img.icons8.com/doodle/48/milhouse-van-houten.png,sentence_count,2.0
Milhouse,513,https://img.icons8.com/doodle/48/milhouse-van-houten.png,sentence_count,1.0
Milhouse,517,https://img.icons8.com/doodle/48/milhouse-van-houten.png,sentence_count,1.0
Milhouse,518,https://img.icons8.com/doodle/48/milhouse-van-houten.png,sentence_count,1.0
Milhouse,520,https://img.icons8.com/doodle/48/milhouse-van-houten.png,sentence_count,3.0
Milhouse,521,https://img.icons8.com/doodle/48/milhouse-van-houten.png,sentence_count,56.0
Milhouse,522,https://img.icons8.com/doodle/48/milhouse-van-houten.png,sentence_count,1.0
Milhouse,524,https://img.icons8.com/doodle/48/milhouse-van-houten.png,sentence_count,2.0
Milhouse,525,https://img.icons8.com/doodle/48/milhouse-van-houten.png,sentence_count,31.0
Milhouse,526,https://img.icons8.com/doodle/48/milhouse-van-houten.png,sentence_count,3.0
Milhouse,527,https://img.icons8.com/doodle/48/milhouse-van-houten.png,sentence_count,2.0
Milhouse,528,https://img.icons8.com/doodle/48/milhouse-van-houten.png,sentence_count,1.0
Milhouse,531,https://img.icons8.com/doodle/48/milhouse-van-houten.png,sentence_count,2.0
Milhouse,532,https://img.icons8.com/doodle/48/milhouse-van-houten.png,sentence_count,1.0
Milhouse,533,https://img.icons8.com/doodle/48/milhouse-van-houten.png,sentence_count,4.0
Milhouse,534,https://img.icons8.com/doodle/48/milhouse-van-houten.png,sentence_count,6.0
Milhouse,535,https://img.icons8.com/doodle/48/milhouse-van-houten.png,sentence_count,3.0
Milhouse,536,https://img.icons8.com/doodle/48/milhouse-van-houten.png,sentence_count,6.0
Milhouse,537,https://img.icons8.com/doodle/48/milhouse-van-houten.png,sentence_count,2.0
Milhouse,538,https://img.icons8.com/doodle/48/milhouse-van-houten.png,sentence_count,2.0
Milhouse,539,https://img.icons8.com/doodle/48/milhouse-van-houten.png,sentence_count,1.0
Milhouse,540,https://img.icons8.com/doodle/48/milhouse-van-houten.png,sentence_count,9.0
Milhouse,541,https://img.icons8.com/doodle/48/milhouse-van-houten.png,sentence_count,5.0
Milhouse,542,https://img.icons8.com/doodle/48/milhouse-van-houten.png,sentence_count,6.0
Milhouse,544,https://img.icons8.com/doodle/48/milhouse-van-houten.png,sentence_count,1.0
Milhouse,545,https://img.icons8.com/doodle/48/milhouse-van-houten.png,sentence_count,5.0
Milhouse,547,https://img.icons8.com/doodle/48/milhouse-van-houten.png,sentence_count,15.0
Milhouse,548,https://img.icons8.com/doodle/48/milhouse-van-houten.png,sentence_count,12.0
Milhouse,549,https://img.icons8.com/doodle/48/milhouse-van-houten.png,sentence_count,8.0
Milhouse,551,https://img.icons8.com/doodle/48/milhouse-van-houten.png,sentence_count,3.0
Milhouse,552,https://img.icons8.com/doodle/48/milhouse-van-houten.png,sentence_count,23.0
Milhouse,553,https://img.icons8.com/doodle/48/milhouse-van-houten.png,sentence_count,1.0
Milhouse,554,https://img.icons8.com/doodle/48/milhouse-van-houten.png,sentence_count,2.0
Milhouse,558,https://img.icons8.com/doodle/48/milhouse-van-houten.png,sentence_count,2.0
Milhouse,559,https://img.icons8.com/doodle/48/milhouse-van-houten.png,sentence_count,19.0
Milhouse,563,https://img.icons8.com/doodle/48/milhouse-van-houten.png,sentence_count,4.0
Milhouse,564,https://img.icons8.com/doodle/48/milhouse-van-houten.png,sentence_count,1.0
Milhouse,565,https://img.icons8.com/doodle/48/milhouse-van-houten.png,sentence_count,8.0
Milhouse,566,https://img.icons8.com/doodle/48/milhouse-van-houten.png,sentence_count,1.0
Moe,1,https://img.icons8.com/doodle/48/bartender-mo.png,sentence_count,2.0
Moe,3,https://img.icons8.com/doodle/48/bartender-mo.png,sentence_count,8.0
Moe,4,https://img.icons8.com/doodle/48/bartender-mo.png,sentence_count,4.0
Moe,6,https://img.icons8.com/doodle/48/bartender-mo.png,sentence_count,4.0
Moe,8,https://img.icons8.com/doodle/48/bartender-mo.png,sentence_count,3.0
Moe,10,https://img.icons8.com/doodle/48/bartender-mo.png,sentence_count,2.0
Moe,13,https://img.icons8.com/doodle/48/bartender-mo.png,sentence_count,16.0
Moe,17,https://img.icons8.com/doodle/48/bartender-mo.png,sentence_count,2.0
Moe,18,https://img.icons8.com/doodle/48/bartender-mo.png,sentence_count,5.0
Moe,21,https://img.icons8.com/doodle/48/bartender-mo.png,sentence_count,1.0
Moe,23,https://img.icons8.com/doodle/48/bartender-mo.png,sentence_count,3.0
Moe,24,https://img.icons8.com/doodle/48/bartender-mo.png,sentence_count,4.0
Moe,26,https://img.icons8.com/doodle/48/bartender-mo.png,sentence_count,4.0
Moe,27,https://img.icons8.com/doodle/48/bartender-mo.png,sentence_count,7.0
Moe,30,https://img.icons8.com/doodle/48/bartender-mo.png,sentence_count,1.0
Moe,33,https://img.icons8.com/doodle/48/bartender-mo.png,sentence_count,1.0
Moe,35,https://img.icons8.com/doodle/48/bartender-mo.png,sentence_count,5.0
Moe,36,https://img.icons8.com/doodle/48/bartender-mo.png,sentence_count,1.0
Moe,37,https://img.icons8.com/doodle/48/bartender-mo.png,sentence_count,1.0
Moe,38,https://img.icons8.com/doodle/48/bartender-mo.png,sentence_count,3.0
Moe,40,https://img.icons8.com/doodle/48/bartender-mo.png,sentence_count,4.0
Moe,41,https://img.icons8.com/doodle/48/bartender-mo.png,sentence_count,2.0
Moe,42,https://img.icons8.com/doodle/48/bartender-mo.png,sentence_count,3.0
Moe,43,https://img.icons8.com/doodle/48/bartender-mo.png,sentence_count,4.0
Moe,45,https://img.icons8.com/doodle/48/bartender-mo.png,sentence_count,71.0
Moe,46,https://img.icons8.com/doodle/48/bartender-mo.png,sentence_count,13.0
Moe,49,https://img.icons8.com/doodle/48/bartender-mo.png,sentence_count,17.0
Moe,52,https://img.icons8.com/doodle/48/bartender-mo.png,sentence_count,4.0
Moe,54,https://img.icons8.com/doodle/48/bartender-mo.png,sentence_count,2.0
Moe,55,https://img.icons8.com/doodle/48/bartender-mo.png,sentence_count,5.0
Moe,59,https://img.icons8.com/doodle/48/bartender-mo.png,sentence_count,2.0
Moe,62,https://img.icons8.com/doodle/48/bartender-mo.png,sentence_count,2.0
Moe,63,https://img.icons8.com/doodle/48/bartender-mo.png,sentence_count,1.0
Moe,67,https://img.icons8.com/doodle/48/bartender-mo.png,sentence_count,13.0
Moe,68,https://img.icons8.com/doodle/48/bartender-mo.png,sentence_count,5.0
Moe,70,https://img.icons8.com/doodle/48/bartender-mo.png,sentence_count,5.0
Moe,74,https://img.icons8.com/doodle/48/bartender-mo.png,sentence_count,2.0
Moe,75,https://img.icons8.com/doodle/48/bartender-mo.png,sentence_count,5.0
Moe,77,https://img.icons8.com/doodle/48/bartender-mo.png,sentence_count,2.0
Moe,81,https://img.icons8.com/doodle/48/bartender-mo.png,sentence_count,5.0
Moe,82,https://img.icons8.com/doodle/48/bartender-mo.png,sentence_count,5.0
Moe,83,https://img.icons8.com/doodle/48/bartender-mo.png,sentence_count,3.0
Moe,85,https://img.icons8.com/doodle/48/bartender-mo.png,sentence_count,4.0
Moe,87,https://img.icons8.com/doodle/48/bartender-mo.png,sentence_count,1.0
Moe,88,https://img.icons8.com/doodle/48/bartender-mo.png,sentence_count,7.0
Moe,89,https://img.icons8.com/doodle/48/bartender-mo.png,sentence_count,1.0
Moe,90,https://img.icons8.com/doodle/48/bartender-mo.png,sentence_count,2.0
Moe,92,https://img.icons8.com/doodle/48/bartender-mo.png,sentence_count,8.0
Moe,97,https://img.icons8.com/doodle/48/bartender-mo.png,sentence_count,5.0
Moe,98,https://img.icons8.com/doodle/48/bartender-mo.png,sentence_count,2.0
Moe,99,https://img.icons8.com/doodle/48/bartender-mo.png,sentence_count,2.0
Moe,101,https://img.icons8.com/doodle/48/bartender-mo.png,sentence_count,2.0
Moe,103,https://img.icons8.com/doodle/48/bartender-mo.png,sentence_count,19.0
Moe,106,https://img.icons8.com/doodle/48/bartender-mo.png,sentence_count,2.0
Moe,108,https://img.icons8.com/doodle/48/bartender-mo.png,sentence_count,3.0
Moe,109,https://img.icons8.com/doodle/48/bartender-mo.png,sentence_count,9.0
Moe,110,https://img.icons8.com/doodle/48/bartender-mo.png,sentence_count,2.0
Moe,111,https://img.icons8.com/doodle/48/bartender-mo.png,sentence_count,4.0
Moe,112,https://img.icons8.com/doodle/48/bartender-mo.png,sentence_count,3.0
Moe,114,https://img.icons8.com/doodle/48/bartender-mo.png,sentence_count,13.0
Moe,115,https://img.icons8.com/doodle/48/bartender-mo.png,sentence_count,13.0
Moe,116,https://img.icons8.com/doodle/48/bartender-mo.png,sentence_count,1.0
Moe,117,https://img.icons8.com/doodle/48/bartender-mo.png,sentence_count,9.0
Moe,120,https://img.icons8.com/doodle/48/bartender-mo.png,sentence_count,4.0
Moe,121,https://img.icons8.com/doodle/48/bartender-mo.png,sentence_count,4.0
Moe,122,https://img.icons8.com/doodle/48/bartender-mo.png,sentence_count,3.0
Moe,124,https://img.icons8.com/doodle/48/bartender-mo.png,sentence_count,4.0
Moe,125,https://img.icons8.com/doodle/48/bartender-mo.png,sentence_count,1.0
Moe,126,https://img.icons8.com/doodle/48/bartender-mo.png,sentence_count,9.0
Moe,128,https://img.icons8.com/doodle/48/bartender-mo.png,sentence_count,3.0
Moe,129,https://img.icons8.com/doodle/48/bartender-mo.png,sentence_count,5.0
Moe,130,https://img.icons8.com/doodle/48/bartender-mo.png,sentence_count,5.0
Moe,132,https://img.icons8.com/doodle/48/bartender-mo.png,sentence_count,35.0
Moe,137,https://img.icons8.com/doodle/48/bartender-mo.png,sentence_count,1.0
Moe,140,https://img.icons8.com/doodle/48/bartender-mo.png,sentence_count,22.0
Moe,141,https://img.icons8.com/doodle/48/bartender-mo.png,sentence_count,1.0
Moe,143,https://img.icons8.com/doodle/48/bartender-mo.png,sentence_count,2.0
Moe,144,https://img.icons8.com/doodle/48/bartender-mo.png,sentence_count,4.0
Moe,145,https://img.icons8.com/doodle/48/bartender-mo.png,sentence_count,4.0
Moe,148,https://img.icons8.com/doodle/48/bartender-mo.png,sentence_count,2.0
Moe,149,https://img.icons8.com/doodle/48/bartender-mo.png,sentence_count,7.0
Moe,151,https://img.icons8.com/doodle/48/bartender-mo.png,sentence_count,4.0
Moe,155,https://img.icons8.com/doodle/48/bartender-mo.png,sentence_count,1.0
Moe,156,https://img.icons8.com/doodle/48/bartender-mo.png,sentence_count,54.0
Moe,157,https://img.icons8.com/doodle/48/bartender-mo.png,sentence_count,1.0
Moe,158,https://img.icons8.com/doodle/48/bartender-mo.png,sentence_count,3.0
Moe,161,https://img.icons8.com/doodle/48/bartender-mo.png,sentence_count,2.0
Moe,162,https://img.icons8.com/doodle/48/bartender-mo.png,sentence_count,1.0
Moe,163,https://img.icons8.com/doodle/48/bartender-mo.png,sentence_count,9.0
Moe,164,https://img.icons8.com/doodle/48/bartender-mo.png,sentence_count,3.0
Moe,166,https://img.icons8.com/doodle/48/bartender-mo.png,sentence_count,3.0
Moe,167,https://img.icons8.com/doodle/48/bartender-mo.png,sentence_count,1.0
Moe,168,https://img.icons8.com/doodle/48/bartender-mo.png,sentence_count,17.0
Moe,170,https://img.icons8.com/doodle/48/bartender-mo.png,sentence_count,1.0
Moe,171,https://img.icons8.com/doodle/48/bartender-mo.png,sentence_count,10.0
Moe,173,https://img.icons8.com/doodle/48/bartender-mo.png,sentence_count,3.0
Moe,174,https://img.icons8.com/doodle/48/bartender-mo.png,sentence_count,1.0
Moe,175,https://img.icons8.com/doodle/48/bartender-mo.png,sentence_count,8.0
Moe,176,https://img.icons8.com/doodle/48/bartender-mo.png,sentence_count,7.0
Moe,177,https://img.icons8.com/doodle/48/bartender-mo.png,sentence_count,25.0
Moe,179,https://img.icons8.com/doodle/48/bartender-mo.png,sentence_count,6.0
Moe,181,https://img.icons8.com/doodle/48/bartender-mo.png,sentence_count,4.0
Moe,182,https://img.icons8.com/doodle/48/bartender-mo.png,sentence_count,5.0
Moe,183,https://img.icons8.com/doodle/48/bartender-mo.png,sentence_count,14.0
Moe,185,https://img.icons8.com/doodle/48/bartender-mo.png,sentence_count,10.0
Moe,186,https://img.icons8.com/doodle/48/bartender-mo.png,sentence_count,10.0
Moe,187,https://img.icons8.com/doodle/48/bartender-mo.png,sentence_count,7.0
Moe,188,https://img.icons8.com/doodle/48/bartender-mo.png,sentence_count,9.0
Moe,191,https://img.icons8.com/doodle/48/bartender-mo.png,sentence_count,9.0
Moe,193,https://img.icons8.com/doodle/48/bartender-mo.png,sentence_count,3.0
Moe,194,https://img.icons8.com/doodle/48/bartender-mo.png,sentence_count,89.0
Moe,197,https://img.icons8.com/doodle/48/bartender-mo.png,sentence_count,13.0
Moe,198,https://img.icons8.com/doodle/48/bartender-mo.png,sentence_count,5.0
Moe,200,https://img.icons8.com/doodle/48/bartender-mo.png,sentence_count,9.0
Moe,202,https://img.icons8.com/doodle/48/bartender-mo.png,sentence_count,3.0
Moe,203,https://img.icons8.com/doodle/48/bartender-mo.png,sentence_count,2.0
Moe,205,https://img.icons8.com/doodle/48/bartender-mo.png,sentence_count,2.0
Moe,206,https://img.icons8.com/doodle/48/bartender-mo.png,sentence_count,5.0
Moe,207,https://img.icons8.com/doodle/48/bartender-mo.png,sentence_count,4.0
Moe,208,https://img.icons8.com/doodle/48/bartender-mo.png,sentence_count,9.0
Moe,211,https://img.icons8.com/doodle/48/bartender-mo.png,sentence_count,4.0
Moe,212,https://img.icons8.com/doodle/48/bartender-mo.png,sentence_count,7.0
Moe,213,https://img.icons8.com/doodle/48/bartender-mo.png,sentence_count,2.0
Moe,214,https://img.icons8.com/doodle/48/bartender-mo.png,sentence_count,4.0
Moe,215,https://img.icons8.com/doodle/48/bartender-mo.png,sentence_count,6.0
Moe,216,https://img.icons8.com/doodle/48/bartender-mo.png,sentence_count,5.0
Moe,217,https://img.icons8.com/doodle/48/bartender-mo.png,sentence_count,12.0
Moe,218,https://img.icons8.com/doodle/48/bartender-mo.png,sentence_count,1.0
Moe,219,https://img.icons8.com/doodle/48/bartender-mo.png,sentence_count,2.0
Moe,222,https://img.icons8.com/doodle/48/bartender-mo.png,sentence_count,5.0
Moe,223,https://img.icons8.com/doodle/48/bartender-mo.png,sentence_count,4.0
Moe,224,https://img.icons8.com/doodle/48/bartender-mo.png,sentence_count,2.0
Moe,225,https://img.icons8.com/doodle/48/bartender-mo.png,sentence_count,3.0
Moe,226,https://img.icons8.com/doodle/48/bartender-mo.png,sentence_count,1.0
Moe,227,https://img.icons8.com/doodle/48/bartender-mo.png,sentence_count,2.0
Moe,228,https://img.icons8.com/doodle/48/bartender-mo.png,sentence_count,4.0
Moe,231,https://img.icons8.com/doodle/48/bartender-mo.png,sentence_count,5.0
Moe,232,https://img.icons8.com/doodle/48/bartender-mo.png,sentence_count,3.0
Moe,234,https://img.icons8.com/doodle/48/bartender-mo.png,sentence_count,6.0
Moe,235,https://img.icons8.com/doodle/48/bartender-mo.png,sentence_count,5.0
Moe,236,https://img.icons8.com/doodle/48/bartender-mo.png,sentence_count,4.0
Moe,238,https://img.icons8.com/doodle/48/bartender-mo.png,sentence_count,9.0
Moe,239,https://img.icons8.com/doodle/48/bartender-mo.png,sentence_count,5.0
Moe,240,https://img.icons8.com/doodle/48/bartender-mo.png,sentence_count,4.0
Moe,242,https://img.icons8.com/doodle/48/bartender-mo.png,sentence_count,72.0
Moe,243,https://img.icons8.com/doodle/48/bartender-mo.png,sentence_count,2.0
Moe,244,https://img.icons8.com/doodle/48/bartender-mo.png,sentence_count,19.0
Moe,247,https://img.icons8.com/doodle/48/bartender-mo.png,sentence_count,3.0
Moe,248,https://img.icons8.com/doodle/48/bartender-mo.png,sentence_count,1.0
Moe,249,https://img.icons8.com/doodle/48/bartender-mo.png,sentence_count,3.0
Moe,250,https://img.icons8.com/doodle/48/bartender-mo.png,sentence_count,5.0
Moe,251,https://img.icons8.com/doodle/48/bartender-mo.png,sentence_count,2.0
Moe,252,https://img.icons8.com/doodle/48/bartender-mo.png,sentence_count,4.0
Moe,253,https://img.icons8.com/doodle/48/bartender-mo.png,sentence_count,1.0
Moe,254,https://img.icons8.com/doodle/48/bartender-mo.png,sentence_count,5.0
Moe,257,https://img.icons8.com/doodle/48/bartender-mo.png,sentence_count,12.0
Moe,258,https://img.icons8.com/doodle/48/bartender-mo.png,sentence_count,5.0
Moe,259,https://img.icons8.com/doodle/48/bartender-mo.png,sentence_count,7.0
Moe,260,https://img.icons8.com/doodle/48/bartender-mo.png,sentence_count,3.0
Moe,261,https://img.icons8.com/doodle/48/bartender-mo.png,sentence_count,11.0
Moe,262,https://img.icons8.com/doodle/48/bartender-mo.png,sentence_count,1.0
Moe,263,https://img.icons8.com/doodle/48/bartender-mo.png,sentence_count,4.0
Moe,265,https://img.icons8.com/doodle/48/bartender-mo.png,sentence_count,1.0
Moe,266,https://img.icons8.com/doodle/48/bartender-mo.png,sentence_count,4.0
Moe,267,https://img.icons8.com/doodle/48/bartender-mo.png,sentence_count,4.0
Moe,268,https://img.icons8.com/doodle/48/bartender-mo.png,sentence_count,4.0
Moe,269,https://img.icons8.com/doodle/48/bartender-mo.png,sentence_count,12.0
Moe,270,https://img.icons8.com/doodle/48/bartender-mo.png,sentence_count,1.0
Moe,271,https://img.icons8.com/doodle/48/bartender-mo.png,sentence_count,6.0
Moe,272,https://img.icons8.com/doodle/48/bartender-mo.png,sentence_count,76.0
Moe,274,https://img.icons8.com/doodle/48/bartender-mo.png,sentence_count,26.0
Moe,276,https://img.icons8.com/doodle/48/bartender-mo.png,sentence_count,2.0
Moe,277,https://img.icons8.com/doodle/48/bartender-mo.png,sentence_count,5.0
Moe,278,https://img.icons8.com/doodle/48/bartender-mo.png,sentence_count,6.0
Moe,279,https://img.icons8.com/doodle/48/bartender-mo.png,sentence_count,3.0
Moe,280,https://img.icons8.com/doodle/48/bartender-mo.png,sentence_count,2.0
Moe,283,https://img.icons8.com/doodle/48/bartender-mo.png,sentence_count,18.0
Moe,285,https://img.icons8.com/doodle/48/bartender-mo.png,sentence_count,8.0
Moe,286,https://img.icons8.com/doodle/48/bartender-mo.png,sentence_count,4.0
Moe,287,https://img.icons8.com/doodle/48/bartender-mo.png,sentence_count,3.0
Moe,288,https://img.icons8.com/doodle/48/bartender-mo.png,sentence_count,7.0
Moe,290,https://img.icons8.com/doodle/48/bartender-mo.png,sentence_count,9.0
Moe,291,https://img.icons8.com/doodle/48/bartender-mo.png,sentence_count,5.0
Moe,292,https://img.icons8.com/doodle/48/bartender-mo.png,sentence_count,4.0
Moe,293,https://img.icons8.com/doodle/48/bartender-mo.png,sentence_count,13.0
Moe,295,https://img.icons8.com/doodle/48/bartender-mo.png,sentence_count,4.0
Moe,296,https://img.icons8.com/doodle/48/bartender-mo.png,sentence_count,6.0
Moe,297,https://img.icons8.com/doodle/48/bartender-mo.png,sentence_count,3.0
Moe,299,https://img.icons8.com/doodle/48/bartender-mo.png,sentence_count,5.0
Moe,300,https://img.icons8.com/doodle/48/bartender-mo.png,sentence_count,6.0
Moe,301,https://img.icons8.com/doodle/48/bartender-mo.png,sentence_count,12.0
Moe,303,https://img.icons8.com/doodle/48/bartender-mo.png,sentence_count,4.0
Moe,304,https://img.icons8.com/doodle/48/bartender-mo.png,sentence_count,3.0
Moe,305,https://img.icons8.com/doodle/48/bartender-mo.png,sentence_count,1.0
Moe,306,https://img.icons8.com/doodle/48/bartender-mo.png,sentence_count,3.0
Moe,307,https://img.icons8.com/doodle/48/bartender-mo.png,sentence_count,5.0
Moe,308,https://img.icons8.com/doodle/48/bartender-mo.png,sentence_count,4.0
Moe,309,https://img.icons8.com/doodle/48/bartender-mo.png,sentence_count,5.0
Moe,310,https://img.icons8.com/doodle/48/bartender-mo.png,sentence_count,4.0
Moe,311,https://img.icons8.com/doodle/48/bartender-mo.png,sentence_count,6.0
Moe,312,https://img.icons8.com/doodle/48/bartender-mo.png,sentence_count,3.0
Moe,313,https://img.icons8.com/doodle/48/bartender-mo.png,sentence_count,92.0
Moe,314,https://img.icons8.com/doodle/48/bartender-mo.png,sentence_count,4.0
Moe,315,https://img.icons8.com/doodle/48/bartender-mo.png,sentence_count,1.0
Moe,317,https://img.icons8.com/doodle/48/bartender-mo.png,sentence_count,3.0
Moe,319,https://img.icons8.com/doodle/48/bartender-mo.png,sentence_count,2.0
Moe,320,https://img.icons8.com/doodle/48/bartender-mo.png,sentence_count,2.0
Moe,321,https://img.icons8.com/doodle/48/bartender-mo.png,sentence_count,3.0
Moe,322,https://img.icons8.com/doodle/48/bartender-mo.png,sentence_count,2.0
Moe,323,https://img.icons8.com/doodle/48/bartender-mo.png,sentence_count,1.0
Moe,324,https://img.icons8.com/doodle/48/bartender-mo.png,sentence_count,5.0
Moe,325,https://img.icons8.com/doodle/48/bartender-mo.png,sentence_count,1.0
Moe,326,https://img.icons8.com/doodle/48/bartender-mo.png,sentence_count,2.0
Moe,327,https://img.icons8.com/doodle/48/bartender-mo.png,sentence_count,5.0
Moe,328,https://img.icons8.com/doodle/48/bartender-mo.png,sentence_count,11.0
Moe,329,https://img.icons8.com/doodle/48/bartender-mo.png,sentence_count,2.0
Moe,330,https://img.icons8.com/doodle/48/bartender-mo.png,sentence_count,3.0
Moe,331,https://img.icons8.com/doodle/48/bartender-mo.png,sentence_count,2.0
Moe,332,https://img.icons8.com/doodle/48/bartender-mo.png,sentence_count,1.0
Moe,333,https://img.icons8.com/doodle/48/bartender-mo.png,sentence_count,9.0
Moe,334,https://img.icons8.com/doodle/48/bartender-mo.png,sentence_count,2.0
Moe,335,https://img.icons8.com/doodle/48/bartender-mo.png,sentence_count,1.0
Moe,337,https://img.icons8.com/doodle/48/bartender-mo.png,sentence_count,2.0
Moe,338,https://img.icons8.com/doodle/48/bartender-mo.png,sentence_count,3.0
Moe,339,https://img.icons8.com/doodle/48/bartender-mo.png,sentence_count,2.0
Moe,340,https://img.icons8.com/doodle/48/bartender-mo.png,sentence_count,2.0
Moe,341,https://img.icons8.com/doodle/48/bartender-mo.png,sentence_count,2.0
Moe,342,https://img.icons8.com/doodle/48/bartender-mo.png,sentence_count,56.0
Moe,343,https://img.icons8.com/doodle/48/bartender-mo.png,sentence_count,5.0
Moe,345,https://img.icons8.com/doodle/48/bartender-mo.png,sentence_count,5.0
Moe,348,https://img.icons8.com/doodle/48/bartender-mo.png,sentence_count,1.0
Moe,349,https://img.icons8.com/doodle/48/bartender-mo.png,sentence_count,2.0
Moe,350,https://img.icons8.com/doodle/48/bartender-mo.png,sentence_count,10.0
Moe,351,https://img.icons8.com/doodle/48/bartender-mo.png,sentence_count,6.0
Moe,354,https://img.icons8.com/doodle/48/bartender-mo.png,sentence_count,3.0
Moe,355,https://img.icons8.com/doodle/48/bartender-mo.png,sentence_count,2.0
Moe,357,https://img.icons8.com/doodle/48/bartender-mo.png,sentence_count,5.0
Moe,360,https://img.icons8.com/doodle/48/bartender-mo.png,sentence_count,10.0
Moe,361,https://img.icons8.com/doodle/48/bartender-mo.png,sentence_count,19.0
Moe,362,https://img.icons8.com/doodle/48/bartender-mo.png,sentence_count,4.0
Moe,363,https://img.icons8.com/doodle/48/bartender-mo.png,sentence_count,2.0
Moe,365,https://img.icons8.com/doodle/48/bartender-mo.png,sentence_count,5.0
Moe,366,https://img.icons8.com/doodle/48/bartender-mo.png,sentence_count,3.0
Moe,367,https://img.icons8.com/doodle/48/bartender-mo.png,sentence_count,4.0
Moe,368,https://img.icons8.com/doodle/48/bartender-mo.png,sentence_count,2.0
Moe,369,https://img.icons8.com/doodle/48/bartender-mo.png,sentence_count,39.0
Moe,371,https://img.icons8.com/doodle/48/bartender-mo.png,sentence_count,1.0
Moe,373,https://img.icons8.com/doodle/48/bartender-mo.png,sentence_count,3.0
Moe,374,https://img.icons8.com/doodle/48/bartender-mo.png,sentence_count,13.0
Moe,376,https://img.icons8.com/doodle/48/bartender-mo.png,sentence_count,9.0
Moe,377,https://img.icons8.com/doodle/48/bartender-mo.png,sentence_count,2.0
Moe,378,https://img.icons8.com/doodle/48/bartender-mo.png,sentence_count,9.0
Moe,379,https://img.icons8.com/doodle/48/bartender-mo.png,sentence_count,3.0
Moe,380,https://img.icons8.com/doodle/48/bartender-mo.png,sentence_count,2.0
Moe,382,https://img.icons8.com/doodle/48/bartender-mo.png,sentence_count,1.0
Moe,383,https://img.icons8.com/doodle/48/bartender-mo.png,sentence_count,10.0
Moe,384,https://img.icons8.com/doodle/48/bartender-mo.png,sentence_count,53.0
Moe,385,https://img.icons8.com/doodle/48/bartender-mo.png,sentence_count,4.0
Moe,386,https://img.icons8.com/doodle/48/bartender-mo.png,sentence_count,1.0
Moe,387,https://img.icons8.com/doodle/48/bartender-mo.png,sentence_count,3.0
Moe,388,https://img.icons8.com/doodle/48/bartender-mo.png,sentence_count,7.0
Moe,390,https://img.icons8.com/doodle/48/bartender-mo.png,sentence_count,1.0
Moe,391,https://img.icons8.com/doodle/48/bartender-mo.png,sentence_count,9.0
Moe,393,https://img.icons8.com/doodle/48/bartender-mo.png,sentence_count,2.0
Moe,394,https://img.icons8.com/doodle/48/bartender-mo.png,sentence_count,4.0
Moe,395,https://img.icons8.com/doodle/48/bartender-mo.png,sentence_count,12.0
Moe,396,https://img.icons8.com/doodle/48/bartender-mo.png,sentence_count,6.0
Moe,397,https://img.icons8.com/doodle/48/bartender-mo.png,sentence_count,26.0
Moe,399,https://img.icons8.com/doodle/48/bartender-mo.png,sentence_count,2.0
Moe,402,https://img.icons8.com/doodle/48/bartender-mo.png,sentence_count,1.0
Moe,403,https://img.icons8.com/doodle/48/bartender-mo.png,sentence_count,10.0
Moe,404,https://img.icons8.com/doodle/48/bartender-mo.png,sentence_count,1.0
Moe,405,https://img.icons8.com/doodle/48/bartender-mo.png,sentence_count,2.0
Moe,408,https://img.icons8.com/doodle/48/bartender-mo.png,sentence_count,4.0
Moe,409,https://img.icons8.com/doodle/48/bartender-mo.png,sentence_count,12.0
Moe,410,https://img.icons8.com/doodle/48/bartender-mo.png,sentence_count,6.0
Moe,411,https://img.icons8.com/doodle/48/bartender-mo.png,sentence_count,3.0
Moe,412,https://img.icons8.com/doodle/48/bartender-mo.png,sentence_count,5.0
Moe,414,https://img.icons8.com/doodle/48/bartender-mo.png,sentence_count,1.0
Moe,416,https://img.icons8.com/doodle/48/bartender-mo.png,sentence_count,3.0
Moe,419,https://img.icons8.com/doodle/48/bartender-mo.png,sentence_count,6.0
Moe,420,https://img.icons8.com/doodle/48/bartender-mo.png,sentence_count,1.0
Moe,421,https://img.icons8.com/doodle/48/bartender-mo.png,sentence_count,1.0
Moe,422,https://img.icons8.com/doodle/48/bartender-mo.png,sentence_count,2.0
Moe,423,https://img.icons8.com/doodle/48/bartender-mo.png,sentence_count,4.0
Moe,426,https://img.icons8.com/doodle/48/bartender-mo.png,sentence_count,8.0
Moe,427,https://img.icons8.com/doodle/48/bartender-mo.png,sentence_count,3.0
Moe,428,https://img.icons8.com/doodle/48/bartender-mo.png,sentence_count,11.0
Moe,430,https://img.icons8.com/doodle/48/bartender-mo.png,sentence_count,1.0
Moe,432,https://img.icons8.com/doodle/48/bartender-mo.png,sentence_count,7.0
Moe,434,https://img.icons8.com/doodle/48/bartender-mo.png,sentence_count,7.0
Moe,435,https://img.icons8.com/doodle/48/bartender-mo.png,sentence_count,2.0
Moe,436,https://img.icons8.com/doodle/48/bartender-mo.png,sentence_count,82.0
Moe,438,https://img.icons8.com/doodle/48/bartender-mo.png,sentence_count,4.0
Moe,442,https://img.icons8.com/doodle/48/bartender-mo.png,sentence_count,1.0
Moe,443,https://img.icons8.com/doodle/48/bartender-mo.png,sentence_count,1.0
Moe,444,https://img.icons8.com/doodle/48/bartender-mo.png,sentence_count,7.0
Moe,445,https://img.icons8.com/doodle/48/bartender-mo.png,sentence_count,32.0
Moe,448,https://img.icons8.com/doodle/48/bartender-mo.png,sentence_count,11.0
Moe,450,https://img.icons8.com/doodle/48/bartender-mo.png,sentence_count,2.0
Moe,451,https://img.icons8.com/doodle/48/bartender-mo.png,sentence_count,3.0
Moe,452,https://img.icons8.com/doodle/48/bartender-mo.png,sentence_count,4.0
Moe,453,https://img.icons8.com/doodle/48/bartender-mo.png,sentence_count,2.0
Moe,455,https://img.icons8.com/doodle/48/bartender-mo.png,sentence_count,1.0
Moe,458,https://img.icons8.com/doodle/48/bartender-mo.png,sentence_count,7.0
Moe,459,https://img.icons8.com/doodle/48/bartender-mo.png,sentence_count,1.0
Moe,460,https://img.icons8.com/doodle/48/bartender-mo.png,sentence_count,1.0
Moe,461,https://img.icons8.com/doodle/48/bartender-mo.png,sentence_count,3.0
Moe,462,https://img.icons8.com/doodle/48/bartender-mo.png,sentence_count,35.0
Moe,464,https://img.icons8.com/doodle/48/bartender-mo.png,sentence_count,63.0
Moe,465,https://img.icons8.com/doodle/48/bartender-mo.png,sentence_count,1.0
Moe,467,https://img.icons8.com/doodle/48/bartender-mo.png,sentence_count,5.0
Moe,468,https://img.icons8.com/doodle/48/bartender-mo.png,sentence_count,1.0
Moe,469,https://img.icons8.com/doodle/48/bartender-mo.png,sentence_count,1.0
Moe,471,https://img.icons8.com/doodle/48/bartender-mo.png,sentence_count,4.0
Moe,472,https://img.icons8.com/doodle/48/bartender-mo.png,sentence_count,20.0
Moe,473,https://img.icons8.com/doodle/48/bartender-mo.png,sentence_count,10.0
Moe,474,https://img.icons8.com/doodle/48/bartender-mo.png,sentence_count,3.0
Moe,475,https://img.icons8.com/doodle/48/bartender-mo.png,sentence_count,43.0
Moe,477,https://img.icons8.com/doodle/48/bartender-mo.png,sentence_count,19.0
Moe,479,https://img.icons8.com/doodle/48/bartender-mo.png,sentence_count,1.0
Moe,480,https://img.icons8.com/doodle/48/bartender-mo.png,sentence_count,2.0
Moe,481,https://img.icons8.com/doodle/48/bartender-mo.png,sentence_count,3.0
Moe,484,https://img.icons8.com/doodle/48/bartender-mo.png,sentence_count,5.0
Moe,486,https://img.icons8.com/doodle/48/bartender-mo.png,sentence_count,3.0
Moe,487,https://img.icons8.com/doodle/48/bartender-mo.png,sentence_count,7.0
Moe,489,https://img.icons8.com/doodle/48/bartender-mo.png,sentence_count,1.0
Moe,490,https://img.icons8.com/doodle/48/bartender-mo.png,sentence_count,2.0
Moe,492,https://img.icons8.com/doodle/48/bartender-mo.png,sentence_count,15.0
Moe,494,https://img.icons8.com/doodle/48/bartender-mo.png,sentence_count,1.0
Moe,495,https://img.icons8.com/doodle/48/bartender-mo.png,sentence_count,1.0
Moe,496,https://img.icons8.com/doodle/48/bartender-mo.png,sentence_count,1.0
Moe,498,https://img.icons8.com/doodle/48/bartender-mo.png,sentence_count,15.0
Moe,499,https://img.icons8.com/doodle/48/bartender-mo.png,sentence_count,2.0
Moe,500,https://img.icons8.com/doodle/48/bartender-mo.png,sentence_count,4.0
Moe,501,https://img.icons8.com/doodle/48/bartender-mo.png,sentence_count,2.0
Moe,502,https://img.icons8.com/doodle/48/bartender-mo.png,sentence_count,2.0
Moe,503,https://img.icons8.com/doodle/48/bartender-mo.png,sentence_count,8.0
Moe,504,https://img.icons8.com/doodle/48/bartender-mo.png,sentence_count,2.0
Moe,505,https://img.icons8.com/doodle/48/bartender-mo.png,sentence_count,1.0
Moe,506,https://img.icons8.com/doodle/48/bartender-mo.png,sentence_count,3.0
Moe,507,https://img.icons8.com/doodle/48/bartender-mo.png,sentence_count,3.0
Moe,508,https://img.icons8.com/doodle/48/bartender-mo.png,sentence_count,6.0
Moe,509,https://img.icons8.com/doodle/48/bartender-mo.png,sentence_count,2.0
Moe,511,https://img.icons8.com/doodle/48/bartender-mo.png,sentence_count,5.0
Moe,512,https://img.icons8.com/doodle/48/bartender-mo.png,sentence_count,3.0
Moe,513,https://img.icons8.com/doodle/48/bartender-mo.png,sentence_count,11.0
Moe,514,https://img.icons8.com/doodle/48/bartender-mo.png,sentence_count,12.0
Moe,515,https://img.icons8.com/doodle/48/bartender-mo.png,sentence_count,1.0
Moe,517,https://img.icons8.com/doodle/48/bartender-mo.png,sentence_count,4.0
Moe,518,https://img.icons8.com/doodle/48/bartender-mo.png,sentence_count,1.0
Moe,519,https://img.icons8.com/doodle/48/bartender-mo.png,sentence_count,2.0
Moe,521,https://img.icons8.com/doodle/48/bartender-mo.png,sentence_count,3.0
Moe,522,https://img.icons8.com/doodle/48/bartender-mo.png,sentence_count,1.0
Moe,524,https://img.icons8.com/doodle/48/bartender-mo.png,sentence_count,7.0
Moe,525,https://img.icons8.com/doodle/48/bartender-mo.png,sentence_count,3.0
Moe,526,https://img.icons8.com/doodle/48/bartender-mo.png,sentence_count,7.0
Moe,527,https://img.icons8.com/doodle/48/bartender-mo.png,sentence_count,64.0
Moe,528,https://img.icons8.com/doodle/48/bartender-mo.png,sentence_count,6.0
Moe,529,https://img.icons8.com/doodle/48/bartender-mo.png,sentence_count,43.0
Moe,530,https://img.icons8.com/doodle/48/bartender-mo.png,sentence_count,7.0
Moe,531,https://img.icons8.com/doodle/48/bartender-mo.png,sentence_count,4.0
Moe,532,https://img.icons8.com/doodle/48/bartender-mo.png,sentence_count,13.0
Moe,534,https://img.icons8.com/doodle/48/bartender-mo.png,sentence_count,2.0
Moe,535,https://img.icons8.com/doodle/48/bartender-mo.png,sentence_count,5.0
Moe,538,https://img.icons8.com/doodle/48/bartender-mo.png,sentence_count,1.0
Moe,541,https://img.icons8.com/doodle/48/bartender-mo.png,sentence_count,8.0
Moe,544,https://img.icons8.com/doodle/48/bartender-mo.png,sentence_count,2.0
Moe,545,https://img.icons8.com/doodle/48/bartender-mo.png,sentence_count,1.0
Moe,547,https://img.icons8.com/doodle/48/bartender-mo.png,sentence_count,5.0
Moe,548,https://img.icons8.com/doodle/48/bartender-mo.png,sentence_count,8.0
Moe,549,https://img.icons8.com/doodle/48/bartender-mo.png,sentence_count,10.0
Moe,554,https://img.icons8.com/doodle/48/bartender-mo.png,sentence_count,1.0
Moe,555,https://img.icons8.com/doodle/48/bartender-mo.png,sentence_count,3.0
Moe,557,https://img.icons8.com/doodle/48/bartender-mo.png,sentence_count,1.0
Moe,558,https://img.icons8.com/doodle/48/bartender-mo.png,sentence_count,2.0
Moe,560,https://img.icons8.com/doodle/48/bartender-mo.png,sentence_count,7.0
Moe,561,https://img.icons8.com/doodle/48/bartender-mo.png,sentence_count,26.0
Moe,565,https://img.icons8.com/doodle/48/bartender-mo.png,sentence_count,9.0
Moe,566,https://img.icons8.com/doodle/48/bartender-mo.png,sentence_count,51.0
Moe,567,https://img.icons8.com/doodle/48/bartender-mo.png,sentence_count,57.0
Mr. Burns,1,https://img.icons8.com/doodle/48/charles-montgomery-burns.png,sentence_count,3.0
Mr. Burns,3,https://img.icons8.com/doodle/48/charles-montgomery-burns.png,sentence_count,13.0
Mr. Burns,4,https://img.icons8.com/doodle/48/charles-montgomery-burns.png,sentence_count,18.0
Mr. Burns,8,https://img.icons8.com/doodle/48/charles-montgomery-burns.png,sentence_count,5.0
Mr. Burns,10,https://img.icons8.com/doodle/48/charles-montgomery-burns.png,sentence_count,13.0
Mr. Burns,14,https://img.icons8.com/doodle/48/charles-montgomery-burns.png,sentence_count,1.0
Mr. Burns,15,https://img.icons8.com/doodle/48/charles-montgomery-burns.png,sentence_count,29.0
Mr. Burns,17,https://img.icons8.com/doodle/48/charles-montgomery-burns.png,sentence_count,78.0
Mr. Burns,18,https://img.icons8.com/doodle/48/charles-montgomery-burns.png,sentence_count,18.0
Mr. Burns,20,https://img.icons8.com/doodle/48/charles-montgomery-burns.png,sentence_count,3.0
Mr. Burns,23,https://img.icons8.com/doodle/48/charles-montgomery-burns.png,sentence_count,42.0
Mr. Burns,24,https://img.icons8.com/doodle/48/charles-montgomery-burns.png,sentence_count,3.0
Mr. Burns,26,https://img.icons8.com/doodle/48/charles-montgomery-burns.png,sentence_count,8.0
Mr. Burns,30,https://img.icons8.com/doodle/48/charles-montgomery-burns.png,sentence_count,5.0
Mr. Burns,31,https://img.icons8.com/doodle/48/charles-montgomery-burns.png,sentence_count,33.0
Mr. Burns,35,https://img.icons8.com/doodle/48/charles-montgomery-burns.png,sentence_count,50.0
Mr. Burns,36,https://img.icons8.com/doodle/48/charles-montgomery-burns.png,sentence_count,7.0
Mr. Burns,37,https://img.icons8.com/doodle/48/charles-montgomery-burns.png,sentence_count,2.0
Mr. Burns,38,https://img.icons8.com/doodle/48/charles-montgomery-burns.png,sentence_count,13.0
Mr. Burns,39,https://img.icons8.com/doodle/48/charles-montgomery-burns.png,sentence_count,1.0
Mr. Burns,40,https://img.icons8.com/doodle/48/charles-montgomery-burns.png,sentence_count,31.0
Mr. Burns,42,https://img.icons8.com/doodle/48/charles-montgomery-burns.png,sentence_count,32.0
Mr. Burns,43,https://img.icons8.com/doodle/48/charles-montgomery-burns.png,sentence_count,8.0
Mr. Burns,46,https://img.icons8.com/doodle/48/charles-montgomery-burns.png,sentence_count,47.0
Mr. Burns,47,https://img.icons8.com/doodle/48/charles-montgomery-burns.png,sentence_count,8.0
Mr. Burns,52,https://img.icons8.com/doodle/48/charles-montgomery-burns.png,sentence_count,63.0
Mr. Burns,54,https://img.icons8.com/doodle/48/charles-montgomery-burns.png,sentence_count,18.0
Mr. Burns,59,https://img.icons8.com/doodle/48/charles-montgomery-burns.png,sentence_count,14.0
Mr. Burns,64,https://img.icons8.com/doodle/48/charles-montgomery-burns.png,sentence_count,17.0
Mr. Burns,66,https://img.icons8.com/doodle/48/charles-montgomery-burns.png,sentence_count,31.0
Mr. Burns,70,https://img.icons8.com/doodle/48/charles-montgomery-burns.png,sentence_count,10.0
Mr. Burns,71,https://img.icons8.com/doodle/48/charles-montgomery-burns.png,sentence_count,5.0
Mr. Burns,76,https://img.icons8.com/doodle/48/charles-montgomery-burns.png,sentence_count,43.0
Mr. Burns,77,https://img.icons8.com/doodle/48/charles-montgomery-burns.png,sentence_count,7.0
Mr. Burns,80,https://img.icons8.com/doodle/48/charles-montgomery-burns.png,sentence_count,2.0
Mr. Burns,81,https://img.icons8.com/doodle/48/charles-montgomery-burns.png,sentence_count,1.0
Mr. Burns,84,https://img.icons8.com/doodle/48/charles-montgomery-burns.png,sentence_count,19.0
Mr. Burns,85,https://img.icons8.com/doodle/48/charles-montgomery-burns.png,sentence_count,63.0
Mr. Burns,86,https://img.icons8.com/doodle/48/charles-montgomery-burns.png,sentence_count,11.0
Mr. Burns,87,https://img.icons8.com/doodle/48/charles-montgomery-burns.png,sentence_count,2.0
Mr. Burns,88,https://img.icons8.com/doodle/48/charles-montgomery-burns.png,sentence_count,2.0
Mr. Burns,90,https://img.icons8.com/doodle/48/charles-montgomery-burns.png,sentence_count,13.0
Mr. Burns,91,https://img.icons8.com/doodle/48/charles-montgomery-burns.png,sentence_count,23.0
Mr. Burns,93,https://img.icons8.com/doodle/48/charles-montgomery-burns.png,sentence_count,1.0
Mr. Burns,95,https://img.icons8.com/doodle/48/charles-montgomery-burns.png,sentence_count,1.0
Mr. Burns,96,https://img.icons8.com/doodle/48/charles-montgomery-burns.png,sentence_count,2.0
Mr. Burns,97,https://img.icons8.com/doodle/48/charles-montgomery-burns.png,sentence_count,1.0
Mr. Burns,98,https://img.icons8.com/doodle/48/charles-montgomery-burns.png,sentence_count,1.0
Mr. Burns,99,https://img.icons8.com/doodle/48/charles-montgomery-burns.png,sentence_count,63.0
Mr. Burns,102,https://img.icons8.com/doodle/48/charles-montgomery-burns.png,sentence_count,26.0
Mr. Burns,103,https://img.icons8.com/doodle/48/charles-montgomery-burns.png,sentence_count,2.0
Mr. Burns,106,https://img.icons8.com/doodle/48/charles-montgomery-burns.png,sentence_count,6.0
Mr. Burns,108,https://img.icons8.com/doodle/48/charles-montgomery-burns.png,sentence_count,2.0
Mr. Burns,109,https://img.icons8.com/doodle/48/charles-montgomery-burns.png,sentence_count,6.0
Mr. Burns,115,https://img.icons8.com/doodle/48/charles-montgomery-burns.png,sentence_count,4.0
Mr. Burns,116,https://img.icons8.com/doodle/48/charles-montgomery-burns.png,sentence_count,6.0
Mr. Burns,121,https://img.icons8.com/doodle/48/charles-montgomery-burns.png,sentence_count,23.0
Mr. Burns,122,https://img.icons8.com/doodle/48/charles-montgomery-burns.png,sentence_count,2.0
Mr. Burns,123,https://img.icons8.com/doodle/48/charles-montgomery-burns.png,sentence_count,30.0
Mr. Burns,125,https://img.icons8.com/doodle/48/charles-montgomery-burns.png,sentence_count,1.0
Mr. Burns,128,https://img.icons8.com/doodle/48/charles-montgomery-burns.png,sentence_count,46.0
Mr. Burns,129,https://img.icons8.com/doodle/48/charles-montgomery-burns.png,sentence_count,27.0
Mr. Burns,133,https://img.icons8.com/doodle/48/charles-montgomery-burns.png,sentence_count,2.0
Mr. Burns,135,https://img.icons8.com/doodle/48/charles-montgomery-burns.png,sentence_count,16.0
Mr. Burns,136,https://img.icons8.com/doodle/48/charles-montgomery-burns.png,sentence_count,18.0
Mr. Burns,138,https://img.icons8.com/doodle/48/charles-montgomery-burns.png,sentence_count,20.0
Mr. Burns,140,https://img.icons8.com/doodle/48/charles-montgomery-burns.png,sentence_count,32.0
Mr. Burns,142,https://img.icons8.com/doodle/48/charles-montgomery-burns.png,sentence_count,16.0
Mr. Burns,145,https://img.icons8.com/doodle/48/charles-montgomery-burns.png,sentence_count,75.0
Mr. Burns,149,https://img.icons8.com/doodle/48/charles-montgomery-burns.png,sentence_count,8.0
Mr. Burns,150,https://img.icons8.com/doodle/48/charles-montgomery-burns.png,sentence_count,31.0
Mr. Burns,152,https://img.icons8.com/doodle/48/charles-montgomery-burns.png,sentence_count,1.0
Mr. Burns,155,https://img.icons8.com/doodle/48/charles-montgomery-burns.png,sentence_count,1.0
Mr. Burns,157,https://img.icons8.com/doodle/48/charles-montgomery-burns.png,sentence_count,43.0
Mr. Burns,158,https://img.icons8.com/doodle/48/charles-montgomery-burns.png,sentence_count,3.0
Mr. Burns,160,https://img.icons8.com/doodle/48/charles-montgomery-burns.png,sentence_count,2.0
Mr. Burns,163,https://img.icons8.com/doodle/48/charles-montgomery-burns.png,sentence_count,6.0
Mr. Burns,164,https://img.icons8.com/doodle/48/charles-montgomery-burns.png,sentence_count,1.0
Mr. Burns,165,https://img.icons8.com/doodle/48/charles-montgomery-burns.png,sentence_count,70.0
Mr. Burns,166,https://img.icons8.com/doodle/48/charles-montgomery-burns.png,sentence_count,4.0
Mr. Burns,173,https://img.icons8.com/doodle/48/charles-montgomery-burns.png,sentence_count,2.0
Mr. Burns,174,https://img.icons8.com/doodle/48/charles-montgomery-burns.png,sentence_count,75.0
Mr. Burns,176,https://img.icons8.com/doodle/48/charles-montgomery-burns.png,sentence_count,15.0
Mr. Burns,182,https://img.icons8.com/doodle/48/charles-montgomery-burns.png,sentence_count,2.0
Mr. Burns,184,https://img.icons8.com/doodle/48/charles-montgomery-burns.png,sentence_count,1.0
Mr. Burns,186,https://img.icons8.com/doodle/48/charles-montgomery-burns.png,sentence_count,3.0
Mr. Burns,188,https://img.icons8.com/doodle/48/charles-montgomery-burns.png,sentence_count,1.0
Mr. Burns,191,https://img.icons8.com/doodle/48/charles-montgomery-burns.png,sentence_count,9.0
Mr. Burns,196,https://img.icons8.com/doodle/48/charles-montgomery-burns.png,sentence_count,2.0
Mr. Burns,197,https://img.icons8.com/doodle/48/charles-montgomery-burns.png,sentence_count,4.0
Mr. Burns,198,https://img.icons8.com/doodle/48/charles-montgomery-burns.png,sentence_count,47.0
Mr. Burns,199,https://img.icons8.com/doodle/48/charles-montgomery-burns.png,sentence_count,2.0
Mr. Burns,200,https://img.icons8.com/doodle/48/charles-montgomery-burns.png,sentence_count,1.0
Mr. Burns,201,https://img.icons8.com/doodle/48/charles-montgomery-burns.png,sentence_count,2.0
Mr. Burns,202,https://img.icons8.com/doodle/48/charles-montgomery-burns.png,sentence_count,3.0
Mr. Burns,206,https://img.icons8.com/doodle/48/charles-montgomery-burns.png,sentence_count,3.0
Mr. Burns,209,https://img.icons8.com/doodle/48/charles-montgomery-burns.png,sentence_count,12.0
Mr. Burns,213,https://img.icons8.com/doodle/48/charles-montgomery-burns.png,sentence_count,2.0
Mr. Burns,216,https://img.icons8.com/doodle/48/charles-montgomery-burns.png,sentence_count,3.0
Mr. Burns,220,https://img.icons8.com/doodle/48/charles-montgomery-burns.png,sentence_count,4.0
Mr. Burns,222,https://img.icons8.com/doodle/48/charles-montgomery-burns.png,sentence_count,4.0
Mr. Burns,223,https://img.icons8.com/doodle/48/charles-montgomery-burns.png,sentence_count,2.0
Mr. Burns,224,https://img.icons8.com/doodle/48/charles-montgomery-burns.png,sentence_count,74.0
Mr. Burns,226,https://img.icons8.com/doodle/48/charles-montgomery-burns.png,sentence_count,1.0
Mr. Burns,228,https://img.icons8.com/doodle/48/charles-montgomery-burns.png,sentence_count,2.0
Mr. Burns,229,https://img.icons8.com/doodle/48/charles-montgomery-burns.png,sentence_count,4.0
Mr. Burns,232,https://img.icons8.com/doodle/48/charles-montgomery-burns.png,sentence_count,4.0
Mr. Burns,235,https://img.icons8.com/doodle/48/charles-montgomery-burns.png,sentence_count,8.0
Mr. Burns,238,https://img.icons8.com/doodle/48/charles-montgomery-burns.png,sentence_count,32.0
Mr. Burns,241,https://img.icons8.com/doodle/48/charles-montgomery-burns.png,sentence_count,5.0
Mr. Burns,245,https://img.icons8.com/doodle/48/charles-montgomery-burns.png,sentence_count,2.0
Mr. Burns,250,https://img.icons8.com/doodle/48/charles-montgomery-burns.png,sentence_count,6.0
Mr. Burns,253,https://img.icons8.com/doodle/48/charles-montgomery-burns.png,sentence_count,47.0
Mr. Burns,254,https://img.icons8.com/doodle/48/charles-montgomery-burns.png,sentence_count,9.0
Mr. Burns,256,https://img.icons8.com/doodle/48/charles-montgomery-burns.png,sentence_count,1.0
Mr. Burns,257,https://img.icons8.com/doodle/48/charles-montgomery-burns.png,sentence_count,2.0
Mr. Burns,260,https://img.icons8.com/doodle/48/charles-montgomery-burns.png,sentence_count,2.0
Mr. Burns,262,https://img.icons8.com/doodle/48/charles-montgomery-burns.png,sentence_count,2.0
Mr. Burns,268,https://img.icons8.com/doodle/48/charles-montgomery-burns.png,sentence_count,3.0
Mr. Burns,270,https://img.icons8.com/doodle/48/charles-montgomery-burns.png,sentence_count,3.0
Mr. Burns,273,https://img.icons8.com/doodle/48/charles-montgomery-burns.png,sentence_count,74.0
Mr. Burns,274,https://img.icons8.com/doodle/48/charles-montgomery-burns.png,sentence_count,22.0
Mr. Burns,275,https://img.icons8.com/doodle/48/charles-montgomery-burns.png,sentence_count,13.0
Mr. Burns,276,https://img.icons8.com/doodle/48/charles-montgomery-burns.png,sentence_count,3.0
Mr. Burns,277,https://img.icons8.com/doodle/48/charles-montgomery-burns.png,sentence_count,4.0
Mr. Burns,278,https://img.icons8.com/doodle/48/charles-montgomery-burns.png,sentence_count,2.0
Mr. Burns,285,https://img.icons8.com/doodle/48/charles-montgomery-burns.png,sentence_count,23.0
Mr. Burns,286,https://img.icons8.com/doodle/48/charles-montgomery-burns.png,sentence_count,6.0
Mr. Burns,291,https://img.icons8.com/doodle/48/charles-montgomery-burns.png,sentence_count,1.0
Mr. Burns,292,https://img.icons8.com/doodle/48/charles-montgomery-burns.png,sentence_count,1.0
Mr. Burns,295,https://img.icons8.com/doodle/48/charles-montgomery-burns.png,sentence_count,1.0
Mr. Burns,296,https://img.icons8.com/doodle/48/charles-montgomery-burns.png,sentence_count,1.0
Mr. Burns,299,https://img.icons8.com/doodle/48/charles-montgomery-burns.png,sentence_count,2.0
Mr. Burns,301,https://img.icons8.com/doodle/48/charles-montgomery-burns.png,sentence_count,2.0
Mr. Burns,305,https://img.icons8.com/doodle/48/charles-montgomery-burns.png,sentence_count,4.0
Mr. Burns,306,https://img.icons8.com/doodle/48/charles-montgomery-burns.png,sentence_count,35.0
Mr. Burns,309,https://img.icons8.com/doodle/48/charles-montgomery-burns.png,sentence_count,2.0
Mr. Burns,311,https://img.icons8.com/doodle/48/charles-montgomery-burns.png,sentence_count,4.0
Mr. Burns,312,https://img.icons8.com/doodle/48/charles-montgomery-burns.png,sentence_count,1.0
Mr. Burns,313,https://img.icons8.com/doodle/48/charles-montgomery-burns.png,sentence_count,1.0
Mr. Burns,315,https://img.icons8.com/doodle/48/charles-montgomery-burns.png,sentence_count,11.0
Mr. Burns,317,https://img.icons8.com/doodle/48/charles-montgomery-burns.png,sentence_count,11.0
Mr. Burns,318,https://img.icons8.com/doodle/48/charles-montgomery-burns.png,sentence_count,1.0
Mr. Burns,320,https://img.icons8.com/doodle/48/charles-montgomery-burns.png,sentence_count,6.0
Mr. Burns,321,https://img.icons8.com/doodle/48/charles-montgomery-burns.png,sentence_count,2.0
Mr. Burns,323,https://img.icons8.com/doodle/48/charles-montgomery-burns.png,sentence_count,2.0
Mr. Burns,325,https://img.icons8.com/doodle/48/charles-montgomery-burns.png,sentence_count,2.0
Mr. Burns,329,https://img.icons8.com/doodle/48/charles-montgomery-burns.png,sentence_count,2.0
Mr. Burns,332,https://img.icons8.com/doodle/48/charles-montgomery-burns.png,sentence_count,23.0
Mr. Burns,335,https://img.icons8.com/doodle/48/charles-montgomery-burns.png,sentence_count,57.0
Mr. Burns,336,https://img.icons8.com/doodle/48/charles-montgomery-burns.png,sentence_count,8.0
Mr. Burns,340,https://img.icons8.com/doodle/48/charles-montgomery-burns.png,sentence_count,7.0
Mr. Burns,341,https://img.icons8.com/doodle/48/charles-montgomery-burns.png,sentence_count,29.0
Mr. Burns,343,https://img.icons8.com/doodle/48/charles-montgomery-burns.png,sentence_count,8.0
Mr. Burns,347,https://img.icons8.com/doodle/48/charles-montgomery-burns.png,sentence_count,6.0
Mr. Burns,349,https://img.icons8.com/doodle/48/charles-montgomery-burns.png,sentence_count,16.0
Mr. Burns,350,https://img.icons8.com/doodle/48/charles-montgomery-burns.png,sentence_count,4.0
Mr. Burns,357,https://img.icons8.com/doodle/48/charles-montgomery-burns.png,sentence_count,3.0
Mr. Burns,360,https://img.icons8.com/doodle/48/charles-montgomery-burns.png,sentence_count,11.0
Mr. Burns,363,https://img.icons8.com/doodle/48/charles-montgomery-burns.png,sentence_count,12.0
Mr. Burns,364,https://img.icons8.com/doodle/48/charles-montgomery-burns.png,sentence_count,13.0
Mr. Burns,365,https://img.icons8.com/doodle/48/charles-montgomery-burns.png,sentence_count,13.0
Mr. Burns,369,https://img.icons8.com/doodle/48/charles-montgomery-burns.png,sentence_count,40.0
Mr. Burns,370,https://img.icons8.com/doodle/48/charles-montgomery-burns.png,sentence_count,2.0
Mr. Burns,373,https://img.icons8.com/doodle/48/charles-montgomery-burns.png,sentence_count,25.0
Mr. Burns,374,https://img.icons8.com/doodle/48/charles-montgomery-burns.png,sentence_count,3.0
Mr. Burns,383,https://img.icons8.com/doodle/48/charles-montgomery-burns.png,sentence_count,1.0
Mr. Burns,385,https://img.icons8.com/doodle/48/charles-montgomery-burns.png,sentence_count,9.0
Mr. Burns,387,https://img.icons8.com/doodle/48/charles-montgomery-burns.png,sentence_count,5.0
Mr. Burns,389,https://img.icons8.com/doodle/48/charles-montgomery-burns.png,sentence_count,6.0
Mr. Burns,390,https://img.icons8.com/doodle/48/charles-montgomery-burns.png,sentence_count,1.0
Mr. Burns,391,https://img.icons8.com/doodle/48/charles-montgomery-burns.png,sentence_count,9.0
Mr. Burns,394,https://img.icons8.com/doodle/48/charles-montgomery-burns.png,sentence_count,1.0
Mr. Burns,395,https://img.icons8.com/doodle/48/charles-montgomery-burns.png,sentence_count,1.0
Mr. Burns,396,https://img.icons8.com/doodle/48/charles-montgomery-burns.png,sentence_count,2.0
Mr. Burns,397,https://img.icons8.com/doodle/48/charles-montgomery-burns.png,sentence_count,8.0
Mr. Burns,399,https://img.icons8.com/doodle/48/charles-montgomery-burns.png,sentence_count,2.0
Mr. Burns,400,https://img.icons8.com/doodle/48/charles-montgomery-burns.png,sentence_count,1.0
Mr. Burns,401,https://img.icons8.com/doodle/48/charles-montgomery-burns.png,sentence_count,24.0
Mr. Burns,402,https://img.icons8.com/doodle/48/charles-montgomery-burns.png,sentence_count,10.0
Mr. Burns,405,https://img.icons8.com/doodle/48/charles-montgomery-burns.png,sentence_count,3.0
Mr. Burns,410,https://img.icons8.com/doodle/48/charles-montgomery-burns.png,sentence_count,2.0
Mr. Burns,419,https://img.icons8.com/doodle/48/charles-montgomery-burns.png,sentence_count,10.0
Mr. Burns,420,https://img.icons8.com/doodle/48/charles-montgomery-burns.png,sentence_count,8.0
Mr. Burns,421,https://img.icons8.com/doodle/48/charles-montgomery-burns.png,sentence_count,1.0
Mr. Burns,423,https://img.icons8.com/doodle/48/charles-montgomery-burns.png,sentence_count,14.0
Mr. Burns,428,https://img.icons8.com/doodle/48/charles-montgomery-burns.png,sentence_count,54.0
Mr. Burns,430,https://img.icons8.com/doodle/48/charles-montgomery-burns.png,sentence_count,4.0
Mr. Burns,431,https://img.icons8.com/doodle/48/charles-montgomery-burns.png,sentence_count,1.0
Mr. Burns,432,https://img.icons8.com/doodle/48/charles-montgomery-burns.png,sentence_count,3.0
Mr. Burns,433,https://img.icons8.com/doodle/48/charles-montgomery-burns.png,sentence_count,11.0
Mr. Burns,444,https://img.icons8.com/doodle/48/charles-montgomery-burns.png,sentence_count,3.0
Mr. Burns,446,https://img.icons8.com/doodle/48/charles-montgomery-burns.png,sentence_count,4.0
Mr. Burns,450,https://img.icons8.com/doodle/48/charles-montgomery-burns.png,sentence_count,4.0
Mr. Burns,451,https://img.icons8.com/doodle/48/charles-montgomery-burns.png,sentence_count,12.0
Mr. Burns,452,https://img.icons8.com/doodle/48/charles-montgomery-burns.png,sentence_count,4.0
Mr. Burns,453,https://img.icons8.com/doodle/48/charles-montgomery-burns.png,sentence_count,4.0
Mr. Burns,454,https://img.icons8.com/doodle/48/charles-montgomery-burns.png,sentence_count,13.0
Mr. Burns,458,https://img.icons8.com/doodle/48/charles-montgomery-burns.png,sentence_count,67.0
Mr. Burns,461,https://img.icons8.com/doodle/48/charles-montgomery-burns.png,sentence_count,3.0
Mr. Burns,464,https://img.icons8.com/doodle/48/charles-montgomery-burns.png,sentence_count,1.0
Mr. Burns,467,https://img.icons8.com/doodle/48/charles-montgomery-burns.png,sentence_count,3.0
Mr. Burns,470,https://img.icons8.com/doodle/48/charles-montgomery-burns.png,sentence_count,47.0
Mr. Burns,471,https://img.icons8.com/doodle/48/charles-montgomery-burns.png,sentence_count,2.0
Mr. Burns,472,https://img.icons8.com/doodle/48/charles-montgomery-burns.png,sentence_count,13.0
Mr. Burns,473,https://img.icons8.com/doodle/48/charles-montgomery-burns.png,sentence_count,2.0
Mr. Burns,475,https://img.icons8.com/doodle/48/charles-montgomery-burns.png,sentence_count,16.0
Mr. Burns,477,https://img.icons8.com/doodle/48/charles-montgomery-burns.png,sentence_count,4.0
Mr. Burns,479,https://img.icons8.com/doodle/48/charles-montgomery-burns.png,sentence_count,2.0
Mr. Burns,480,https://img.icons8.com/doodle/48/charles-montgomery-burns.png,sentence_count,1.0
Mr. Burns,481,https://img.icons8.com/doodle/48/charles-montgomery-burns.png,sentence_count,9.0
Mr. Burns,486,https://img.icons8.com/doodle/48/charles-montgomery-burns.png,sentence_count,1.0
Mr. Burns,487,https://img.icons8.com/doodle/48/charles-montgomery-burns.png,sentence_count,3.0
Mr. Burns,490,https://img.icons8.com/doodle/48/charles-montgomery-burns.png,sentence_count,8.0
Mr. Burns,493,https://img.icons8.com/doodle/48/charles-montgomery-burns.png,sentence_count,23.0
Mr. Burns,495,https://img.icons8.com/doodle/48/charles-montgomery-burns.png,sentence_count,1.0
Mr. Burns,496,https://img.icons8.com/doodle/48/charles-montgomery-burns.png,sentence_count,2.0
Mr. Burns,500,https://img.icons8.com/doodle/48/charles-montgomery-burns.png,sentence_count,3.0
Mr. Burns,501,https://img.icons8.com/doodle/48/charles-montgomery-burns.png,sentence_count,1.0
Mr. Burns,502,https://img.icons8.com/doodle/48/charles-montgomery-burns.png,sentence_count,10.0
Mr. Burns,503,https://img.icons8.com/doodle/48/charles-montgomery-burns.png,sentence_count,33.0
Mr. Burns,506,https://img.icons8.com/doodle/48/charles-montgomery-burns.png,sentence_count,7.0
Mr. Burns,509,https://img.icons8.com/doodle/48/charles-montgomery-burns.png,sentence_count,1.0
Mr. Burns,514,https://img.icons8.com/doodle/48/charles-montgomery-burns.png,sentence_count,3.0
Mr. Burns,515,https://img.icons8.com/doodle/48/charles-montgomery-burns.png,sentence_count,6.0
Mr. Burns,516,https://img.icons8.com/doodle/48/charles-montgomery-burns.png,sentence_count,23.0
Mr. Burns,518,https://img.icons8.com/doodle/48/charles-montgomery-burns.png,sentence_count,5.0
Mr. Burns,522,https://img.icons8.com/doodle/48/charles-montgomery-burns.png,sentence_count,38.0
Mr. Burns,523,https://img.icons8.com/doodle/48/charles-montgomery-burns.png,sentence_count,2.0
Mr. Burns,524,https://img.icons8.com/doodle/48/charles-montgomery-burns.png,sentence_count,45.0
Mr. Burns,531,https://img.icons8.com/doodle/48/charles-montgomery-burns.png,sentence_count,5.0
Mr. Burns,532,https://img.icons8.com/doodle/48/charles-montgomery-burns.png,sentence_count,16.0
Mr. Burns,533,https://img.icons8.com/doodle/48/charles-montgomery-burns.png,sentence_count,39.0
Mr. Burns,536,https://img.icons8.com/doodle/48/charles-montgomery-burns.png,sentence_count,10.0
Mr. Burns,541,https://img.icons8.com/doodle/48/charles-montgomery-burns.png,sentence_count,11.0
Mr. Burns,542,https://img.icons8.com/doodle/48/charles-montgomery-burns.png,sentence_count,2.0
Mr. Burns,548,https://img.icons8.com/doodle/48/charles-montgomery-burns.png,sentence_count,1.0
Mr. Burns,555,https://img.icons8.com/doodle/48/charles-montgomery-burns.png,sentence_count,5.0
Mr. Burns,556,https://img.icons8.com/doodle/48/charles-montgomery-burns.png,sentence_count,4.0
Mr. Burns,557,https://img.icons8.com/doodle/48/charles-montgomery-burns.png,sentence_count,50.0
Mr. Burns,558,https://img.icons8.com/doodle/48/charles-montgomery-burns.png,sentence_count,1.0
Mr. Burns,561,https://img.icons8.com/doodle/48/charles-montgomery-burns.png,sentence_count,5.0
Mr. Burns,563,https://img.icons8.com/doodle/48/charles-montgomery-burns.png,sentence_count,1.0
Mr. Burns,564,https://img.icons8.com/doodle/48/charles-montgomery-burns.png,sentence_count,41.0
Mr. Burns,565,https://img.icons8.com/doodle/48/charles-montgomery-burns.png,sentence_count,2.0
Mr. Burns,566,https://img.icons8.com/doodle/48/charles-montgomery-burns.png,sentence_count,8.0
Mr. Burns,567,https://img.icons8.com/doodle/48/charles-montgomery-burns.png,sentence_count,28.0
